year,state,district,district_source,fruit_code,fruit_local,fruit_english,fruit_raw,fruit_category,planted_area_ha,harvested_area_ha,production_mt,value_rm000,yield_mt_per_ha,source_pdf,source_pdf_page,prediction
2016,Sabah,Beaufort,Beaufort,BELIMBING,BELIMBING,Starfruit,BELIMBING / Starfruit,major,0.0,0.0,0.0,0.0,0.0,statistik_tanaman_buah_2016.pdf,142,0.0
2016,Sabah,Beaufort,Beaufort,BETIK,BETIK,Papaya,BETIK / Papaya,major,0.0,0.0,0.0,0.0,0.0,statistik_tanaman_buah_2016.pdf,142,0.0
2016,Sabah,Beaufort,Beaufort,CEMPEDAK,CEMPEDAK,Cempedak,CEMPEDAK,major,140.0,73.5,389.6,974.0,5.300680272108844,statistik_tanaman_buah_2016.pdf,143,5.254738067131306
2016,Sabah,Beaufort,Beaufort,CIKU,CIKU,Ciku,CIKU / Sapodilla,major,0.0,0.0,0.0,0.0,0.0,statistik_tanaman_buah_2016.pdf,143,0.0
2016,Sabah,Beaufort,Beaufort,DOKONG,DOKONG,Dokong,DOKONG / (Dokong),major,0.5,0.5,4.4,5.9,8.8,statistik_tanaman_buah_2016.pdf,144,8.941111111111125
2016,Sabah,Beaufort,Beaufort,DUKU,DUKU,Duku,DUKU / (Duku),major,8.0,8.0,68.4,100.9,8.55,statistik_tanaman_buah_2016.pdf,144,8.528160283247153
2016,Sabah,Beaufort,Beaufort,DURIAN,DURIAN,Durian,DURIAN / (Durian),major,169.8,70.8,474.4,3091.5,6.700564971751413,statistik_tanaman_buah_2016.pdf,145,6.5222156163294445
2016,Sabah,Beaufort,Beaufort,JAMBU_BATU,JAMBU BATU,Guava,JAMBU BATU / Guava,major,0.0,0.0,0.0,0.0,0.0,statistik_tanaman_buah_2016.pdf,145,0.0
2016,Sabah,Beaufort,Beaufort,LANGSAT,LANGSAT,Langsat,LANGSAT / (Langsat),major,48.0,44.0,338.8,762.3,7.7,statistik_tanaman_buah_2016.pdf,146,8.547397140128128
2016,Sabah,Beaufort,Beaufort,LIMAU_BESAR,LIMAU BESAR,Pomelo,LIMAU BESAR / Pomelo,major,3.0,3.0,28.6,67.2,9.533333333333331,statistik_tanaman_buah_2016.pdf,146,9.663737793177704
2016,Sabah,Beaufort,Beaufort,LIMAU_MANIS,LIMAU MANIS,Sweet Orange,LIMAU MANIS / Sweet Orange,major,6.4,6.4,25.5,164.5,3.984375,statistik_tanaman_buah_2016.pdf,147,3.9726272904825866
2016,Sabah,Beaufort,Beaufort,MANGGA,MANGGA,Mango,MANGGA / Mango,major,32.6,24.6,61.5,203.0,2.5,statistik_tanaman_buah_2016.pdf,147,2.5151189407100665
2016,Sabah,Beaufort,Beaufort,MANGGIS,MANGGIS,Mangosteen,MANGGIS / Mangosteen,major,39.7,36.0,306.0,1040.4,8.5,statistik_tanaman_buah_2016.pdf,148,9.061110914356737
2016,Sabah,Beaufort,Beaufort,MATA_NAGA,MATA NAGA,Dragon Fruit,MATA NAGA / Dragon Fruit,major,0.0,0.0,0.0,0.0,0.0,statistik_tanaman_buah_2016.pdf,148,0.0
2016,Sabah,Beaufort,Beaufort,NANAS,NANAS,Pineapple,NANAS / Pineapple,major,38.7,34.7,718.9,862.7,20.71757925072046,statistik_tanaman_buah_2016.pdf,149,20.689604178225277
2016,Sabah,Beaufort,Beaufort,NANGKA,NANGKA,Jackfruit,NANGKA / Jackfruit,major,8.0,7.4,55.8,107.4,7.5405405405405395,statistik_tanaman_buah_2016.pdf,149,7.3076175932831955
2016,Sabah,Beaufort,Beaufort,PISANG,PISANG,Banana,PISANG / Banana,major,47.8,43.8,449.2,786.1,10.255707762557078,statistik_tanaman_buah_2016.pdf,150,10.535754681379885
2016,Sabah,Beaufort,Beaufort,PULASAN,PULASAN,Pulasan,PULASAN / (Pulasan),major,0.0,0.0,0.0,0.0,0.0,statistik_tanaman_buah_2016.pdf,150,0.0
2016,Sabah,Beaufort,Beaufort,RAMBUTAN,RAMBUTAN,Rambutan,RAMBUTAN / (Rambutan),major,100.2,95.2,647.4,1100.6,6.800420168067227,statistik_tanaman_buah_2016.pdf,151,7.140332549888602
2016,Sabah,Beaufort,Beaufort,SALAK,SALAK,Salak,SALAK / (Salak),major,0.0,0.0,0.0,0.0,0.0,statistik_tanaman_buah_2016.pdf,151,0.0
2016,Sabah,Beaufort,Beaufort,TEMBIKAI,TEMBIKAI,Watermelon,TEMBIKAI / Water-melon,major,20.0,20.0,381.5,484.5,19.075,statistik_tanaman_buah_2016.pdf,152,18.924716805739983
2016,Sabah,Beluran,Beluran,BELIMBING,BELIMBING,Starfruit,BELIMBING / Starfruit,major,0.0,0.0,0.0,0.0,0.0,statistik_tanaman_buah_2016.pdf,142,0.0
2016,Sabah,Beluran,Beluran,BETIK,BETIK,Papaya,BETIK / Papaya,major,1.0,0.0,0.0,0.0,0.0,statistik_tanaman_buah_2016.pdf,142,0.0
2016,Sabah,Beluran,Beluran,CEMPEDAK,CEMPEDAK,Cempedak,CEMPEDAK,major,29.5,29.5,209.0,522.5,7.084745762711864,statistik_tanaman_buah_2016.pdf,143,7.920052512262631
2016,Sabah,Beluran,Beluran,CIKU,CIKU,Ciku,CIKU / Sapodilla,major,0.0,0.0,0.0,0.0,0.0,statistik_tanaman_buah_2016.pdf,143,0.0
2016,Sabah,Beluran,Beluran,DOKONG,DOKONG,Dokong,DOKONG / (Dokong),major,0.0,0.0,0.0,0.0,0.0,statistik_tanaman_buah_2016.pdf,144,0.0
2016,Sabah,Beluran,Beluran,DUKU,DUKU,Duku,DUKU / (Duku),major,0.0,0.0,0.0,0.0,0.0,statistik_tanaman_buah_2016.pdf,144,0.0
2016,Sabah,Beluran,Beluran,DURIAN,DURIAN,Durian,DURIAN / (Durian),major,28.6,20.6,216.0,1407.6,10.485436893203882,statistik_tanaman_buah_2016.pdf,145,10.471713901025028
2016,Sabah,Beluran,Beluran,JAMBU_BATU,JAMBU BATU,Guava,JAMBU BATU / Guava,major,0.0,0.0,0.0,0.0,0.0,statistik_tanaman_buah_2016.pdf,145,0.0
2016,Sabah,Beluran,Beluran,LANGSAT,LANGSAT,Langsat,LANGSAT / (Langsat),major,40.0,40.0,370.0,832.5,9.25,statistik_tanaman_buah_2016.pdf,146,9.176466255225627
2016,Sabah,Beluran,Beluran,LIMAU_BESAR,LIMAU BESAR,Pomelo,LIMAU BESAR / Pomelo,major,0.8,0.8,13.0,30.6,16.25,statistik_tanaman_buah_2016.pdf,146,15.760018518518518
2016,Sabah,Beluran,Beluran,LIMAU_MANIS,LIMAU MANIS,Sweet Orange,LIMAU MANIS / Sweet Orange,major,1.3,1.3,5.0,32.3,3.846153846153846,statistik_tanaman_buah_2016.pdf,147,3.9924462574462494
2016,Sabah,Beluran,Beluran,MANGGA,MANGGA,Mango,MANGGA / Mango,major,42.0,40.0,85.0,280.5,2.125,statistik_tanaman_buah_2016.pdf,147,2.202315449607779
2016,Sabah,Beluran,Beluran,MANGGIS,MANGGIS,Mangosteen,MANGGIS / Mangosteen,major,2.0,2.0,25.0,85.0,12.5,statistik_tanaman_buah_2016.pdf,148,11.972334967127704
2016,Sabah,Beluran,Beluran,MATA_NAGA,MATA NAGA,Dragon Fruit,MATA NAGA / Dragon Fruit,major,30.3,30.3,60.0,186.0,1.98019801980198,statistik_tanaman_buah_2016.pdf,148,2.0610490115761944
2016,Sabah,Beluran,Beluran,NANAS,NANAS,Pineapple,NANAS / Pineapple,major,10.0,10.0,130.0,156.0,13.0,statistik_tanaman_buah_2016.pdf,149,12.850137820587776
2016,Sabah,Beluran,Beluran,NANGKA,NANGKA,Jackfruit,NANGKA / Jackfruit,major,30.0,30.0,530.0,1020.3,17.666666666666668,statistik_tanaman_buah_2016.pdf,149,17.10110273011229
2016,Sabah,Beluran,Beluran,PISANG,PISANG,Banana,PISANG / Banana,major,73.7,57.7,1010.0,1767.5,17.504332755632582,statistik_tanaman_buah_2016.pdf,150,17.119982432132634
2016,Sabah,Beluran,Beluran,PULASAN,PULASAN,Pulasan,PULASAN / (Pulasan),major,0.0,0.0,0.0,0.0,0.0,statistik_tanaman_buah_2016.pdf,150,0.0
2016,Sabah,Beluran,Beluran,RAMBUTAN,RAMBUTAN,Rambutan,RAMBUTAN / (Rambutan),major,70.6,70.6,810.0,1377.0,11.473087818696884,statistik_tanaman_buah_2016.pdf,151,11.352182090936804
2016,Sabah,Beluran,Beluran,SALAK,SALAK,Salak,SALAK / (Salak),major,0.0,0.0,0.0,0.0,0.0,statistik_tanaman_buah_2016.pdf,151,0.0
2016,Sabah,Beluran,Beluran,TEMBIKAI,TEMBIKAI,Watermelon,TEMBIKAI / Water-melon,major,5.0,5.0,80.0,101.6,16.0,statistik_tanaman_buah_2016.pdf,152,16.28376695942487
2016,Sabah,Keningau,Keningau,BELIMBING,BELIMBING,Starfruit,BELIMBING / Starfruit,major,0.0,0.0,0.0,0.0,0.0,statistik_tanaman_buah_2016.pdf,142,0.0
2016,Sabah,Keningau,Keningau,BETIK,BETIK,Papaya,BETIK / Papaya,major,63.4,33.4,319.2,489.4,9.55688622754491,statistik_tanaman_buah_2016.pdf,142,12.726734519957878
2016,Sabah,Keningau,Keningau,CEMPEDAK,CEMPEDAK,Cempedak,CEMPEDAK,major,6.0,6.0,21.6,54.0,3.6,statistik_tanaman_buah_2016.pdf,143,3.622045101314865
2016,Sabah,Keningau,Keningau,CIKU,CIKU,Ciku,CIKU / Sapodilla,major,1.5,1.5,1.2,2.5,0.7999999999999999,statistik_tanaman_buah_2016.pdf,143,0.8192105209605227
2016,Sabah,Keningau,Keningau,DOKONG,DOKONG,Dokong,DOKONG / (Dokong),major,0.0,0.0,0.0,0.0,0.0,statistik_tanaman_buah_2016.pdf,144,0.0
2016,Sabah,Keningau,Keningau,DUKU,DUKU,Duku,DUKU / (Duku),major,7.0,0.0,0.0,0.0,0.0,statistik_tanaman_buah_2016.pdf,144,0.0
2016,Sabah,Keningau,Keningau,DURIAN,DURIAN,Durian,DURIAN / (Durian),major,145.5,135.0,993.6,6475.0,7.36,statistik_tanaman_buah_2016.pdf,145,7.834140342859026
2016,Sabah,Keningau,Keningau,JAMBU_BATU,JAMBU BATU,Guava,JAMBU BATU / Guava,major,2.8,2.8,20.0,43.5,7.142857142857143,statistik_tanaman_buah_2016.pdf,145,7.318812144751795
2016,Sabah,Keningau,Keningau,LANGSAT,LANGSAT,Langsat,LANGSAT / (Langsat),major,3.2,2.5,14.3,32.2,5.720000000000001,statistik_tanaman_buah_2016.pdf,146,5.879802387308209
2016,Sabah,Keningau,Keningau,LIMAU_BESAR,LIMAU BESAR,Pomelo,LIMAU BESAR / Pomelo,major,1.6,1.6,4.9,11.5,3.0625,statistik_tanaman_buah_2016.pdf,146,2.8810225769647686
2016,Sabah,Keningau,Keningau,LIMAU_MANIS,LIMAU MANIS,Sweet Orange,LIMAU MANIS / Sweet Orange,major,1.6,1.6,4.3,27.7,2.6875,statistik_tanaman_buah_2016.pdf,147,2.696272280692413
2016,Sabah,Keningau,Keningau,MANGGA,MANGGA,Mango,MANGGA / Mango,major,6.0,6.0,12.0,39.6,2.0,statistik_tanaman_buah_2016.pdf,147,2.0802350122422193
2016,Sabah,Keningau,Keningau,MANGGIS,MANGGIS,Mangosteen,MANGGIS / Mangosteen,major,8.0,8.0,59.2,201.3,7.4,statistik_tanaman_buah_2016.pdf,148,7.499768480905322
2016,Sabah,Keningau,Keningau,MATA_NAGA,MATA NAGA,Dragon Fruit,MATA NAGA / Dragon Fruit,major,2.0,2.0,9.4,29.1,4.7,statistik_tanaman_buah_2016.pdf,148,4.658646869699521
2016,Sabah,Keningau,Keningau,NANAS,NANAS,Pineapple,NANAS / Pineapple,major,28.0,10.0,63.0,75.6,6.3,statistik_tanaman_buah_2016.pdf,149,6.464517514516924
2016,Sabah,Keningau,Keningau,NANGKA,NANGKA,Jackfruit,NANGKA / Jackfruit,major,0.0,0.0,0.0,0.0,0.0,statistik_tanaman_buah_2016.pdf,149,0.0
2016,Sabah,Keningau,Keningau,PISANG,PISANG,Banana,PISANG / Banana,major,64.0,45.0,792.0,1386.0,17.6,statistik_tanaman_buah_2016.pdf,150,17.716869294679068
2016,Sabah,Keningau,Keningau,PULASAN,PULASAN,Pulasan,PULASAN / (Pulasan),major,0.0,0.0,0.0,0.0,0.0,statistik_tanaman_buah_2016.pdf,150,0.0
2016,Sabah,Keningau,Keningau,RAMBUTAN,RAMBUTAN,Rambutan,RAMBUTAN / (Rambutan),major,20.0,20.0,144.2,245.1,7.209999999999999,statistik_tanaman_buah_2016.pdf,151,7.414587490725809
2016,Sabah,Keningau,Keningau,SALAK,SALAK,Salak,SALAK / (Salak),major,0.0,0.0,0.0,0.0,0.0,statistik_tanaman_buah_2016.pdf,151,0.0
2016,Sabah,Keningau,Keningau,TEMBIKAI,TEMBIKAI,Watermelon,TEMBIKAI / Water-melon,major,0.0,0.0,0.0,0.0,0.0,statistik_tanaman_buah_2016.pdf,152,0.0
2016,Sabah,Kinabatangan,Kinabatangan,BELIMBING,BELIMBING,Starfruit,BELIMBING / Starfruit,major,0.0,0.0,0.0,0.0,0.0,statistik_tanaman_buah_2016.pdf,142,0.0
2016,Sabah,Kinabatangan,Kinabatangan,BETIK,BETIK,Papaya,BETIK / Papaya,major,0.0,0.0,0.0,0.0,0.0,statistik_tanaman_buah_2016.pdf,142,0.0
2016,Sabah,Kinabatangan,Kinabatangan,CEMPEDAK,CEMPEDAK,Cempedak,CEMPEDAK,major,6.0,2.0,3.0,7.5,1.5,statistik_tanaman_buah_2016.pdf,143,1.539020214991384
2016,Sabah,Kinabatangan,Kinabatangan,CIKU,CIKU,Ciku,CIKU / Sapodilla,major,0.0,0.0,0.0,0.0,0.0,statistik_tanaman_buah_2016.pdf,143,0.0
2016,Sabah,Kinabatangan,Kinabatangan,DOKONG,DOKONG,Dokong,DOKONG / (Dokong),major,0.0,0.0,0.0,0.0,0.0,statistik_tanaman_buah_2016.pdf,144,0.0
2016,Sabah,Kinabatangan,Kinabatangan,DUKU,DUKU,Duku,DUKU / (Duku),major,4.4,0.0,0.0,0.0,0.0,statistik_tanaman_buah_2016.pdf,144,0.0
2016,Sabah,Kinabatangan,Kinabatangan,DURIAN,DURIAN,Durian,DURIAN / (Durian),major,105.4,34.0,241.5,1573.8,7.102941176470588,statistik_tanaman_buah_2016.pdf,145,6.763096039518526
2016,Sabah,Kinabatangan,Kinabatangan,JAMBU_BATU,JAMBU BATU,Guava,JAMBU BATU / Guava,major,0.0,0.0,0.0,0.0,0.0,statistik_tanaman_buah_2016.pdf,145,0.0
2016,Sabah,Kinabatangan,Kinabatangan,LANGSAT,LANGSAT,Langsat,LANGSAT / (Langsat),major,8.4,1.0,0.5,1.1,0.5,statistik_tanaman_buah_2016.pdf,146,0.46897222222222223
2016,Sabah,Kinabatangan,Kinabatangan,LIMAU_BESAR,LIMAU BESAR,Pomelo,LIMAU BESAR / Pomelo,major,0.0,0.0,0.0,0.0,0.0,statistik_tanaman_buah_2016.pdf,146,0.0
2016,Sabah,Kinabatangan,Kinabatangan,LIMAU_MANIS,LIMAU MANIS,Sweet Orange,LIMAU MANIS / Sweet Orange,major,0.0,0.0,0.0,0.0,0.0,statistik_tanaman_buah_2016.pdf,147,0.0
2016,Sabah,Kinabatangan,Kinabatangan,MANGGA,MANGGA,Mango,MANGGA / Mango,major,5.8,1.0,1.7,5.6,1.7,statistik_tanaman_buah_2016.pdf,147,1.6794168541010608
2016,Sabah,Kinabatangan,Kinabatangan,MANGGIS,MANGGIS,Mangosteen,MANGGIS / Mangosteen,major,0.0,0.0,0.0,0.0,0.0,statistik_tanaman_buah_2016.pdf,148,0.0
2016,Sabah,Kinabatangan,Kinabatangan,MATA_NAGA,MATA NAGA,Dragon Fruit,MATA NAGA / Dragon Fruit,major,0.0,0.0,0.0,0.0,0.0,statistik_tanaman_buah_2016.pdf,148,0.0
2016,Sabah,Kinabatangan,Kinabatangan,NANAS,NANAS,Pineapple,NANAS / Pineapple,major,2.0,0.0,0.0,0.0,0.0,statistik_tanaman_buah_2016.pdf,149,0.0
2016,Sabah,Kinabatangan,Kinabatangan,NANGKA,NANGKA,Jackfruit,NANGKA / Jackfruit,major,1.0,1.0,0.8,1.5,0.8,statistik_tanaman_buah_2016.pdf,149,0.7735555555555578
2016,Sabah,Kinabatangan,Kinabatangan,PISANG,PISANG,Banana,PISANG / Banana,major,20.0,12.0,89.0,155.8,7.416666666666667,statistik_tanaman_buah_2016.pdf,150,7.717011128077693
2016,Sabah,Kinabatangan,Kinabatangan,PULASAN,PULASAN,Pulasan,PULASAN / (Pulasan),major,0.0,0.0,0.0,0.0,0.0,statistik_tanaman_buah_2016.pdf,150,0.0
2016,Sabah,Kinabatangan,Kinabatangan,RAMBUTAN,RAMBUTAN,Rambutan,RAMBUTAN / (Rambutan),major,28.4,10.0,5.0,8.5,0.5,statistik_tanaman_buah_2016.pdf,151,0.5358997007114534
2016,Sabah,Kinabatangan,Kinabatangan,SALAK,SALAK,Salak,SALAK / (Salak),major,0.0,0.0,0.0,0.0,0.0,statistik_tanaman_buah_2016.pdf,151,0.0
2016,Sabah,Kinabatangan,Kinabatangan,TEMBIKAI,TEMBIKAI,Watermelon,TEMBIKAI / Water-melon,major,0.0,0.0,0.0,0.0,0.0,statistik_tanaman_buah_2016.pdf,152,0.0
2016,Sabah,Kota Belud,Kota Belud,BELIMBING,BELIMBING,Starfruit,BELIMBING / Starfruit,major,6.5,6.5,32.0,79.2,4.923076923076923,statistik_tanaman_buah_2016.pdf,142,4.968805703372463
2016,Sabah,Kota Belud,Kota Belud,BETIK,BETIK,Papaya,BETIK / Papaya,major,8.5,8.0,168.0,257.6,21.0,statistik_tanaman_buah_2016.pdf,142,20.56201040566075
2016,Sabah,Kota Belud,Kota Belud,CEMPEDAK,CEMPEDAK,Cempedak,CEMPEDAK,major,124.0,110.0,210.0,525.0,1.9090909090909087,statistik_tanaman_buah_2016.pdf,143,2.0049439675036522
2016,Sabah,Kota Belud,Kota Belud,CIKU,CIKU,Ciku,CIKU / Sapodilla,major,2.5,2.5,1.5,3.2,0.6,statistik_tanaman_buah_2016.pdf,143,0.6545033781033761
2016,Sabah,Kota Belud,Kota Belud,DOKONG,DOKONG,Dokong,DOKONG / (Dokong),major,0.5,0.5,0.5,0.7,1.0,statistik_tanaman_buah_2016.pdf,144,0.9845714285714291
2016,Sabah,Kota Belud,Kota Belud,DUKU,DUKU,Duku,DUKU / (Duku),major,1.0,1.0,2.0,3.0,2.0,statistik_tanaman_buah_2016.pdf,144,2.0177063492063496
2016,Sabah,Kota Belud,Kota Belud,DURIAN,DURIAN,Durian,DURIAN / (Durian),major,210.0,115.0,967.5,6304.9,8.41304347826087,statistik_tanaman_buah_2016.pdf,145,8.281295886467115
2016,Sabah,Kota Belud,Kota Belud,JAMBU_BATU,JAMBU BATU,Guava,JAMBU BATU / Guava,major,1.8,1.8,14.4,31.3,8.0,statistik_tanaman_buah_2016.pdf,145,8.047627255630507
2016,Sabah,Kota Belud,Kota Belud,LANGSAT,LANGSAT,Langsat,LANGSAT / (Langsat),major,113.0,95.0,390.0,877.5,4.105263157894737,statistik_tanaman_buah_2016.pdf,146,4.4033079507650985
2016,Sabah,Kota Belud,Kota Belud,LIMAU_BESAR,LIMAU BESAR,Pomelo,LIMAU BESAR / Pomelo,major,2.0,0.5,2.0,4.7,4.0,statistik_tanaman_buah_2016.pdf,146,4.1057142857142885
2016,Sabah,Kota Belud,Kota Belud,LIMAU_MANIS,LIMAU MANIS,Sweet Orange,LIMAU MANIS / Sweet Orange,major,5.6,5.0,10.0,64.5,2.0,statistik_tanaman_buah_2016.pdf,147,1.9791205387205388
2016,Sabah,Kota Belud,Kota Belud,MANGGA,MANGGA,Mango,MANGGA / Mango,major,155.0,40.0,160.0,528.0,4.0,statistik_tanaman_buah_2016.pdf,147,4.162422294683157
2016,Sabah,Kota Belud,Kota Belud,MANGGIS,MANGGIS,Mangosteen,MANGGIS / Mangosteen,major,10.0,10.0,15.0,51.0,1.5,statistik_tanaman_buah_2016.pdf,148,1.5867309945705277
2016,Sabah,Kota Belud,Kota Belud,MATA_NAGA,MATA NAGA,Dragon Fruit,MATA NAGA / Dragon Fruit,major,5.5,5.0,50.0,155.0,10.0,statistik_tanaman_buah_2016.pdf,148,10.031806181200302
2016,Sabah,Kota Belud,Kota Belud,NANAS,NANAS,Pineapple,NANAS / Pineapple,major,215.0,180.0,2250.0,2700.0,12.5,statistik_tanaman_buah_2016.pdf,149,12.758045104053387
2016,Sabah,Kota Belud,Kota Belud,NANGKA,NANGKA,Jackfruit,NANGKA / Jackfruit,major,47.0,35.0,590.0,1135.8,16.857142857142858,statistik_tanaman_buah_2016.pdf,149,16.177695331393572
2016,Sabah,Kota Belud,Kota Belud,PISANG,PISANG,Banana,PISANG / Banana,major,660.0,495.0,5450.0,9537.5,11.01010101010101,statistik_tanaman_buah_2016.pdf,150,12.77394878338008
2016,Sabah,Kota Belud,Kota Belud,PULASAN,PULASAN,Pulasan,PULASAN / (Pulasan),major,0.0,0.0,0.0,0.0,0.0,statistik_tanaman_buah_2016.pdf,150,0.0
2016,Sabah,Kota Belud,Kota Belud,RAMBUTAN,RAMBUTAN,Rambutan,RAMBUTAN / (Rambutan),major,140.0,48.0,288.0,489.6,6.0,statistik_tanaman_buah_2016.pdf,151,6.265185354874967
2016,Sabah,Kota Belud,Kota Belud,SALAK,SALAK,Salak,SALAK / (Salak),major,0.0,0.0,0.0,0.0,0.0,statistik_tanaman_buah_2016.pdf,151,0.0
2016,Sabah,Kota Belud,Kota Belud,TEMBIKAI,TEMBIKAI,Watermelon,TEMBIKAI / Water-melon,major,28.0,13.0,141.8,180.1,10.907692307692308,statistik_tanaman_buah_2016.pdf,152,10.981731518890792
2016,Sabah,Kota Kinabalu,Kota Kinabalu,BELIMBING,BELIMBING,Starfruit,BELIMBING / Starfruit,major,0.0,0.0,0.0,0.0,0.0,statistik_tanaman_buah_2016.pdf,142,0.0
2016,Sabah,Kota Kinabalu,Kota Kinabalu,BETIK,BETIK,Papaya,BETIK / Papaya,major,0.0,0.0,0.0,0.0,0.0,statistik_tanaman_buah_2016.pdf,142,0.0
2016,Sabah,Kota Kinabalu,Kota Kinabalu,CEMPEDAK,CEMPEDAK,Cempedak,CEMPEDAK,major,3.1,2.7,5.4,13.5,2.0,statistik_tanaman_buah_2016.pdf,143,1.8925059105655393
2016,Sabah,Kota Kinabalu,Kota Kinabalu,CIKU,CIKU,Ciku,CIKU / Sapodilla,major,0.0,0.0,0.0,0.0,0.0,statistik_tanaman_buah_2016.pdf,143,0.0
2016,Sabah,Kota Kinabalu,Kota Kinabalu,DOKONG,DOKONG,Dokong,DOKONG / (Dokong),major,0.0,0.0,0.0,0.0,0.0,statistik_tanaman_buah_2016.pdf,144,0.0
2016,Sabah,Kota Kinabalu,Kota Kinabalu,DUKU,DUKU,Duku,DUKU / (Duku),major,1.7,0.4,0.7,1.0,1.7499999999999998,statistik_tanaman_buah_2016.pdf,144,1.859869047619047
2016,Sabah,Kota Kinabalu,Kota Kinabalu,DURIAN,DURIAN,Durian,DURIAN / (Durian),major,26.1,20.3,192.9,1257.1,9.502463054187192,statistik_tanaman_buah_2016.pdf,145,9.465160766506271
2016,Sabah,Kota Kinabalu,Kota Kinabalu,JAMBU_BATU,JAMBU BATU,Guava,JAMBU BATU / Guava,major,0.1,0.1,1.3,2.8,13.0,statistik_tanaman_buah_2016.pdf,145,11.004166666666666
2016,Sabah,Kota Kinabalu,Kota Kinabalu,LANGSAT,LANGSAT,Langsat,LANGSAT / (Langsat),major,12.6,10.9,67.4,151.7,6.183486238532111,statistik_tanaman_buah_2016.pdf,146,6.331591414788113
2016,Sabah,Kota Kinabalu,Kota Kinabalu,LIMAU_BESAR,LIMAU BESAR,Pomelo,LIMAU BESAR / Pomelo,major,0.0,0.0,0.0,0.0,0.0,statistik_tanaman_buah_2016.pdf,146,0.0
2016,Sabah,Kota Kinabalu,Kota Kinabalu,LIMAU_MANIS,LIMAU MANIS,Sweet Orange,LIMAU MANIS / Sweet Orange,major,0.2,0.2,0.7,4.5,3.5,statistik_tanaman_buah_2016.pdf,147,3.7464444444444447
2016,Sabah,Kota Kinabalu,Kota Kinabalu,MANGGA,MANGGA,Mango,MANGGA / Mango,major,0.3,0.2,0.8,2.6,4.0,statistik_tanaman_buah_2016.pdf,147,4.06861111111111
2016,Sabah,Kota Kinabalu,Kota Kinabalu,MANGGIS,MANGGIS,Mangosteen,MANGGIS / Mangosteen,major,6.5,6.0,84.0,285.6,14.0,statistik_tanaman_buah_2016.pdf,148,14.409135876591812
2016,Sabah,Kota Kinabalu,Kota Kinabalu,MATA_NAGA,MATA NAGA,Dragon Fruit,MATA NAGA / Dragon Fruit,major,0.1,0.1,0.2,0.6,2.0,statistik_tanaman_buah_2016.pdf,148,1.8433333333333333
2016,Sabah,Kota Kinabalu,Kota Kinabalu,NANAS,NANAS,Pineapple,NANAS / Pineapple,major,3.0,0.9,21.0,25.2,23.33333333333333,statistik_tanaman_buah_2016.pdf,149,20.666429398027102
2016,Sabah,Kota Kinabalu,Kota Kinabalu,NANGKA,NANGKA,Jackfruit,NANGKA / Jackfruit,major,1.5,1.1,11.0,21.2,10.0,statistik_tanaman_buah_2016.pdf,149,10.757015154779863
2016,Sabah,Kota Kinabalu,Kota Kinabalu,PISANG,PISANG,Banana,PISANG / Banana,major,0.0,0.0,0.0,0.0,0.0,statistik_tanaman_buah_2016.pdf,150,0.0
2016,Sabah,Kota Kinabalu,Kota Kinabalu,PULASAN,PULASAN,Pulasan,PULASAN / (Pulasan),major,0.0,0.0,0.0,0.0,0.0,statistik_tanaman_buah_2016.pdf,150,0.0
2016,Sabah,Kota Kinabalu,Kota Kinabalu,RAMBUTAN,RAMBUTAN,Rambutan,RAMBUTAN / (Rambutan),major,6.5,6.4,44.8,76.2,6.999999999999999,statistik_tanaman_buah_2016.pdf,151,6.957589890366578
2016,Sabah,Kota Kinabalu,Kota Kinabalu,SALAK,SALAK,Salak,SALAK / (Salak),major,0.0,0.0,0.0,0.0,0.0,statistik_tanaman_buah_2016.pdf,151,0.0
2016,Sabah,Kota Kinabalu,Kota Kinabalu,TEMBIKAI,TEMBIKAI,Watermelon,TEMBIKAI / Water-melon,major,0.0,0.0,0.0,0.0,0.0,statistik_tanaman_buah_2016.pdf,152,0.0
2016,Sabah,Kota Marudu,Kota Marudu,BELIMBING,BELIMBING,Starfruit,BELIMBING / Starfruit,major,0.6,0.4,4.5,11.1,11.25,statistik_tanaman_buah_2016.pdf,142,11.028833333333331
2016,Sabah,Kota Marudu,Kota Marudu,BETIK,BETIK,Papaya,BETIK / Papaya,major,0.4,0.4,6.1,9.4,15.249999999999998,statistik_tanaman_buah_2016.pdf,142,14.822833333333323
2016,Sabah,Kota Marudu,Kota Marudu,CEMPEDAK,CEMPEDAK,Cempedak,CEMPEDAK,major,12.4,10.4,9.0,22.5,0.8653846153846153,statistik_tanaman_buah_2016.pdf,143,0.8754951388017687
2016,Sabah,Kota Marudu,Kota Marudu,CIKU,CIKU,Ciku,CIKU / Sapodilla,major,0.4,0.4,1.0,2.1,2.5,statistik_tanaman_buah_2016.pdf,143,2.5014999999999996
2016,Sabah,Kota Marudu,Kota Marudu,DOKONG,DOKONG,Dokong,DOKONG / (Dokong),major,0.0,0.0,0.0,0.0,0.0,statistik_tanaman_buah_2016.pdf,144,0.0
2016,Sabah,Kota Marudu,Kota Marudu,DUKU,DUKU,Duku,DUKU / (Duku),major,10.0,3.0,6.0,8.9,2.0,statistik_tanaman_buah_2016.pdf,144,2.0217197121067936
2016,Sabah,Kota Marudu,Kota Marudu,DURIAN,DURIAN,Durian,DURIAN / (Durian),major,48.2,38.0,152.0,990.5,4.0,statistik_tanaman_buah_2016.pdf,145,4.447188155586573
2016,Sabah,Kota Marudu,Kota Marudu,JAMBU_BATU,JAMBU BATU,Guava,JAMBU BATU / Guava,major,2.0,2.0,25.3,55.0,12.65,statistik_tanaman_buah_2016.pdf,145,12.078488804899976
2016,Sabah,Kota Marudu,Kota Marudu,LANGSAT,LANGSAT,Langsat,LANGSAT / (Langsat),major,24.2,20.2,70.7,159.1,3.5000000000000004,statistik_tanaman_buah_2016.pdf,146,3.507431516049886
2016,Sabah,Kota Marudu,Kota Marudu,LIMAU_BESAR,LIMAU BESAR,Pomelo,LIMAU BESAR / Pomelo,major,2.2,1.9,6.4,15.0,3.368421052631579,statistik_tanaman_buah_2016.pdf,146,3.5453493591966048
2016,Sabah,Kota Marudu,Kota Marudu,LIMAU_MANIS,LIMAU MANIS,Sweet Orange,LIMAU MANIS / Sweet Orange,major,2.7,2.4,12.0,77.4,5.0,statistik_tanaman_buah_2016.pdf,147,5.083347097334066
2016,Sabah,Kota Marudu,Kota Marudu,MANGGA,MANGGA,Mango,MANGGA / Mango,major,13.3,12.0,18.2,60.1,1.5166666666666666,statistik_tanaman_buah_2016.pdf,147,1.6384350973166677
2016,Sabah,Kota Marudu,Kota Marudu,MANGGIS,MANGGIS,Mangosteen,MANGGIS / Mangosteen,major,5.6,5.4,55.1,187.3,10.203703703703704,statistik_tanaman_buah_2016.pdf,148,10.124087394517497
2016,Sabah,Kota Marudu,Kota Marudu,MATA_NAGA,MATA NAGA,Dragon Fruit,MATA NAGA / Dragon Fruit,major,0.0,0.0,0.0,0.0,0.0,statistik_tanaman_buah_2016.pdf,148,0.0
2016,Sabah,Kota Marudu,Kota Marudu,NANAS,NANAS,Pineapple,NANAS / Pineapple,major,5.0,5.0,35.2,42.2,7.040000000000001,statistik_tanaman_buah_2016.pdf,149,7.211468282141368
2016,Sabah,Kota Marudu,Kota Marudu,NANGKA,NANGKA,Jackfruit,NANGKA / Jackfruit,major,9.3,8.0,105.0,202.1,13.125,statistik_tanaman_buah_2016.pdf,149,13.013180321456701
2016,Sabah,Kota Marudu,Kota Marudu,PISANG,PISANG,Banana,PISANG / Banana,major,238.9,116.9,3690.0,6457.5,31.565440547476477,statistik_tanaman_buah_2016.pdf,150,27.811549189898983
2016,Sabah,Kota Marudu,Kota Marudu,PULASAN,PULASAN,Pulasan,PULASAN / (Pulasan),major,0.0,0.0,0.0,0.0,0.0,statistik_tanaman_buah_2016.pdf,150,0.0
2016,Sabah,Kota Marudu,Kota Marudu,RAMBUTAN,RAMBUTAN,Rambutan,RAMBUTAN / (Rambutan),major,21.6,18.2,50.0,85.0,2.7472527472527477,statistik_tanaman_buah_2016.pdf,151,2.721431366200212
2016,Sabah,Kota Marudu,Kota Marudu,SALAK,SALAK,Salak,SALAK / (Salak),major,0.0,0.0,0.0,0.0,0.0,statistik_tanaman_buah_2016.pdf,151,0.0
2016,Sabah,Kota Marudu,Kota Marudu,TEMBIKAI,TEMBIKAI,Watermelon,TEMBIKAI / Water-melon,major,3.2,3.2,20.0,25.4,6.25,statistik_tanaman_buah_2016.pdf,152,6.388307164272853
2016,Sabah,Kuala Penyu,Kuala Penyu,BELIMBING,BELIMBING,Starfruit,BELIMBING / Starfruit,major,0.0,0.0,0.0,0.0,0.0,statistik_tanaman_buah_2016.pdf,142,0.0
2016,Sabah,Kuala Penyu,Kuala Penyu,BETIK,BETIK,Papaya,BETIK / Papaya,major,0.0,0.0,0.0,0.0,0.0,statistik_tanaman_buah_2016.pdf,142,0.0
2016,Sabah,Kuala Penyu,Kuala Penyu,CEMPEDAK,CEMPEDAK,Cempedak,CEMPEDAK,major,4.5,4.5,8.9,22.3,1.9777777777777776,statistik_tanaman_buah_2016.pdf,143,1.9431120344456512
2016,Sabah,Kuala Penyu,Kuala Penyu,CIKU,CIKU,Ciku,CIKU / Sapodilla,major,0.0,0.0,0.0,0.0,0.0,statistik_tanaman_buah_2016.pdf,143,0.0
2016,Sabah,Kuala Penyu,Kuala Penyu,DOKONG,DOKONG,Dokong,DOKONG / (Dokong),major,0.0,0.0,0.0,0.0,0.0,statistik_tanaman_buah_2016.pdf,144,0.0
2016,Sabah,Kuala Penyu,Kuala Penyu,DUKU,DUKU,Duku,DUKU / (Duku),major,0.0,0.0,0.0,0.0,0.0,statistik_tanaman_buah_2016.pdf,144,0.0
2016,Sabah,Kuala Penyu,Kuala Penyu,DURIAN,DURIAN,Durian,DURIAN / (Durian),major,26.0,5.0,47.5,309.5,9.5,statistik_tanaman_buah_2016.pdf,145,9.35332537411508
2016,Sabah,Kuala Penyu,Kuala Penyu,JAMBU_BATU,JAMBU BATU,Guava,JAMBU BATU / Guava,major,0.0,0.0,0.0,0.0,0.0,statistik_tanaman_buah_2016.pdf,145,0.0
2016,Sabah,Kuala Penyu,Kuala Penyu,LANGSAT,LANGSAT,Langsat,LANGSAT / (Langsat),major,0.0,0.0,0.0,0.0,0.0,statistik_tanaman_buah_2016.pdf,146,0.0
2016,Sabah,Kuala Penyu,Kuala Penyu,LIMAU_BESAR,LIMAU BESAR,Pomelo,LIMAU BESAR / Pomelo,major,0.0,0.0,0.0,0.0,0.0,statistik_tanaman_buah_2016.pdf,146,0.0
2016,Sabah,Kuala Penyu,Kuala Penyu,LIMAU_MANIS,LIMAU MANIS,Sweet Orange,LIMAU MANIS / Sweet Orange,major,0.0,0.0,0.0,0.0,0.0,statistik_tanaman_buah_2016.pdf,147,0.0
2016,Sabah,Kuala Penyu,Kuala Penyu,MANGGA,MANGGA,Mango,MANGGA / Mango,major,146.1,10.0,42.0,138.6,4.2,statistik_tanaman_buah_2016.pdf,147,4.23529024623193
2016,Sabah,Kuala Penyu,Kuala Penyu,MANGGIS,MANGGIS,Mangosteen,MANGGIS / Mangosteen,major,0.0,0.0,0.0,0.0,0.0,statistik_tanaman_buah_2016.pdf,148,0.0
2016,Sabah,Kuala Penyu,Kuala Penyu,MATA_NAGA,MATA NAGA,Dragon Fruit,MATA NAGA / Dragon Fruit,major,2.0,0.5,15.0,46.5,30.0,statistik_tanaman_buah_2016.pdf,148,25.11020346320347
2016,Sabah,Kuala Penyu,Kuala Penyu,NANAS,NANAS,Pineapple,NANAS / Pineapple,major,0.0,0.0,0.0,0.0,0.0,statistik_tanaman_buah_2016.pdf,149,0.0
2016,Sabah,Kuala Penyu,Kuala Penyu,NANGKA,NANGKA,Jackfruit,NANGKA / Jackfruit,major,0.0,0.0,0.0,0.0,0.0,statistik_tanaman_buah_2016.pdf,149,0.0
2016,Sabah,Kuala Penyu,Kuala Penyu,PISANG,PISANG,Banana,PISANG / Banana,major,16.1,4.0,88.0,154.0,22.0,statistik_tanaman_buah_2016.pdf,150,19.839072117806225
2016,Sabah,Kuala Penyu,Kuala Penyu,PULASAN,PULASAN,Pulasan,PULASAN / (Pulasan),major,0.0,0.0,0.0,0.0,0.0,statistik_tanaman_buah_2016.pdf,150,0.0
2016,Sabah,Kuala Penyu,Kuala Penyu,RAMBUTAN,RAMBUTAN,Rambutan,RAMBUTAN / (Rambutan),major,9.3,9.3,66.9,113.7,7.193548387096774,statistik_tanaman_buah_2016.pdf,151,7.199295642643001
2016,Sabah,Kuala Penyu,Kuala Penyu,SALAK,SALAK,Salak,SALAK / (Salak),major,0.0,0.0,0.0,0.0,0.0,statistik_tanaman_buah_2016.pdf,151,0.0
2016,Sabah,Kuala Penyu,Kuala Penyu,TEMBIKAI,TEMBIKAI,Watermelon,TEMBIKAI / Water-melon,major,0.0,0.0,0.0,0.0,0.0,statistik_tanaman_buah_2016.pdf,152,0.0
2016,Sabah,Kudat,Kudat,BELIMBING,BELIMBING,Starfruit,BELIMBING / Starfruit,major,1.0,1.0,2.9,7.2,2.9,statistik_tanaman_buah_2016.pdf,142,2.9667738095238074
2016,Sabah,Kudat,Kudat,BETIK,BETIK,Papaya,BETIK / Papaya,major,1.5,1.2,3.8,5.8,3.1666666666666665,statistik_tanaman_buah_2016.pdf,142,3.160892477892468
2016,Sabah,Kudat,Kudat,CEMPEDAK,CEMPEDAK,Cempedak,CEMPEDAK,major,4.6,2.7,9.5,23.8,3.518518518518518,statistik_tanaman_buah_2016.pdf,143,3.5489009895374237
2016,Sabah,Kudat,Kudat,CIKU,CIKU,Ciku,CIKU / Sapodilla,major,0.1,0.1,0.1,0.2,1.0,statistik_tanaman_buah_2016.pdf,143,1.04
2016,Sabah,Kudat,Kudat,DOKONG,DOKONG,Dokong,DOKONG / (Dokong),major,0.0,0.0,0.0,0.0,0.0,statistik_tanaman_buah_2016.pdf,144,0.0
2016,Sabah,Kudat,Kudat,DUKU,DUKU,Duku,DUKU / (Duku),major,0.0,0.0,0.0,0.0,0.0,statistik_tanaman_buah_2016.pdf,144,0.0
2016,Sabah,Kudat,Kudat,DURIAN,DURIAN,Durian,DURIAN / (Durian),major,7.7,5.0,6.0,39.1,1.2,statistik_tanaman_buah_2016.pdf,145,1.2290227803727751
2016,Sabah,Kudat,Kudat,JAMBU_BATU,JAMBU BATU,Guava,JAMBU BATU / Guava,major,0.9,0.9,3.7,8.0,4.111111111111112,statistik_tanaman_buah_2016.pdf,145,4.227281746031736
2016,Sabah,Kudat,Kudat,LANGSAT,LANGSAT,Langsat,LANGSAT / (Langsat),major,0.3,0.3,0.8,1.8,2.666666666666667,statistik_tanaman_buah_2016.pdf,146,2.654222222222218
2016,Sabah,Kudat,Kudat,LIMAU_BESAR,LIMAU BESAR,Pomelo,LIMAU BESAR / Pomelo,major,0.2,0.2,0.5,1.2,2.5,statistik_tanaman_buah_2016.pdf,146,2.606111111111111
2016,Sabah,Kudat,Kudat,LIMAU_MANIS,LIMAU MANIS,Sweet Orange,LIMAU MANIS / Sweet Orange,major,0.0,0.0,0.0,0.0,0.0,statistik_tanaman_buah_2016.pdf,147,0.0
2016,Sabah,Kudat,Kudat,MANGGA,MANGGA,Mango,MANGGA / Mango,major,24.3,18.0,52.0,171.6,2.888888888888889,statistik_tanaman_buah_2016.pdf,147,2.7425905267158743
2016,Sabah,Kudat,Kudat,MANGGIS,MANGGIS,Mangosteen,MANGGIS / Mangosteen,major,0.5,0.0,0.0,0.0,0.0,statistik_tanaman_buah_2016.pdf,148,0.0
2016,Sabah,Kudat,Kudat,MATA_NAGA,MATA NAGA,Dragon Fruit,MATA NAGA / Dragon Fruit,major,5.4,0.5,4.9,15.2,9.8,statistik_tanaman_buah_2016.pdf,148,8.732708754208755
2016,Sabah,Kudat,Kudat,NANAS,NANAS,Pineapple,NANAS / Pineapple,major,3.5,0.0,0.0,0.0,0.0,statistik_tanaman_buah_2016.pdf,149,0.0
2016,Sabah,Kudat,Kudat,NANGKA,NANGKA,Jackfruit,NANGKA / Jackfruit,major,7.1,6.5,15.3,29.5,2.353846153846154,statistik_tanaman_buah_2016.pdf,149,2.3575887974987513
2016,Sabah,Kudat,Kudat,PISANG,PISANG,Banana,PISANG / Banana,major,153.2,98.1,515.0,901.3,5.249745158002039,statistik_tanaman_buah_2016.pdf,150,5.909689552258434
2016,Sabah,Kudat,Kudat,PULASAN,PULASAN,Pulasan,PULASAN / (Pulasan),major,0.0,0.0,0.0,0.0,0.0,statistik_tanaman_buah_2016.pdf,150,0.0
2016,Sabah,Kudat,Kudat,RAMBUTAN,RAMBUTAN,Rambutan,RAMBUTAN / (Rambutan),major,8.7,6.5,19.0,32.3,2.923076923076923,statistik_tanaman_buah_2016.pdf,151,2.9010796762500823
2016,Sabah,Kudat,Kudat,SALAK,SALAK,Salak,SALAK / (Salak),major,0.0,0.0,0.0,0.0,0.0,statistik_tanaman_buah_2016.pdf,151,0.0
2016,Sabah,Kudat,Kudat,TEMBIKAI,TEMBIKAI,Watermelon,TEMBIKAI / Water-melon,major,7.0,7.0,59.3,75.3,8.471428571428572,statistik_tanaman_buah_2016.pdf,152,8.799440414530714
2016,Sabah,Kunak,Kunak,BELIMBING,BELIMBING,Starfruit,BELIMBING / Starfruit,major,0.0,0.0,0.0,0.0,0.0,statistik_tanaman_buah_2016.pdf,142,0.0
2016,Sabah,Kunak,Kunak,BETIK,BETIK,Papaya,BETIK / Papaya,major,0.4,0.4,8.3,12.7,20.75,statistik_tanaman_buah_2016.pdf,142,19.393949436897707
2016,Sabah,Kunak,Kunak,CEMPEDAK,CEMPEDAK,Cempedak,CEMPEDAK,major,2.0,0.0,0.0,0.0,0.0,statistik_tanaman_buah_2016.pdf,143,0.0
2016,Sabah,Kunak,Kunak,CIKU,CIKU,Ciku,CIKU / Sapodilla,major,0.0,0.0,0.0,0.0,0.0,statistik_tanaman_buah_2016.pdf,143,0.0
2016,Sabah,Kunak,Kunak,DOKONG,DOKONG,Dokong,DOKONG / (Dokong),major,0.0,0.0,0.0,0.0,0.0,statistik_tanaman_buah_2016.pdf,144,0.0
2016,Sabah,Kunak,Kunak,DUKU,DUKU,Duku,DUKU / (Duku),major,0.0,0.0,0.0,0.0,0.0,statistik_tanaman_buah_2016.pdf,144,0.0
2016,Sabah,Kunak,Kunak,DURIAN,DURIAN,Durian,DURIAN / (Durian),major,38.6,23.0,65.0,423.6,2.8260869565217392,statistik_tanaman_buah_2016.pdf,145,2.778200283941668
2016,Sabah,Kunak,Kunak,JAMBU_BATU,JAMBU BATU,Guava,JAMBU BATU / Guava,major,0.0,0.0,0.0,0.0,0.0,statistik_tanaman_buah_2016.pdf,145,0.0
2016,Sabah,Kunak,Kunak,LANGSAT,LANGSAT,Langsat,LANGSAT / (Langsat),major,5.0,5.0,25.0,56.3,5.0,statistik_tanaman_buah_2016.pdf,146,5.017883345844153
2016,Sabah,Kunak,Kunak,LIMAU_BESAR,LIMAU BESAR,Pomelo,LIMAU BESAR / Pomelo,major,0.0,0.0,0.0,0.0,0.0,statistik_tanaman_buah_2016.pdf,146,0.0
2016,Sabah,Kunak,Kunak,LIMAU_MANIS,LIMAU MANIS,Sweet Orange,LIMAU MANIS / Sweet Orange,major,2.0,0.0,0.0,0.0,0.0,statistik_tanaman_buah_2016.pdf,147,0.0
2016,Sabah,Kunak,Kunak,MANGGA,MANGGA,Mango,MANGGA / Mango,major,14.0,8.0,60.0,198.0,7.5,statistik_tanaman_buah_2016.pdf,147,7.44125221799834
2016,Sabah,Kunak,Kunak,MANGGIS,MANGGIS,Mangosteen,MANGGIS / Mangosteen,major,0.0,0.0,0.0,0.0,0.0,statistik_tanaman_buah_2016.pdf,148,0.0
2016,Sabah,Kunak,Kunak,MATA_NAGA,MATA NAGA,Dragon Fruit,MATA NAGA / Dragon Fruit,major,0.5,0.5,0.2,0.6,0.4,statistik_tanaman_buah_2016.pdf,148,0.5250158730158749
2016,Sabah,Kunak,Kunak,NANAS,NANAS,Pineapple,NANAS / Pineapple,major,2.0,2.0,9.2,11.0,4.6,statistik_tanaman_buah_2016.pdf,149,4.623011855247162
2016,Sabah,Kunak,Kunak,NANGKA,NANGKA,Jackfruit,NANGKA / Jackfruit,major,0.0,0.0,0.0,0.0,0.0,statistik_tanaman_buah_2016.pdf,149,0.0
2016,Sabah,Kunak,Kunak,PISANG,PISANG,Banana,PISANG / Banana,major,10.0,10.0,73.0,127.8,7.3,statistik_tanaman_buah_2016.pdf,150,7.347979265926181
2016,Sabah,Kunak,Kunak,PULASAN,PULASAN,Pulasan,PULASAN / (Pulasan),major,0.0,0.0,0.0,0.0,0.0,statistik_tanaman_buah_2016.pdf,150,0.0
2016,Sabah,Kunak,Kunak,RAMBUTAN,RAMBUTAN,Rambutan,RAMBUTAN / (Rambutan),major,4.0,0.0,0.0,0.0,0.0,statistik_tanaman_buah_2016.pdf,151,0.0
2016,Sabah,Kunak,Kunak,SALAK,SALAK,Salak,SALAK / (Salak),major,7.0,2.0,2.0,3.0,1.0,statistik_tanaman_buah_2016.pdf,151,0.997003357753358
2016,Sabah,Kunak,Kunak,TEMBIKAI,TEMBIKAI,Watermelon,TEMBIKAI / Water-melon,major,8.2,8.2,18.6,23.6,2.268292682926829,statistik_tanaman_buah_2016.pdf,152,2.3348826387580575
2016,Sabah,Lahad Datu,Lahad Datu,BELIMBING,BELIMBING,Starfruit,BELIMBING / Starfruit,major,1.0,1.0,5.0,12.4,5.0,statistik_tanaman_buah_2016.pdf,142,5.041442622192635
2016,Sabah,Lahad Datu,Lahad Datu,BETIK,BETIK,Papaya,BETIK / Papaya,major,13.0,13.0,215.2,330.0,16.553846153846152,statistik_tanaman_buah_2016.pdf,142,16.486396791765454
2016,Sabah,Lahad Datu,Lahad Datu,CEMPEDAK,CEMPEDAK,Cempedak,CEMPEDAK,major,15.0,7.0,28.0,70.0,4.0,statistik_tanaman_buah_2016.pdf,143,3.9966139550264552
2016,Sabah,Lahad Datu,Lahad Datu,CIKU,CIKU,Ciku,CIKU / Sapodilla,major,1.0,1.0,3.0,6.3,3.0,statistik_tanaman_buah_2016.pdf,143,2.999555555555556
2016,Sabah,Lahad Datu,Lahad Datu,DOKONG,DOKONG,Dokong,DOKONG / (Dokong),major,0.0,0.0,0.0,0.0,0.0,statistik_tanaman_buah_2016.pdf,144,0.0
2016,Sabah,Lahad Datu,Lahad Datu,DUKU,DUKU,Duku,DUKU / (Duku),major,21.0,5.0,24.5,36.1,4.9,statistik_tanaman_buah_2016.pdf,144,4.871633726928737
2016,Sabah,Lahad Datu,Lahad Datu,DURIAN,DURIAN,Durian,DURIAN / (Durian),major,205.0,200.0,375.0,2443.8,1.875,statistik_tanaman_buah_2016.pdf,145,2.4371261711147083
2016,Sabah,Lahad Datu,Lahad Datu,JAMBU_BATU,JAMBU BATU,Guava,JAMBU BATU / Guava,major,15.0,15.0,329.5,716.7,21.966666666666665,statistik_tanaman_buah_2016.pdf,145,20.905236854973406
2016,Sabah,Lahad Datu,Lahad Datu,LANGSAT,LANGSAT,Langsat,LANGSAT / (Langsat),major,71.6,28.0,105.0,236.3,3.75,statistik_tanaman_buah_2016.pdf,146,3.812162543121399
2016,Sabah,Lahad Datu,Lahad Datu,LIMAU_BESAR,LIMAU BESAR,Pomelo,LIMAU BESAR / Pomelo,major,2.0,2.0,12.6,29.6,6.3,statistik_tanaman_buah_2016.pdf,146,6.502982029597507
2016,Sabah,Lahad Datu,Lahad Datu,LIMAU_MANIS,LIMAU MANIS,Sweet Orange,LIMAU MANIS / Sweet Orange,major,16.0,13.0,36.6,236.1,2.815384615384616,statistik_tanaman_buah_2016.pdf,147,2.8029395873022995
2016,Sabah,Lahad Datu,Lahad Datu,MANGGA,MANGGA,Mango,MANGGA / Mango,major,18.0,18.0,35.7,117.8,1.9833333333333332,statistik_tanaman_buah_2016.pdf,147,2.1624271840547498
2016,Sabah,Lahad Datu,Lahad Datu,MANGGIS,MANGGIS,Mangosteen,MANGGIS / Mangosteen,major,6.0,0.0,0.0,0.0,0.0,statistik_tanaman_buah_2016.pdf,148,0.0
2016,Sabah,Lahad Datu,Lahad Datu,MATA_NAGA,MATA NAGA,Dragon Fruit,MATA NAGA / Dragon Fruit,major,6.1,6.1,48.0,148.8,7.868852459016394,statistik_tanaman_buah_2016.pdf,148,7.8398419295537165
2016,Sabah,Lahad Datu,Lahad Datu,NANAS,NANAS,Pineapple,NANAS / Pineapple,major,0.2,0.2,0.8,1.0,4.0,statistik_tanaman_buah_2016.pdf,149,3.865555555555555
2016,Sabah,Lahad Datu,Lahad Datu,NANGKA,NANGKA,Jackfruit,NANGKA / Jackfruit,major,5.0,5.0,28.8,55.4,5.76,statistik_tanaman_buah_2016.pdf,149,5.739526833001987
2016,Sabah,Lahad Datu,Lahad Datu,PISANG,PISANG,Banana,PISANG / Banana,major,100.0,100.0,1241.0,2171.8,12.41,statistik_tanaman_buah_2016.pdf,150,13.016889863397786
2016,Sabah,Lahad Datu,Lahad Datu,PULASAN,PULASAN,Pulasan,PULASAN / (Pulasan),major,0.0,0.0,0.0,0.0,0.0,statistik_tanaman_buah_2016.pdf,150,0.0
2016,Sabah,Lahad Datu,Lahad Datu,RAMBUTAN,RAMBUTAN,Rambutan,RAMBUTAN / (Rambutan),major,80.0,40.0,145.0,246.5,3.625,statistik_tanaman_buah_2016.pdf,151,3.835115985722031
2016,Sabah,Lahad Datu,Lahad Datu,SALAK,SALAK,Salak,SALAK / (Salak),major,2.0,2.0,8.5,12.8,4.25,statistik_tanaman_buah_2016.pdf,151,4.234765993265991
2016,Sabah,Lahad Datu,Lahad Datu,TEMBIKAI,TEMBIKAI,Watermelon,TEMBIKAI / Water-melon,major,7.0,7.0,65.8,83.6,9.4,statistik_tanaman_buah_2016.pdf,152,9.63212537872618
2016,Sabah,Matunggong,Matunggong,BELIMBING,BELIMBING,Starfruit,BELIMBING / Starfruit,major,0.0,0.0,0.0,0.0,0.0,statistik_tanaman_buah_2016.pdf,142,0.0
2016,Sabah,Matunggong,Matunggong,BETIK,BETIK,Papaya,BETIK / Papaya,major,0.0,0.0,0.0,0.0,0.0,statistik_tanaman_buah_2016.pdf,142,0.0
2016,Sabah,Matunggong,Matunggong,CEMPEDAK,CEMPEDAK,Cempedak,CEMPEDAK,major,7.0,6.0,27.6,69.0,4.6000000000000005,statistik_tanaman_buah_2016.pdf,143,4.529639277144788
2016,Sabah,Matunggong,Matunggong,CIKU,CIKU,Ciku,CIKU / Sapodilla,major,0.0,0.0,0.0,0.0,0.0,statistik_tanaman_buah_2016.pdf,143,0.0
2016,Sabah,Matunggong,Matunggong,DOKONG,DOKONG,Dokong,DOKONG / (Dokong),major,0.0,0.0,0.0,0.0,0.0,statistik_tanaman_buah_2016.pdf,144,0.0
2016,Sabah,Matunggong,Matunggong,DUKU,DUKU,Duku,DUKU / (Duku),major,0.0,0.0,0.0,0.0,0.0,statistik_tanaman_buah_2016.pdf,144,0.0
2016,Sabah,Matunggong,Matunggong,DURIAN,DURIAN,Durian,DURIAN / (Durian),major,3.7,3.7,10.0,65.2,2.702702702702702,statistik_tanaman_buah_2016.pdf,145,2.685660444423605
2016,Sabah,Matunggong,Matunggong,JAMBU_BATU,JAMBU BATU,Guava,JAMBU BATU / Guava,major,0.0,0.0,0.0,0.0,0.0,statistik_tanaman_buah_2016.pdf,145,0.0
2016,Sabah,Matunggong,Matunggong,LANGSAT,LANGSAT,Langsat,LANGSAT / (Langsat),major,5.0,5.0,23.5,52.9,4.7,statistik_tanaman_buah_2016.pdf,146,4.646694094080693
2016,Sabah,Matunggong,Matunggong,LIMAU_BESAR,LIMAU BESAR,Pomelo,LIMAU BESAR / Pomelo,major,6.0,6.0,41.0,96.4,6.833333333333333,statistik_tanaman_buah_2016.pdf,146,6.72036519876599
2016,Sabah,Matunggong,Matunggong,LIMAU_MANIS,LIMAU MANIS,Sweet Orange,LIMAU MANIS / Sweet Orange,major,4.0,4.0,11.0,71.0,2.75,statistik_tanaman_buah_2016.pdf,147,2.936734837425627
2016,Sabah,Matunggong,Matunggong,MANGGA,MANGGA,Mango,MANGGA / Mango,major,23.0,23.0,58.0,191.4,2.5217391304347827,statistik_tanaman_buah_2016.pdf,147,2.5506162560758514
2016,Sabah,Matunggong,Matunggong,MANGGIS,MANGGIS,Mangosteen,MANGGIS / Mangosteen,major,0.0,0.0,0.0,0.0,0.0,statistik_tanaman_buah_2016.pdf,148,0.0
2016,Sabah,Matunggong,Matunggong,MATA_NAGA,MATA NAGA,Dragon Fruit,MATA NAGA / Dragon Fruit,major,0.0,0.0,0.0,0.0,0.0,statistik_tanaman_buah_2016.pdf,148,0.0
2016,Sabah,Matunggong,Matunggong,NANAS,NANAS,Pineapple,NANAS / Pineapple,major,4.0,4.0,41.0,49.2,10.25,statistik_tanaman_buah_2016.pdf,149,10.184609516678243
2016,Sabah,Matunggong,Matunggong,NANGKA,NANGKA,Jackfruit,NANGKA / Jackfruit,major,34.0,34.0,293.0,564.0,8.617647058823529,statistik_tanaman_buah_2016.pdf,149,8.612268588746732
2016,Sabah,Matunggong,Matunggong,PISANG,PISANG,Banana,PISANG / Banana,major,122.0,108.0,1152.0,2016.0,10.666666666666666,statistik_tanaman_buah_2016.pdf,150,11.034587958431562
2016,Sabah,Matunggong,Matunggong,PULASAN,PULASAN,Pulasan,PULASAN / (Pulasan),major,0.0,0.0,0.0,0.0,0.0,statistik_tanaman_buah_2016.pdf,150,0.0
2016,Sabah,Matunggong,Matunggong,RAMBUTAN,RAMBUTAN,Rambutan,RAMBUTAN / (Rambutan),major,9.0,9.0,70.2,119.3,7.800000000000001,statistik_tanaman_buah_2016.pdf,151,7.71571122274882
2016,Sabah,Matunggong,Matunggong,SALAK,SALAK,Salak,SALAK / (Salak),major,0.0,0.0,0.0,0.0,0.0,statistik_tanaman_buah_2016.pdf,151,0.0
2016,Sabah,Matunggong,Matunggong,TEMBIKAI,TEMBIKAI,Watermelon,TEMBIKAI / Water-melon,major,0.0,0.0,0.0,0.0,0.0,statistik_tanaman_buah_2016.pdf,152,0.0
2016,Sabah,Nabawan/Pensiangan,Nabawan,BELIMBING,BELIMBING,Starfruit,BELIMBING / Starfruit,major,0.0,0.0,0.0,0.0,0.0,statistik_tanaman_buah_2016.pdf,142,0.0
2016,Sabah,Nabawan/Pensiangan,Nabawan,BETIK,BETIK,Papaya,BETIK / Papaya,major,0.0,0.0,0.0,0.0,0.0,statistik_tanaman_buah_2016.pdf,142,0.0
2016,Sabah,Nabawan/Pensiangan,Nabawan,CEMPEDAK,CEMPEDAK,Cempedak,CEMPEDAK,major,16.7,3.0,10.5,26.3,3.5,statistik_tanaman_buah_2016.pdf,143,3.7563886261704615
2016,Sabah,Nabawan/Pensiangan,Nabawan,CIKU,CIKU,Ciku,CIKU / Sapodilla,major,0.0,0.0,0.0,0.0,0.0,statistik_tanaman_buah_2016.pdf,143,0.0
2016,Sabah,Nabawan/Pensiangan,Nabawan,DOKONG,DOKONG,Dokong,DOKONG / (Dokong),major,0.0,0.0,0.0,0.0,0.0,statistik_tanaman_buah_2016.pdf,144,0.0
2016,Sabah,Nabawan/Pensiangan,Nabawan,DUKU,DUKU,Duku,DUKU / (Duku),major,0.0,0.0,0.0,0.0,0.0,statistik_tanaman_buah_2016.pdf,144,0.0
2016,Sabah,Nabawan/Pensiangan,Nabawan,DURIAN,DURIAN,Durian,DURIAN / (Durian),major,186.3,120.0,1152.0,7507.2,9.6,statistik_tanaman_buah_2016.pdf,145,9.08151154809487
2016,Sabah,Nabawan/Pensiangan,Nabawan,JAMBU_BATU,JAMBU BATU,Guava,JAMBU BATU / Guava,major,0.0,0.0,0.0,0.0,0.0,statistik_tanaman_buah_2016.pdf,145,0.0
2016,Sabah,Nabawan/Pensiangan,Nabawan,LANGSAT,LANGSAT,Langsat,LANGSAT / (Langsat),major,3.4,1.5,10.5,23.6,7.0,statistik_tanaman_buah_2016.pdf,146,7.107884718354688
2016,Sabah,Nabawan/Pensiangan,Nabawan,LIMAU_BESAR,LIMAU BESAR,Pomelo,LIMAU BESAR / Pomelo,major,0.0,0.0,0.0,0.0,0.0,statistik_tanaman_buah_2016.pdf,146,0.0
2016,Sabah,Nabawan/Pensiangan,Nabawan,LIMAU_MANIS,LIMAU MANIS,Sweet Orange,LIMAU MANIS / Sweet Orange,major,0.0,0.0,0.0,0.0,0.0,statistik_tanaman_buah_2016.pdf,147,0.0
2016,Sabah,Nabawan/Pensiangan,Nabawan,MANGGA,MANGGA,Mango,MANGGA / Mango,major,6.2,1.5,4.5,14.9,3.0,statistik_tanaman_buah_2016.pdf,147,2.9455457829207834
2016,Sabah,Nabawan/Pensiangan,Nabawan,MANGGIS,MANGGIS,Mangosteen,MANGGIS / Mangosteen,major,21.3,15.0,135.0,459.0,9.0,statistik_tanaman_buah_2016.pdf,148,8.99942552000276
2016,Sabah,Nabawan/Pensiangan,Nabawan,MATA_NAGA,MATA NAGA,Dragon Fruit,MATA NAGA / Dragon Fruit,major,0.0,0.0,0.0,0.0,0.0,statistik_tanaman_buah_2016.pdf,148,0.0
2016,Sabah,Nabawan/Pensiangan,Nabawan,NANAS,NANAS,Pineapple,NANAS / Pineapple,major,2.2,2.0,13.0,15.6,6.5,statistik_tanaman_buah_2016.pdf,149,6.541753702661287
2016,Sabah,Nabawan/Pensiangan,Nabawan,NANGKA,NANGKA,Jackfruit,NANGKA / Jackfruit,major,0.4,0.4,0.8,1.5,2.0,statistik_tanaman_buah_2016.pdf,149,2.0996825396825396
2016,Sabah,Nabawan/Pensiangan,Nabawan,PISANG,PISANG,Banana,PISANG / Banana,major,19.2,3.2,66.0,115.5,20.625,statistik_tanaman_buah_2016.pdf,150,18.617976329849473
2016,Sabah,Nabawan/Pensiangan,Nabawan,PULASAN,PULASAN,Pulasan,PULASAN / (Pulasan),major,0.0,0.0,0.0,0.0,0.0,statistik_tanaman_buah_2016.pdf,150,0.0
2016,Sabah,Nabawan/Pensiangan,Pensiangan,RAMBUTAN,RAMBUTAN,Rambutan,RAMBUTAN / (Rambutan),major,25.5,10.0,98.0,166.6,9.8,statistik_tanaman_buah_2016.pdf,151,9.893570693686419
2016,Sabah,Nabawan/Pensiangan,Pensiangan,SALAK,SALAK,Salak,SALAK / (Salak),major,0.0,0.0,0.0,0.0,0.0,statistik_tanaman_buah_2016.pdf,151,0.0
2016,Sabah,Nabawan/Pensiangan,Pensiangan,TEMBIKAI,TEMBIKAI,Watermelon,TEMBIKAI / Water-melon,major,0.0,0.0,0.0,0.0,0.0,statistik_tanaman_buah_2016.pdf,152,0.0
2016,Sabah,Papar,Papar,BELIMBING,BELIMBING,Starfruit,BELIMBING / Starfruit,major,6.0,0.0,0.0,0.0,0.0,statistik_tanaman_buah_2016.pdf,142,0.0
2016,Sabah,Papar,Papar,BETIK,BETIK,Papaya,BETIK / Papaya,major,2.0,2.0,19.0,29.1,9.5,statistik_tanaman_buah_2016.pdf,142,9.4682512658652
2016,Sabah,Papar,Papar,CEMPEDAK,CEMPEDAK,Cempedak,CEMPEDAK,major,40.0,0.0,0.0,0.0,0.0,statistik_tanaman_buah_2016.pdf,143,0.0
2016,Sabah,Papar,Papar,CIKU,CIKU,Ciku,CIKU / Sapodilla,major,0.0,0.0,0.0,0.0,0.0,statistik_tanaman_buah_2016.pdf,143,0.0
2016,Sabah,Papar,Papar,DOKONG,DOKONG,Dokong,DOKONG / (Dokong),major,0.0,0.0,0.0,0.0,0.0,statistik_tanaman_buah_2016.pdf,144,0.0
2016,Sabah,Papar,Papar,DUKU,DUKU,Duku,DUKU / (Duku),major,3.0,0.0,0.0,0.0,0.0,statistik_tanaman_buah_2016.pdf,144,0.0
2016,Sabah,Papar,Papar,DURIAN,DURIAN,Durian,DURIAN / (Durian),major,178.0,20.0,20.0,130.3,1.0,statistik_tanaman_buah_2016.pdf,145,1.250175248429463
2016,Sabah,Papar,Papar,JAMBU_BATU,JAMBU BATU,Guava,JAMBU BATU / Guava,major,60.0,25.0,200.0,435.0,8.0,statistik_tanaman_buah_2016.pdf,145,8.04916082771948
2016,Sabah,Papar,Papar,LANGSAT,LANGSAT,Langsat,LANGSAT / (Langsat),major,55.0,0.0,0.0,0.0,0.0,statistik_tanaman_buah_2016.pdf,146,0.0
2016,Sabah,Papar,Papar,LIMAU_BESAR,LIMAU BESAR,Pomelo,LIMAU BESAR / Pomelo,major,0.0,0.0,0.0,0.0,0.0,statistik_tanaman_buah_2016.pdf,146,0.0
2016,Sabah,Papar,Papar,LIMAU_MANIS,LIMAU MANIS,Sweet Orange,LIMAU MANIS / Sweet Orange,major,12.0,8.0,34.0,219.3,4.25,statistik_tanaman_buah_2016.pdf,147,4.28020163917472
2016,Sabah,Papar,Papar,MANGGA,MANGGA,Mango,MANGGA / Mango,major,110.0,30.0,30.0,99.0,1.0,statistik_tanaman_buah_2016.pdf,147,1.1258655403719686
2016,Sabah,Papar,Papar,MANGGIS,MANGGIS,Mangosteen,MANGGIS / Mangosteen,major,20.0,0.0,0.0,0.0,0.0,statistik_tanaman_buah_2016.pdf,148,0.0
2016,Sabah,Papar,Papar,MATA_NAGA,MATA NAGA,Dragon Fruit,MATA NAGA / Dragon Fruit,major,8.0,0.0,0.0,0.0,0.0,statistik_tanaman_buah_2016.pdf,148,0.0
2016,Sabah,Papar,Papar,NANAS,NANAS,Pineapple,NANAS / Pineapple,major,3.0,3.0,7.0,8.4,2.333333333333333,statistik_tanaman_buah_2016.pdf,149,2.4791003444150577
2016,Sabah,Papar,Papar,NANGKA,NANGKA,Jackfruit,NANGKA / Jackfruit,major,10.0,9.0,58.0,111.7,6.444444444444445,statistik_tanaman_buah_2016.pdf,149,6.497757974069767
2016,Sabah,Papar,Papar,PISANG,PISANG,Banana,PISANG / Banana,major,83.0,75.0,505.0,883.8,6.733333333333333,statistik_tanaman_buah_2016.pdf,150,6.677123112193522
2016,Sabah,Papar,Papar,PULASAN,PULASAN,Pulasan,PULASAN / (Pulasan),major,0.0,0.0,0.0,0.0,0.0,statistik_tanaman_buah_2016.pdf,150,0.0
2016,Sabah,Papar,Papar,RAMBUTAN,RAMBUTAN,Rambutan,RAMBUTAN / (Rambutan),major,60.0,0.0,0.0,0.0,0.0,statistik_tanaman_buah_2016.pdf,151,0.0
2016,Sabah,Papar,Papar,SALAK,SALAK,Salak,SALAK / (Salak),major,0.0,0.0,0.0,0.0,0.0,statistik_tanaman_buah_2016.pdf,151,0.0
2016,Sabah,Papar,Papar,TEMBIKAI,TEMBIKAI,Watermelon,TEMBIKAI / Water-melon,major,244.0,244.0,2342.0,2974.3,9.598360655737704,statistik_tanaman_buah_2016.pdf,152,10.262582687607129
2016,Sabah,Penampang,Penampang,BELIMBING,BELIMBING,Starfruit,BELIMBING / Starfruit,major,0.0,0.0,0.0,0.0,0.0,statistik_tanaman_buah_2016.pdf,142,0.0
2016,Sabah,Penampang,Penampang,BETIK,BETIK,Papaya,BETIK / Papaya,major,0.0,0.0,0.0,0.0,0.0,statistik_tanaman_buah_2016.pdf,142,0.0
2016,Sabah,Penampang,Penampang,CEMPEDAK,CEMPEDAK,Cempedak,CEMPEDAK,major,4.0,2.6,20.6,51.5,7.923076923076923,statistik_tanaman_buah_2016.pdf,143,8.025333071415384
2016,Sabah,Penampang,Penampang,CIKU,CIKU,Ciku,CIKU / Sapodilla,major,0.0,0.0,0.0,0.0,0.0,statistik_tanaman_buah_2016.pdf,143,0.0
2016,Sabah,Penampang,Penampang,DOKONG,DOKONG,Dokong,DOKONG / (Dokong),major,0.0,0.0,0.0,0.0,0.0,statistik_tanaman_buah_2016.pdf,144,0.0
2016,Sabah,Penampang,Penampang,DUKU,DUKU,Duku,DUKU / (Duku),major,0.5,0.5,6.1,9.0,12.2,statistik_tanaman_buah_2016.pdf,144,12.3448571428571
2016,Sabah,Penampang,Penampang,DURIAN,DURIAN,Durian,DURIAN / (Durian),major,19.6,4.9,45.0,293.3,9.183673469387754,statistik_tanaman_buah_2016.pdf,145,9.187506489985106
2016,Sabah,Penampang,Penampang,JAMBU_BATU,JAMBU BATU,Guava,JAMBU BATU / Guava,major,0.1,0.0,0.0,0.0,0.0,statistik_tanaman_buah_2016.pdf,145,0.0
2016,Sabah,Penampang,Penampang,LANGSAT,LANGSAT,Langsat,LANGSAT / (Langsat),major,10.9,3.8,34.0,76.5,8.947368421052632,statistik_tanaman_buah_2016.pdf,146,8.826878341070307
2016,Sabah,Penampang,Penampang,LIMAU_BESAR,LIMAU BESAR,Pomelo,LIMAU BESAR / Pomelo,major,0.0,0.0,0.0,0.0,0.0,statistik_tanaman_buah_2016.pdf,146,0.0
2016,Sabah,Penampang,Penampang,LIMAU_MANIS,LIMAU MANIS,Sweet Orange,LIMAU MANIS / Sweet Orange,major,0.0,0.0,0.0,0.0,0.0,statistik_tanaman_buah_2016.pdf,147,0.0
2016,Sabah,Penampang,Penampang,MANGGA,MANGGA,Mango,MANGGA / Mango,major,2.0,2.0,2.6,8.6,1.3,statistik_tanaman_buah_2016.pdf,147,1.295773674717099
2016,Sabah,Penampang,Penampang,MANGGIS,MANGGIS,Mangosteen,MANGGIS / Mangosteen,major,3.0,2.7,37.8,128.5,13.999999999999998,statistik_tanaman_buah_2016.pdf,148,13.212453985325897
2016,Sabah,Penampang,Penampang,MATA_NAGA,MATA NAGA,Dragon Fruit,MATA NAGA / Dragon Fruit,major,1.3,1.0,12.0,37.2,12.0,statistik_tanaman_buah_2016.pdf,148,12.79177193177193
2016,Sabah,Penampang,Penampang,NANAS,NANAS,Pineapple,NANAS / Pineapple,major,118.0,74.0,1469.3,1763.2,19.855405405405406,statistik_tanaman_buah_2016.pdf,149,15.714615355487116
2016,Sabah,Penampang,Penampang,NANGKA,NANGKA,Jackfruit,NANGKA / Jackfruit,major,0.7,0.3,2.7,5.2,9.000000000000002,statistik_tanaman_buah_2016.pdf,149,9.445007936507938
2016,Sabah,Penampang,Penampang,PISANG,PISANG,Banana,PISANG / Banana,major,2.4,2.0,8.1,14.2,4.05,statistik_tanaman_buah_2016.pdf,150,3.9997666440960793
2016,Sabah,Penampang,Penampang,PULASAN,PULASAN,Pulasan,PULASAN / (Pulasan),major,0.0,0.0,0.0,0.0,0.0,statistik_tanaman_buah_2016.pdf,150,0.0
2016,Sabah,Penampang,Penampang,RAMBUTAN,RAMBUTAN,Rambutan,RAMBUTAN / (Rambutan),major,8.5,6.1,60.4,102.7,9.901639344262296,statistik_tanaman_buah_2016.pdf,151,9.605640267304128
2016,Sabah,Penampang,Penampang,SALAK,SALAK,Salak,SALAK / (Salak),major,0.0,0.0,0.0,0.0,0.0,statistik_tanaman_buah_2016.pdf,151,0.0
2016,Sabah,Penampang,Penampang,TEMBIKAI,TEMBIKAI,Watermelon,TEMBIKAI / Water-melon,major,0.0,0.0,0.0,0.0,0.0,statistik_tanaman_buah_2016.pdf,152,0.0
2016,Sabah,Pitas,Pitas,BELIMBING,BELIMBING,Starfruit,BELIMBING / Starfruit,major,0.1,0.1,0.3,0.7,3.0,statistik_tanaman_buah_2016.pdf,142,2.94
2016,Sabah,Pitas,Pitas,BETIK,BETIK,Papaya,BETIK / Papaya,major,0.4,0.4,3.6,5.5,9.0,statistik_tanaman_buah_2016.pdf,142,8.976396825396824
2016,Sabah,Pitas,Pitas,CEMPEDAK,CEMPEDAK,Cempedak,CEMPEDAK,major,28.1,28.1,281.0,702.5,10.0,statistik_tanaman_buah_2016.pdf,143,9.871557940623024
2016,Sabah,Pitas,Pitas,CIKU,CIKU,Ciku,CIKU / Sapodilla,major,0.0,0.0,0.0,0.0,0.0,statistik_tanaman_buah_2016.pdf,143,0.0
2016,Sabah,Pitas,Pitas,DOKONG,DOKONG,Dokong,DOKONG / (Dokong),major,0.0,0.0,0.0,0.0,0.0,statistik_tanaman_buah_2016.pdf,144,0.0
2016,Sabah,Pitas,Pitas,DUKU,DUKU,Duku,DUKU / (Duku),major,0.0,0.0,0.0,0.0,0.0,statistik_tanaman_buah_2016.pdf,144,0.0
2016,Sabah,Pitas,Pitas,DURIAN,DURIAN,Durian,DURIAN / (Durian),major,5.1,3.0,27.0,176.0,9.0,statistik_tanaman_buah_2016.pdf,145,8.969194684895406
2016,Sabah,Pitas,Pitas,JAMBU_BATU,JAMBU BATU,Guava,JAMBU BATU / Guava,major,0.0,0.0,0.0,0.0,0.0,statistik_tanaman_buah_2016.pdf,145,0.0
2016,Sabah,Pitas,Pitas,LANGSAT,LANGSAT,Langsat,LANGSAT / (Langsat),major,10.4,10.4,43.7,98.3,4.201923076923077,statistik_tanaman_buah_2016.pdf,146,4.199978252890092
2016,Sabah,Pitas,Pitas,LIMAU_BESAR,LIMAU BESAR,Pomelo,LIMAU BESAR / Pomelo,major,0.0,0.0,0.0,0.0,0.0,statistik_tanaman_buah_2016.pdf,146,0.0
2016,Sabah,Pitas,Pitas,LIMAU_MANIS,LIMAU MANIS,Sweet Orange,LIMAU MANIS / Sweet Orange,major,0.0,0.0,0.0,0.0,0.0,statistik_tanaman_buah_2016.pdf,147,0.0
2016,Sabah,Pitas,Pitas,MANGGA,MANGGA,Mango,MANGGA / Mango,major,32.4,25.0,172.0,567.6,6.88,statistik_tanaman_buah_2016.pdf,147,6.743647353336349
2016,Sabah,Pitas,Pitas,MANGGIS,MANGGIS,Mangosteen,MANGGIS / Mangosteen,major,3.4,3.4,34.0,115.6,10.0,statistik_tanaman_buah_2016.pdf,148,10.123603977431229
2016,Sabah,Pitas,Pitas,MATA_NAGA,MATA NAGA,Dragon Fruit,MATA NAGA / Dragon Fruit,major,1.6,0.8,2.3,7.1,2.875,statistik_tanaman_buah_2016.pdf,148,2.909777777777778
2016,Sabah,Pitas,Pitas,NANAS,NANAS,Pineapple,NANAS / Pineapple,major,12.3,12.3,120.0,144.0,9.75609756097561,statistik_tanaman_buah_2016.pdf,149,9.885714948492234
2016,Sabah,Pitas,Pitas,NANGKA,NANGKA,Jackfruit,NANGKA / Jackfruit,major,4.0,3.8,57.0,109.7,15.0,statistik_tanaman_buah_2016.pdf,149,14.72577852098715
2016,Sabah,Pitas,Pitas,PISANG,PISANG,Banana,PISANG / Banana,major,151.7,132.0,2600.4,4550.7,19.7,statistik_tanaman_buah_2016.pdf,150,17.942326944443177
2016,Sabah,Pitas,Pitas,PULASAN,PULASAN,Pulasan,PULASAN / (Pulasan),major,0.0,0.0,0.0,0.0,0.0,statistik_tanaman_buah_2016.pdf,150,0.0
2016,Sabah,Pitas,Pitas,RAMBUTAN,RAMBUTAN,Rambutan,RAMBUTAN / (Rambutan),major,20.0,15.0,69.0,117.3,4.6,statistik_tanaman_buah_2016.pdf,151,4.653560841641048
2016,Sabah,Pitas,Pitas,SALAK,SALAK,Salak,SALAK / (Salak),major,0.0,0.0,0.0,0.0,0.0,statistik_tanaman_buah_2016.pdf,151,0.0
2016,Sabah,Pitas,Pitas,TEMBIKAI,TEMBIKAI,Watermelon,TEMBIKAI / Water-melon,major,0.0,0.0,0.0,0.0,0.0,statistik_tanaman_buah_2016.pdf,152,0.0
2016,Sabah,Putatan,Putatan,BELIMBING,BELIMBING,Starfruit,BELIMBING / Starfruit,major,0.0,0.0,0.0,0.0,0.0,statistik_tanaman_buah_2016.pdf,142,0.0
2016,Sabah,Putatan,Putatan,BETIK,BETIK,Papaya,BETIK / Papaya,major,0.0,0.0,0.0,0.0,0.0,statistik_tanaman_buah_2016.pdf,142,0.0
2016,Sabah,Putatan,Putatan,CEMPEDAK,CEMPEDAK,Cempedak,CEMPEDAK,major,0.0,0.0,0.0,0.0,0.0,statistik_tanaman_buah_2016.pdf,143,0.0
2016,Sabah,Putatan,Putatan,CIKU,CIKU,Ciku,CIKU / Sapodilla,major,0.0,0.0,0.0,0.0,0.0,statistik_tanaman_buah_2016.pdf,143,0.0
2016,Sabah,Putatan,Putatan,DOKONG,DOKONG,Dokong,DOKONG / (Dokong),major,0.0,0.0,0.0,0.0,0.0,statistik_tanaman_buah_2016.pdf,144,0.0
2016,Sabah,Putatan,Putatan,DUKU,DUKU,Duku,DUKU / (Duku),major,0.0,0.0,0.0,0.0,0.0,statistik_tanaman_buah_2016.pdf,144,0.0
2016,Sabah,Putatan,Putatan,DURIAN,DURIAN,Durian,DURIAN / (Durian),major,0.0,0.0,0.0,0.0,0.0,statistik_tanaman_buah_2016.pdf,145,0.0
2016,Sabah,Putatan,Putatan,JAMBU_BATU,JAMBU BATU,Guava,JAMBU BATU / Guava,major,1.4,1.3,1.6,3.5,1.2307692307692308,statistik_tanaman_buah_2016.pdf,145,1.2749144281644256
2016,Sabah,Putatan,Putatan,LANGSAT,LANGSAT,Langsat,LANGSAT / (Langsat),major,0.0,0.0,0.0,0.0,0.0,statistik_tanaman_buah_2016.pdf,146,0.0
2016,Sabah,Putatan,Putatan,LIMAU_BESAR,LIMAU BESAR,Pomelo,LIMAU BESAR / Pomelo,major,0.0,0.0,0.0,0.0,0.0,statistik_tanaman_buah_2016.pdf,146,0.0
2016,Sabah,Putatan,Putatan,LIMAU_MANIS,LIMAU MANIS,Sweet Orange,LIMAU MANIS / Sweet Orange,major,0.0,0.0,0.0,0.0,0.0,statistik_tanaman_buah_2016.pdf,147,0.0
2016,Sabah,Putatan,Putatan,MANGGA,MANGGA,Mango,MANGGA / Mango,major,0.0,0.0,0.0,0.0,0.0,statistik_tanaman_buah_2016.pdf,147,0.0
2016,Sabah,Putatan,Putatan,MANGGIS,MANGGIS,Mangosteen,MANGGIS / Mangosteen,major,0.0,0.0,0.0,0.0,0.0,statistik_tanaman_buah_2016.pdf,148,0.0
2016,Sabah,Putatan,Putatan,MATA_NAGA,MATA NAGA,Dragon Fruit,MATA NAGA / Dragon Fruit,major,0.0,0.0,0.0,0.0,0.0,statistik_tanaman_buah_2016.pdf,148,0.0
2016,Sabah,Putatan,Putatan,NANAS,NANAS,Pineapple,NANAS / Pineapple,major,0.0,0.0,0.0,0.0,0.0,statistik_tanaman_buah_2016.pdf,149,0.0
2016,Sabah,Putatan,Putatan,NANGKA,NANGKA,Jackfruit,NANGKA / Jackfruit,major,0.0,0.0,0.0,0.0,0.0,statistik_tanaman_buah_2016.pdf,149,0.0
2016,Sabah,Putatan,Putatan,PISANG,PISANG,Banana,PISANG / Banana,major,0.0,0.0,0.0,0.0,0.0,statistik_tanaman_buah_2016.pdf,150,0.0
2016,Sabah,Putatan,Putatan,PULASAN,PULASAN,Pulasan,PULASAN / (Pulasan),major,0.0,0.0,0.0,0.0,0.0,statistik_tanaman_buah_2016.pdf,150,0.0
2016,Sabah,Putatan,Putatan,RAMBUTAN,RAMBUTAN,Rambutan,RAMBUTAN / (Rambutan),major,0.0,0.0,0.0,0.0,0.0,statistik_tanaman_buah_2016.pdf,151,0.0
2016,Sabah,Putatan,Putatan,SALAK,SALAK,Salak,SALAK / (Salak),major,0.0,0.0,0.0,0.0,0.0,statistik_tanaman_buah_2016.pdf,151,0.0
2016,Sabah,Putatan,Putatan,TEMBIKAI,TEMBIKAI,Watermelon,TEMBIKAI / Water-melon,major,0.0,0.0,0.0,0.0,0.0,statistik_tanaman_buah_2016.pdf,152,0.0
2016,Sabah,Ranau,Ranau,BELIMBING,BELIMBING,Starfruit,BELIMBING / Starfruit,major,5.0,5.0,28.6,70.8,5.720000000000001,statistik_tanaman_buah_2016.pdf,142,5.714065578736722
2016,Sabah,Ranau,Ranau,BETIK,BETIK,Papaya,BETIK / Papaya,major,16.0,16.0,257.9,395.4,16.11875,statistik_tanaman_buah_2016.pdf,142,16.21337012757541
2016,Sabah,Ranau,Ranau,CEMPEDAK,CEMPEDAK,Cempedak,CEMPEDAK,major,110.9,64.5,75.0,187.5,1.162790697674419,statistik_tanaman_buah_2016.pdf,143,1.4380197178038259
2016,Sabah,Ranau,Ranau,CIKU,CIKU,Ciku,CIKU / Sapodilla,major,0.0,0.0,0.0,0.0,0.0,statistik_tanaman_buah_2016.pdf,143,0.0
2016,Sabah,Ranau,Ranau,DOKONG,DOKONG,Dokong,DOKONG / (Dokong),major,5.0,2.9,3.8,5.1,1.3103448275862069,statistik_tanaman_buah_2016.pdf,144,1.2901047982058529
2016,Sabah,Ranau,Ranau,DUKU,DUKU,Duku,DUKU / (Duku),major,26.0,5.5,9.3,13.7,1.6909090909090911,statistik_tanaman_buah_2016.pdf,144,1.6866266579366147
2016,Sabah,Ranau,Ranau,DURIAN,DURIAN,Durian,DURIAN / (Durian),major,1340.1,925.0,7405.0,48255.9,8.005405405405405,statistik_tanaman_buah_2016.pdf,145,8.356672850425815
2016,Sabah,Ranau,Ranau,JAMBU_BATU,JAMBU BATU,Guava,JAMBU BATU / Guava,major,3.0,3.0,32.5,70.7,10.833333333333334,statistik_tanaman_buah_2016.pdf,145,10.840849859632423
2016,Sabah,Ranau,Ranau,LANGSAT,LANGSAT,Langsat,LANGSAT / (Langsat),major,380.8,357.0,3216.0,7236.0,9.008403361344538,statistik_tanaman_buah_2016.pdf,146,10.251300613877252
2016,Sabah,Ranau,Ranau,LIMAU_BESAR,LIMAU BESAR,Pomelo,LIMAU BESAR / Pomelo,major,5.0,5.0,37.0,87.0,7.4,statistik_tanaman_buah_2016.pdf,146,7.3492258787892695
2016,Sabah,Ranau,Ranau,LIMAU_MANIS,LIMAU MANIS,Sweet Orange,LIMAU MANIS / Sweet Orange,major,5.0,5.0,30.9,199.3,6.18,statistik_tanaman_buah_2016.pdf,147,6.127322952479411
2016,Sabah,Ranau,Ranau,MANGGA,MANGGA,Mango,MANGGA / Mango,major,55.3,44.0,176.0,580.8,4.0,statistik_tanaman_buah_2016.pdf,147,4.058911282666844
2016,Sabah,Ranau,Ranau,MANGGIS,MANGGIS,Mangosteen,MANGGIS / Mangosteen,major,29.6,24.0,66.2,225.1,2.7583333333333333,statistik_tanaman_buah_2016.pdf,148,2.7493670009414664
2016,Sabah,Ranau,Ranau,MATA_NAGA,MATA NAGA,Dragon Fruit,MATA NAGA / Dragon Fruit,major,0.0,0.0,0.0,0.0,0.0,statistik_tanaman_buah_2016.pdf,148,0.0
2016,Sabah,Ranau,Ranau,NANAS,NANAS,Pineapple,NANAS / Pineapple,major,23.1,23.1,207.1,248.5,8.965367965367964,statistik_tanaman_buah_2016.pdf,149,9.196240470188092
2016,Sabah,Ranau,Ranau,NANGKA,NANGKA,Jackfruit,NANGKA / Jackfruit,major,33.6,33.6,217.7,419.1,6.479166666666666,statistik_tanaman_buah_2016.pdf,149,6.42250628802478
2016,Sabah,Ranau,Ranau,PISANG,PISANG,Banana,PISANG / Banana,major,111.0,111.0,934.8,1635.9,8.421621621621622,statistik_tanaman_buah_2016.pdf,150,10.620568699282323
2016,Sabah,Ranau,Ranau,PULASAN,PULASAN,Pulasan,PULASAN / (Pulasan),major,0.0,0.0,0.0,0.0,0.0,statistik_tanaman_buah_2016.pdf,150,0.0
2016,Sabah,Ranau,Ranau,RAMBUTAN,RAMBUTAN,Rambutan,RAMBUTAN / (Rambutan),major,188.5,150.0,670.0,1139.0,4.466666666666667,statistik_tanaman_buah_2016.pdf,151,5.088565701462567
2016,Sabah,Ranau,Ranau,SALAK,SALAK,Salak,SALAK / (Salak),major,1.0,1.0,2.6,3.9,2.6,statistik_tanaman_buah_2016.pdf,151,2.516376984126992
2016,Sabah,Ranau,Ranau,TEMBIKAI,TEMBIKAI,Watermelon,TEMBIKAI / Water-melon,major,0.0,0.0,0.0,0.0,0.0,statistik_tanaman_buah_2016.pdf,152,0.0
2016,Sabah,Sandakan,Sandakan,BELIMBING,BELIMBING,Starfruit,BELIMBING / Starfruit,major,5.0,2.0,24.5,60.6,12.25,statistik_tanaman_buah_2016.pdf,142,11.481807479821935
2016,Sabah,Sandakan,Sandakan,BETIK,BETIK,Papaya,BETIK / Papaya,major,3.8,3.8,52.0,79.7,13.68421052631579,statistik_tanaman_buah_2016.pdf,142,13.536543638556319
2016,Sabah,Sandakan,Sandakan,CEMPEDAK,CEMPEDAK,Cempedak,CEMPEDAK,major,3.0,3.0,28.0,70.0,9.333333333333334,statistik_tanaman_buah_2016.pdf,143,9.37432640876564
2016,Sabah,Sandakan,Sandakan,CIKU,CIKU,Ciku,CIKU / Sapodilla,major,2.8,1.0,8.0,16.8,8.0,statistik_tanaman_buah_2016.pdf,143,8.23944982794983
2016,Sabah,Sandakan,Sandakan,DOKONG,DOKONG,Dokong,DOKONG / (Dokong),major,6.1,6.1,42.0,56.7,6.885245901639345,statistik_tanaman_buah_2016.pdf,144,6.966783247596142
2016,Sabah,Sandakan,Sandakan,DUKU,DUKU,Duku,DUKU / (Duku),major,36.8,36.7,400.0,590.0,10.8991825613079,statistik_tanaman_buah_2016.pdf,144,10.939405870114378
2016,Sabah,Sandakan,Sandakan,DURIAN,DURIAN,Durian,DURIAN / (Durian),major,80.0,80.0,800.0,5213.3,10.0,statistik_tanaman_buah_2016.pdf,145,10.422850905418441
2016,Sabah,Sandakan,Sandakan,JAMBU_BATU,JAMBU BATU,Guava,JAMBU BATU / Guava,major,8.5,8.0,63.0,137.0,7.875,statistik_tanaman_buah_2016.pdf,145,7.881393666665767
2016,Sabah,Sandakan,Sandakan,LANGSAT,LANGSAT,Langsat,LANGSAT / (Langsat),major,50.0,50.0,500.0,1125.0,10.0,statistik_tanaman_buah_2016.pdf,146,9.757650177776455
2016,Sabah,Sandakan,Sandakan,LIMAU_BESAR,LIMAU BESAR,Pomelo,LIMAU BESAR / Pomelo,major,7.1,7.1,122.0,286.7,17.183098591549296,statistik_tanaman_buah_2016.pdf,146,14.801915366666769
2016,Sabah,Sandakan,Sandakan,LIMAU_MANIS,LIMAU MANIS,Sweet Orange,LIMAU MANIS / Sweet Orange,major,1.5,1.5,9.0,58.1,6.0,statistik_tanaman_buah_2016.pdf,147,6.092074406100727
2016,Sabah,Sandakan,Sandakan,MANGGA,MANGGA,Mango,MANGGA / Mango,major,103.8,103.8,604.0,1993.2,5.818882466281311,statistik_tanaman_buah_2016.pdf,147,5.679958826241094
2016,Sabah,Sandakan,Sandakan,MANGGIS,MANGGIS,Mangosteen,MANGGIS / Mangosteen,major,28.1,28.1,466.0,1584.4,16.583629893238435,statistik_tanaman_buah_2016.pdf,148,16.582992439252873
2016,Sabah,Sandakan,Sandakan,MATA_NAGA,MATA NAGA,Dragon Fruit,MATA NAGA / Dragon Fruit,major,5.0,5.0,52.0,161.2,10.4,statistik_tanaman_buah_2016.pdf,148,10.290832892664012
2016,Sabah,Sandakan,Sandakan,NANAS,NANAS,Pineapple,NANAS / Pineapple,major,2.5,2.5,28.0,33.6,11.2,statistik_tanaman_buah_2016.pdf,149,11.025696810502511
2016,Sabah,Sandakan,Sandakan,NANGKA,NANGKA,Jackfruit,NANGKA / Jackfruit,major,3.5,2.3,35.0,67.4,15.217391304347828,statistik_tanaman_buah_2016.pdf,149,13.856522705461469
2016,Sabah,Sandakan,Sandakan,PISANG,PISANG,Banana,PISANG / Banana,major,36.0,30.0,400.0,700.0,13.333333333333334,statistik_tanaman_buah_2016.pdf,150,13.08126149443375
2016,Sabah,Sandakan,Sandakan,PULASAN,PULASAN,Pulasan,PULASAN / (Pulasan),major,0.0,0.0,0.0,0.0,0.0,statistik_tanaman_buah_2016.pdf,150,0.0
2016,Sabah,Sandakan,Sandakan,RAMBUTAN,RAMBUTAN,Rambutan,RAMBUTAN / (Rambutan),major,102.0,100.0,1000.0,1700.0,10.0,statistik_tanaman_buah_2016.pdf,151,10.105602679274364
2016,Sabah,Sandakan,Sandakan,SALAK,SALAK,Salak,SALAK / (Salak),major,60.0,60.0,491.0,736.5,8.183333333333334,statistik_tanaman_buah_2016.pdf,151,8.297365691516891
2016,Sabah,Sandakan,Sandakan,TEMBIKAI,TEMBIKAI,Watermelon,TEMBIKAI / Water-melon,major,13.0,13.0,156.0,198.1,12.0,statistik_tanaman_buah_2016.pdf,152,12.067444503579228
2016,Sabah,Semporna,Semporna,BELIMBING,BELIMBING,Starfruit,BELIMBING / Starfruit,major,0.0,0.0,0.0,0.0,0.0,statistik_tanaman_buah_2016.pdf,142,0.0
2016,Sabah,Semporna,Semporna,BETIK,BETIK,Papaya,BETIK / Papaya,major,5.4,0.5,3.0,4.6,6.0,statistik_tanaman_buah_2016.pdf,142,6.282878306878308
2016,Sabah,Semporna,Semporna,CEMPEDAK,CEMPEDAK,Cempedak,CEMPEDAK,major,0.0,0.0,0.0,0.0,0.0,statistik_tanaman_buah_2016.pdf,143,0.0
2016,Sabah,Semporna,Semporna,CIKU,CIKU,Ciku,CIKU / Sapodilla,major,0.0,0.0,0.0,0.0,0.0,statistik_tanaman_buah_2016.pdf,143,0.0
2016,Sabah,Semporna,Semporna,DOKONG,DOKONG,Dokong,DOKONG / (Dokong),major,0.0,0.0,0.0,0.0,0.0,statistik_tanaman_buah_2016.pdf,144,0.0
2016,Sabah,Semporna,Semporna,DUKU,DUKU,Duku,DUKU / (Duku),major,0.0,0.0,0.0,0.0,0.0,statistik_tanaman_buah_2016.pdf,144,0.0
2016,Sabah,Semporna,Semporna,DURIAN,DURIAN,Durian,DURIAN / (Durian),major,0.0,0.0,0.0,0.0,0.0,statistik_tanaman_buah_2016.pdf,145,0.0
2016,Sabah,Semporna,Semporna,JAMBU_BATU,JAMBU BATU,Guava,JAMBU BATU / Guava,major,29.6,29.6,257.0,559.0,8.682432432432432,statistik_tanaman_buah_2016.pdf,145,8.84869977930571
2016,Sabah,Semporna,Semporna,LANGSAT,LANGSAT,Langsat,LANGSAT / (Langsat),major,21.4,13.0,16.5,37.1,1.2692307692307692,statistik_tanaman_buah_2016.pdf,146,1.2994641277678616
2016,Sabah,Semporna,Semporna,LIMAU_BESAR,LIMAU BESAR,Pomelo,LIMAU BESAR / Pomelo,major,0.0,0.0,0.0,0.0,0.0,statistik_tanaman_buah_2016.pdf,146,0.0
2016,Sabah,Semporna,Semporna,LIMAU_MANIS,LIMAU MANIS,Sweet Orange,LIMAU MANIS / Sweet Orange,major,0.0,0.0,0.0,0.0,0.0,statistik_tanaman_buah_2016.pdf,147,0.0
2016,Sabah,Semporna,Semporna,MANGGA,MANGGA,Mango,MANGGA / Mango,major,46.5,24.0,48.0,158.4,2.0,statistik_tanaman_buah_2016.pdf,147,2.075642355847864
2016,Sabah,Semporna,Semporna,MANGGIS,MANGGIS,Mangosteen,MANGGIS / Mangosteen,major,0.0,0.0,0.0,0.0,0.0,statistik_tanaman_buah_2016.pdf,148,0.0
2016,Sabah,Semporna,Semporna,MATA_NAGA,MATA NAGA,Dragon Fruit,MATA NAGA / Dragon Fruit,major,0.0,0.0,0.0,0.0,0.0,statistik_tanaman_buah_2016.pdf,148,0.0
2016,Sabah,Semporna,Semporna,NANAS,NANAS,Pineapple,NANAS / Pineapple,major,0.0,0.0,0.0,0.0,0.0,statistik_tanaman_buah_2016.pdf,149,0.0
2016,Sabah,Semporna,Semporna,NANGKA,NANGKA,Jackfruit,NANGKA / Jackfruit,major,0.0,0.0,0.0,0.0,0.0,statistik_tanaman_buah_2016.pdf,149,0.0
2016,Sabah,Semporna,Semporna,PISANG,PISANG,Banana,PISANG / Banana,major,117.6,115.6,1505.0,2633.8,13.019031141868512,statistik_tanaman_buah_2016.pdf,150,14.450399069193162
2016,Sabah,Semporna,Semporna,PULASAN,PULASAN,Pulasan,PULASAN / (Pulasan),major,0.0,0.0,0.0,0.0,0.0,statistik_tanaman_buah_2016.pdf,150,0.0
2016,Sabah,Semporna,Semporna,RAMBUTAN,RAMBUTAN,Rambutan,RAMBUTAN / (Rambutan),major,77.5,77.5,317.5,539.8,4.096774193548387,statistik_tanaman_buah_2016.pdf,151,4.444286137331443
2016,Sabah,Semporna,Semporna,SALAK,SALAK,Salak,SALAK / (Salak),major,0.0,0.0,0.0,0.0,0.0,statistik_tanaman_buah_2016.pdf,151,0.0
2016,Sabah,Semporna,Semporna,TEMBIKAI,TEMBIKAI,Watermelon,TEMBIKAI / Water-melon,major,0.0,0.0,0.0,0.0,0.0,statistik_tanaman_buah_2016.pdf,152,0.0
2016,Sabah,Sipitang,Sipitang,BELIMBING,BELIMBING,Starfruit,BELIMBING / Starfruit,major,0.0,0.0,0.0,0.0,0.0,statistik_tanaman_buah_2016.pdf,142,0.0
2016,Sabah,Sipitang,Sipitang,BETIK,BETIK,Papaya,BETIK / Papaya,major,0.0,0.0,0.0,0.0,0.0,statistik_tanaman_buah_2016.pdf,142,0.0
2016,Sabah,Sipitang,Sipitang,CEMPEDAK,CEMPEDAK,Cempedak,CEMPEDAK,major,213.2,128.0,264.6,661.5,2.0671875,statistik_tanaman_buah_2016.pdf,143,2.3761852833218793
2016,Sabah,Sipitang,Sipitang,CIKU,CIKU,Ciku,CIKU / Sapodilla,major,1.1,0.0,0.0,0.0,0.0,statistik_tanaman_buah_2016.pdf,143,0.0
2016,Sabah,Sipitang,Sipitang,DOKONG,DOKONG,Dokong,DOKONG / (Dokong),major,4.6,1.4,8.3,11.2,5.92857142857143,statistik_tanaman_buah_2016.pdf,144,5.900659910459889
2016,Sabah,Sipitang,Sipitang,DUKU,DUKU,Duku,DUKU / (Duku),major,17.8,5.3,33.6,49.6,6.339622641509434,statistik_tanaman_buah_2016.pdf,144,6.151005367378215
2016,Sabah,Sipitang,Sipitang,DURIAN,DURIAN,Durian,DURIAN / (Durian),major,604.5,356.7,960.0,6256.0,2.691337258200168,statistik_tanaman_buah_2016.pdf,145,5.894533708839486
2016,Sabah,Sipitang,Sipitang,JAMBU_BATU,JAMBU BATU,Guava,JAMBU BATU / Guava,major,0.0,0.0,0.0,0.0,0.0,statistik_tanaman_buah_2016.pdf,145,0.0
2016,Sabah,Sipitang,Sipitang,LANGSAT,LANGSAT,Langsat,LANGSAT / (Langsat),major,87.8,48.3,203.2,457.2,4.20703933747412,statistik_tanaman_buah_2016.pdf,146,4.213206967895519
2016,Sabah,Sipitang,Sipitang,LIMAU_BESAR,LIMAU BESAR,Pomelo,LIMAU BESAR / Pomelo,major,1.9,0.0,0.0,0.0,0.0,statistik_tanaman_buah_2016.pdf,146,0.0
2016,Sabah,Sipitang,Sipitang,LIMAU_MANIS,LIMAU MANIS,Sweet Orange,LIMAU MANIS / Sweet Orange,major,8.4,8.4,22.0,141.9,2.619047619047619,statistik_tanaman_buah_2016.pdf,147,2.699513511871353
2016,Sabah,Sipitang,Sipitang,MANGGA,MANGGA,Mango,MANGGA / Mango,major,5.0,0.0,0.0,0.0,0.0,statistik_tanaman_buah_2016.pdf,147,0.0
2016,Sabah,Sipitang,Sipitang,MANGGIS,MANGGIS,Mangosteen,MANGGIS / Mangosteen,major,8.0,0.0,0.0,0.0,0.0,statistik_tanaman_buah_2016.pdf,148,0.0
2016,Sabah,Sipitang,Sipitang,MATA_NAGA,MATA NAGA,Dragon Fruit,MATA NAGA / Dragon Fruit,major,0.0,0.0,0.0,0.0,0.0,statistik_tanaman_buah_2016.pdf,148,0.0
2016,Sabah,Sipitang,Sipitang,NANAS,NANAS,Pineapple,NANAS / Pineapple,major,13.0,8.6,99.3,119.2,11.546511627906977,statistik_tanaman_buah_2016.pdf,149,11.674476711586932
2016,Sabah,Sipitang,Sipitang,NANGKA,NANGKA,Jackfruit,NANGKA / Jackfruit,major,1.0,0.0,0.0,0.0,0.0,statistik_tanaman_buah_2016.pdf,149,0.0
2016,Sabah,Sipitang,Sipitang,PISANG,PISANG,Banana,PISANG / Banana,major,273.7,267.2,4815.0,8426.3,18.020209580838323,statistik_tanaman_buah_2016.pdf,150,18.372295275656978
2016,Sabah,Sipitang,Sipitang,PULASAN,PULASAN,Pulasan,PULASAN / (Pulasan),major,0.0,0.0,0.0,0.0,0.0,statistik_tanaman_buah_2016.pdf,150,0.0
2016,Sabah,Sipitang,Sipitang,RAMBUTAN,RAMBUTAN,Rambutan,RAMBUTAN / (Rambutan),major,120.0,65.9,156.5,266.1,2.374810318664643,statistik_tanaman_buah_2016.pdf,151,2.5338921803049628
2016,Sabah,Sipitang,Sipitang,SALAK,SALAK,Salak,SALAK / (Salak),major,0.0,0.0,0.0,0.0,0.0,statistik_tanaman_buah_2016.pdf,151,0.0
2016,Sabah,Sipitang,Sipitang,TEMBIKAI,TEMBIKAI,Watermelon,TEMBIKAI / Water-melon,major,6.6,6.6,137.0,174.0,20.75757575757576,statistik_tanaman_buah_2016.pdf,152,19.672250706808057
2016,Sabah,Sook,Sook,BELIMBING,BELIMBING,Starfruit,BELIMBING / Starfruit,major,2.9,2.9,4.4,10.9,1.517241379310345,statistik_tanaman_buah_2016.pdf,142,1.4815293071226003
2016,Sabah,Sook,Sook,BETIK,BETIK,Papaya,BETIK / Papaya,major,13.7,7.0,105.0,161.0,15.0,statistik_tanaman_buah_2016.pdf,142,14.107354106758375
2016,Sabah,Sook,Sook,CEMPEDAK,CEMPEDAK,Cempedak,CEMPEDAK,major,18.0,8.0,32.0,80.0,4.0,statistik_tanaman_buah_2016.pdf,143,3.9369894556019034
2016,Sabah,Sook,Sook,CIKU,CIKU,Ciku,CIKU / Sapodilla,major,0.0,0.0,0.0,0.0,0.0,statistik_tanaman_buah_2016.pdf,143,0.0
2016,Sabah,Sook,Sook,DOKONG,DOKONG,Dokong,DOKONG / (Dokong),major,0.0,0.0,0.0,0.0,0.0,statistik_tanaman_buah_2016.pdf,144,0.0
2016,Sabah,Sook,Sook,DUKU,DUKU,Duku,DUKU / (Duku),major,1.0,0.0,0.0,0.0,0.0,statistik_tanaman_buah_2016.pdf,144,0.0
2016,Sabah,Sook,Sook,DURIAN,DURIAN,Durian,DURIAN / (Durian),major,56.8,40.0,285.0,1857.3,7.125,statistik_tanaman_buah_2016.pdf,145,6.985550113917579
2016,Sabah,Sook,Sook,JAMBU_BATU,JAMBU BATU,Guava,JAMBU BATU / Guava,major,10.1,6.0,7.0,15.2,1.1666666666666667,statistik_tanaman_buah_2016.pdf,145,1.3164567968606542
2016,Sabah,Sook,Sook,LANGSAT,LANGSAT,Langsat,LANGSAT / (Langsat),major,20.0,15.0,45.0,101.3,3.0,statistik_tanaman_buah_2016.pdf,146,3.04809176229486
2016,Sabah,Sook,Sook,LIMAU_BESAR,LIMAU BESAR,Pomelo,LIMAU BESAR / Pomelo,major,3.5,3.0,4.0,9.4,1.3333333333333333,statistik_tanaman_buah_2016.pdf,146,1.3324196719425068
2016,Sabah,Sook,Sook,LIMAU_MANIS,LIMAU MANIS,Sweet Orange,LIMAU MANIS / Sweet Orange,major,9.6,3.0,3.0,19.4,1.0,statistik_tanaman_buah_2016.pdf,147,1.035566593274504
2016,Sabah,Sook,Sook,MANGGA,MANGGA,Mango,MANGGA / Mango,major,10.7,5.0,10.0,33.0,2.0,statistik_tanaman_buah_2016.pdf,147,1.9930030124409435
2016,Sabah,Sook,Sook,MANGGIS,MANGGIS,Mangosteen,MANGGIS / Mangosteen,major,11.7,5.0,7.0,23.8,1.4,statistik_tanaman_buah_2016.pdf,148,1.4079937905586288
2016,Sabah,Sook,Sook,MATA_NAGA,MATA NAGA,Dragon Fruit,MATA NAGA / Dragon Fruit,major,2.0,2.0,8.9,27.6,4.45,statistik_tanaman_buah_2016.pdf,148,4.4982163557690065
2016,Sabah,Sook,Sook,NANAS,NANAS,Pineapple,NANAS / Pineapple,major,35.7,34.0,197.2,236.6,5.8,statistik_tanaman_buah_2016.pdf,149,5.837397989672936
2016,Sabah,Sook,Sook,NANGKA,NANGKA,Jackfruit,NANGKA / Jackfruit,major,14.0,14.0,95.2,183.3,6.8,statistik_tanaman_buah_2016.pdf,149,6.9599489374532615
2016,Sabah,Sook,Sook,PISANG,PISANG,Banana,PISANG / Banana,major,90.8,48.0,360.0,630.0,7.5,statistik_tanaman_buah_2016.pdf,150,7.9397538068540054
2016,Sabah,Sook,Sook,PULASAN,PULASAN,Pulasan,PULASAN / (Pulasan),major,0.0,0.0,0.0,0.0,0.0,statistik_tanaman_buah_2016.pdf,150,0.0
2016,Sabah,Sook,Sook,RAMBUTAN,RAMBUTAN,Rambutan,RAMBUTAN / (Rambutan),major,41.5,10.0,70.0,119.0,7.0,statistik_tanaman_buah_2016.pdf,151,7.01927236639751
2016,Sabah,Sook,Sook,SALAK,SALAK,Salak,SALAK / (Salak),major,0.0,0.0,0.0,0.0,0.0,statistik_tanaman_buah_2016.pdf,151,0.0
2016,Sabah,Sook,Sook,TEMBIKAI,TEMBIKAI,Watermelon,TEMBIKAI / Water-melon,major,4.0,4.0,80.0,101.6,20.0,statistik_tanaman_buah_2016.pdf,152,19.124693840909924
2016,Sabah,Tambunan,Tambunan,BELIMBING,BELIMBING,Starfruit,BELIMBING / Starfruit,major,0.6,0.0,0.0,0.0,0.0,statistik_tanaman_buah_2016.pdf,142,0.0
2016,Sabah,Tambunan,Tambunan,BETIK,BETIK,Papaya,BETIK / Papaya,major,0.2,0.0,0.0,0.0,0.0,statistik_tanaman_buah_2016.pdf,142,0.0
2016,Sabah,Tambunan,Tambunan,CEMPEDAK,CEMPEDAK,Cempedak,CEMPEDAK,major,7.3,4.0,16.0,40.0,4.0,statistik_tanaman_buah_2016.pdf,143,3.958777177498362
2016,Sabah,Tambunan,Tambunan,CIKU,CIKU,Ciku,CIKU / Sapodilla,major,0.0,0.0,0.0,0.0,0.0,statistik_tanaman_buah_2016.pdf,143,0.0
2016,Sabah,Tambunan,Tambunan,DOKONG,DOKONG,Dokong,DOKONG / (Dokong),major,0.0,0.0,0.0,0.0,0.0,statistik_tanaman_buah_2016.pdf,144,0.0
2016,Sabah,Tambunan,Tambunan,DUKU,DUKU,Duku,DUKU / (Duku),major,0.0,0.0,0.0,0.0,0.0,statistik_tanaman_buah_2016.pdf,144,0.0
2016,Sabah,Tambunan,Tambunan,DURIAN,DURIAN,Durian,DURIAN / (Durian),major,48.9,41.0,288.0,1876.8,7.024390243902439,statistik_tanaman_buah_2016.pdf,145,7.584220478392152
2016,Sabah,Tambunan,Tambunan,JAMBU_BATU,JAMBU BATU,Guava,JAMBU BATU / Guava,major,9.0,0.0,0.0,0.0,0.0,statistik_tanaman_buah_2016.pdf,145,0.0
2016,Sabah,Tambunan,Tambunan,LANGSAT,LANGSAT,Langsat,LANGSAT / (Langsat),major,4.9,3.0,24.0,54.0,8.0,statistik_tanaman_buah_2016.pdf,146,8.030176546250685
2016,Sabah,Tambunan,Tambunan,LIMAU_BESAR,LIMAU BESAR,Pomelo,LIMAU BESAR / Pomelo,major,0.7,0.0,0.0,0.0,0.0,statistik_tanaman_buah_2016.pdf,146,0.0
2016,Sabah,Tambunan,Tambunan,LIMAU_MANIS,LIMAU MANIS,Sweet Orange,LIMAU MANIS / Sweet Orange,major,2.7,0.0,0.0,0.0,0.0,statistik_tanaman_buah_2016.pdf,147,0.0
2016,Sabah,Tambunan,Tambunan,MANGGA,MANGGA,Mango,MANGGA / Mango,major,6.3,4.0,12.0,39.6,3.0,statistik_tanaman_buah_2016.pdf,147,2.9872708587097434
2016,Sabah,Tambunan,Tambunan,MANGGIS,MANGGIS,Mangosteen,MANGGIS / Mangosteen,major,5.5,0.0,0.0,0.0,0.0,statistik_tanaman_buah_2016.pdf,148,0.0
2016,Sabah,Tambunan,Tambunan,MATA_NAGA,MATA NAGA,Dragon Fruit,MATA NAGA / Dragon Fruit,major,0.2,0.0,0.0,0.0,0.0,statistik_tanaman_buah_2016.pdf,148,0.0
2016,Sabah,Tambunan,Tambunan,NANAS,NANAS,Pineapple,NANAS / Pineapple,major,48.6,25.0,320.0,384.0,12.8,statistik_tanaman_buah_2016.pdf,149,12.902025179512046
2016,Sabah,Tambunan,Tambunan,NANGKA,NANGKA,Jackfruit,NANGKA / Jackfruit,major,1.6,1.6,16.0,30.8,10.0,statistik_tanaman_buah_2016.pdf,149,9.868184563974033
2016,Sabah,Tambunan,Tambunan,PISANG,PISANG,Banana,PISANG / Banana,major,35.4,28.0,273.0,477.8,9.75,statistik_tanaman_buah_2016.pdf,150,9.321876712753264
2016,Sabah,Tambunan,Tambunan,PULASAN,PULASAN,Pulasan,PULASAN / (Pulasan),major,0.0,0.0,0.0,0.0,0.0,statistik_tanaman_buah_2016.pdf,150,0.0
2016,Sabah,Tambunan,Tambunan,RAMBUTAN,RAMBUTAN,Rambutan,RAMBUTAN / (Rambutan),major,14.9,8.0,64.0,108.8,8.0,statistik_tanaman_buah_2016.pdf,151,7.972079854383237
2016,Sabah,Tambunan,Tambunan,SALAK,SALAK,Salak,SALAK / (Salak),major,0.0,0.0,0.0,0.0,0.0,statistik_tanaman_buah_2016.pdf,151,0.0
2016,Sabah,Tambunan,Tambunan,TEMBIKAI,TEMBIKAI,Watermelon,TEMBIKAI / Water-melon,major,0.0,0.0,0.0,0.0,0.0,statistik_tanaman_buah_2016.pdf,152,0.0
2016,Sabah,Tawau,Tawau,BELIMBING,BELIMBING,Starfruit,BELIMBING / Starfruit,major,7.0,7.0,102.9,254.7,14.7,statistik_tanaman_buah_2016.pdf,142,14.41125535306695
2016,Sabah,Tawau,Tawau,BETIK,BETIK,Papaya,BETIK / Papaya,major,10.4,10.4,292.3,448.2,28.10576923076923,statistik_tanaman_buah_2016.pdf,142,24.36381785188739
2016,Sabah,Tawau,Tawau,CEMPEDAK,CEMPEDAK,Cempedak,CEMPEDAK,major,121.0,121.0,1200.0,3000.0,9.917355371900827,statistik_tanaman_buah_2016.pdf,143,10.396647393135021
2016,Sabah,Tawau,Tawau,CIKU,CIKU,Ciku,CIKU / Sapodilla,major,0.0,0.0,0.0,0.0,0.0,statistik_tanaman_buah_2016.pdf,143,0.0
2016,Sabah,Tawau,Tawau,DOKONG,DOKONG,Dokong,DOKONG / (Dokong),major,16.3,16.3,241.9,326.6,14.840490797546012,statistik_tanaman_buah_2016.pdf,144,15.207944727364287
2016,Sabah,Tawau,Tawau,DUKU,DUKU,Duku,DUKU / (Duku),major,14.0,14.0,88.0,129.8,6.285714285714286,statistik_tanaman_buah_2016.pdf,144,6.481057037120147
2016,Sabah,Tawau,Tawau,DURIAN,DURIAN,Durian,DURIAN / (Durian),major,300.0,280.0,2520.0,16422.0,9.0,statistik_tanaman_buah_2016.pdf,145,8.798572965450598
2016,Sabah,Tawau,Tawau,JAMBU_BATU,JAMBU BATU,Guava,JAMBU BATU / Guava,major,20.0,19.0,457.9,995.9,24.1,statistik_tanaman_buah_2016.pdf,145,23.285735761518595
2016,Sabah,Tawau,Tawau,LANGSAT,LANGSAT,Langsat,LANGSAT / (Langsat),major,72.0,70.0,840.0,1890.0,12.0,statistik_tanaman_buah_2016.pdf,146,12.771412905493948
2016,Sabah,Tawau,Tawau,LIMAU_BESAR,LIMAU BESAR,Pomelo,LIMAU BESAR / Pomelo,major,15.0,13.0,240.5,565.2,18.5,statistik_tanaman_buah_2016.pdf,146,17.99209258872615
2016,Sabah,Tawau,Tawau,LIMAU_MANIS,LIMAU MANIS,Sweet Orange,LIMAU MANIS / Sweet Orange,major,0.0,0.0,0.0,0.0,0.0,statistik_tanaman_buah_2016.pdf,147,0.0
2016,Sabah,Tawau,Tawau,MANGGA,MANGGA,Mango,MANGGA / Mango,major,145.0,141.0,564.0,1861.2,4.0,statistik_tanaman_buah_2016.pdf,147,4.17714304026996
2016,Sabah,Tawau,Tawau,MANGGIS,MANGGIS,Mangosteen,MANGGIS / Mangosteen,major,55.8,0.0,0.0,0.0,0.0,statistik_tanaman_buah_2016.pdf,148,0.0
2016,Sabah,Tawau,Tawau,MATA_NAGA,MATA NAGA,Dragon Fruit,MATA NAGA / Dragon Fruit,major,0.0,0.0,0.0,0.0,0.0,statistik_tanaman_buah_2016.pdf,148,0.0
2016,Sabah,Tawau,Tawau,NANAS,NANAS,Pineapple,NANAS / Pineapple,major,27.5,26.5,668.8,802.6,25.2377358490566,statistik_tanaman_buah_2016.pdf,149,20.436459286861783
2016,Sabah,Tawau,Tawau,NANGKA,NANGKA,Jackfruit,NANGKA / Jackfruit,major,92.0,90.0,1800.0,3465.0,20.0,statistik_tanaman_buah_2016.pdf,149,18.666047257826712
2016,Sabah,Tawau,Tawau,PISANG,PISANG,Banana,PISANG / Banana,major,177.5,172.0,3440.0,6020.0,20.0,statistik_tanaman_buah_2016.pdf,150,20.012829749336284
2016,Sabah,Tawau,Tawau,PULASAN,PULASAN,Pulasan,PULASAN / (Pulasan),major,0.0,0.0,0.0,0.0,0.0,statistik_tanaman_buah_2016.pdf,150,0.0
2016,Sabah,Tawau,Tawau,RAMBUTAN,RAMBUTAN,Rambutan,RAMBUTAN / (Rambutan),major,270.0,268.0,3484.0,5922.8,13.0,statistik_tanaman_buah_2016.pdf,151,16.068212143920444
2016,Sabah,Tawau,Tawau,SALAK,SALAK,Salak,SALAK / (Salak),major,68.0,66.0,594.0,891.0,9.0,statistik_tanaman_buah_2016.pdf,151,9.363128627292072
2016,Sabah,Tawau,Tawau,TEMBIKAI,TEMBIKAI,Watermelon,TEMBIKAI / Water-melon,major,5.4,5.4,51.0,64.8,9.444444444444445,statistik_tanaman_buah_2016.pdf,152,9.97740357759755
2016,Sabah,Telupid,Telupid,BELIMBING,BELIMBING,Starfruit,BELIMBING / Starfruit,major,0.0,0.0,0.0,0.0,0.0,statistik_tanaman_buah_2016.pdf,142,0.0
2016,Sabah,Telupid,Telupid,BETIK,BETIK,Papaya,BETIK / Papaya,major,0.0,0.0,0.0,0.0,0.0,statistik_tanaman_buah_2016.pdf,142,0.0
2016,Sabah,Telupid,Telupid,CEMPEDAK,CEMPEDAK,Cempedak,CEMPEDAK,major,3.0,2.0,3.6,9.0,1.8,statistik_tanaman_buah_2016.pdf,143,1.894327556702558
2016,Sabah,Telupid,Telupid,CIKU,CIKU,Ciku,CIKU / Sapodilla,major,0.0,0.0,0.0,0.0,0.0,statistik_tanaman_buah_2016.pdf,143,0.0
2016,Sabah,Telupid,Telupid,DOKONG,DOKONG,Dokong,DOKONG / (Dokong),major,0.0,0.0,0.0,0.0,0.0,statistik_tanaman_buah_2016.pdf,144,0.0
2016,Sabah,Telupid,Telupid,DUKU,DUKU,Duku,DUKU / (Duku),major,3.0,0.0,0.0,0.0,0.0,statistik_tanaman_buah_2016.pdf,144,0.0
2016,Sabah,Telupid,Telupid,DURIAN,DURIAN,Durian,DURIAN / (Durian),major,25.0,9.2,9.2,60.0,1.0,statistik_tanaman_buah_2016.pdf,145,1.0241058618038203
2016,Sabah,Telupid,Telupid,JAMBU_BATU,JAMBU BATU,Guava,JAMBU BATU / Guava,major,0.0,0.0,0.0,0.0,0.0,statistik_tanaman_buah_2016.pdf,145,0.0
2016,Sabah,Telupid,Telupid,LANGSAT,LANGSAT,Langsat,LANGSAT / (Langsat),major,4.0,0.0,0.0,0.0,0.0,statistik_tanaman_buah_2016.pdf,146,0.0
2016,Sabah,Telupid,Telupid,LIMAU_BESAR,LIMAU BESAR,Pomelo,LIMAU BESAR / Pomelo,major,0.0,0.0,0.0,0.0,0.0,statistik_tanaman_buah_2016.pdf,146,0.0
2016,Sabah,Telupid,Telupid,LIMAU_MANIS,LIMAU MANIS,Sweet Orange,LIMAU MANIS / Sweet Orange,major,0.0,0.0,0.0,0.0,0.0,statistik_tanaman_buah_2016.pdf,147,0.0
2016,Sabah,Telupid,Telupid,MANGGA,MANGGA,Mango,MANGGA / Mango,major,4.0,0.0,0.0,0.0,0.0,statistik_tanaman_buah_2016.pdf,147,0.0
2016,Sabah,Telupid,Telupid,MANGGIS,MANGGIS,Mangosteen,MANGGIS / Mangosteen,major,0.0,0.0,0.0,0.0,0.0,statistik_tanaman_buah_2016.pdf,148,0.0
2016,Sabah,Telupid,Telupid,MATA_NAGA,MATA NAGA,Dragon Fruit,MATA NAGA / Dragon Fruit,major,0.0,0.0,0.0,0.0,0.0,statistik_tanaman_buah_2016.pdf,148,0.0
2016,Sabah,Telupid,Telupid,NANAS,NANAS,Pineapple,NANAS / Pineapple,major,1.0,0.3,3.0,3.6,10.0,statistik_tanaman_buah_2016.pdf,149,9.357277777777776
2016,Sabah,Telupid,Telupid,NANGKA,NANGKA,Jackfruit,NANGKA / Jackfruit,major,1.0,0.8,1.0,1.9,1.25,statistik_tanaman_buah_2016.pdf,149,1.3213439153439155
2016,Sabah,Telupid,Telupid,PISANG,PISANG,Banana,PISANG / Banana,major,26.9,5.0,99.0,173.3,19.8,statistik_tanaman_buah_2016.pdf,150,17.96705840315277
2016,Sabah,Telupid,Telupid,PULASAN,PULASAN,Pulasan,PULASAN / (Pulasan),major,0.0,0.0,0.0,0.0,0.0,statistik_tanaman_buah_2016.pdf,150,0.0
2016,Sabah,Telupid,Telupid,RAMBUTAN,RAMBUTAN,Rambutan,RAMBUTAN / (Rambutan),major,12.0,7.0,6.6,11.2,0.9428571428571428,statistik_tanaman_buah_2016.pdf,151,1.03705853073161
2016,Sabah,Telupid,Telupid,SALAK,SALAK,Salak,SALAK / (Salak),major,0.0,0.0,0.0,0.0,0.0,statistik_tanaman_buah_2016.pdf,151,0.0
2016,Sabah,Telupid,Telupid,TEMBIKAI,TEMBIKAI,Watermelon,TEMBIKAI / Water-melon,major,0.8,0.8,7.0,8.9,8.75,statistik_tanaman_buah_2016.pdf,152,9.539480297967144
2016,Sabah,Tenom,Tenom,BELIMBING,BELIMBING,Starfruit,BELIMBING / Starfruit,major,2.6,2.6,38.2,94.5,14.692307692307692,statistik_tanaman_buah_2016.pdf,142,14.248433400597014
2016,Sabah,Tenom,Tenom,BETIK,BETIK,Papaya,BETIK / Papaya,major,83.5,83.5,2588.5,3969.0,31.0,statistik_tanaman_buah_2016.pdf,142,29.02387557973127
2016,Sabah,Tenom,Tenom,CEMPEDAK,CEMPEDAK,Cempedak,CEMPEDAK,major,4.7,4.7,56.4,141.0,12.0,statistik_tanaman_buah_2016.pdf,143,11.353590829906425
2016,Sabah,Tenom,Tenom,CIKU,CIKU,Ciku,CIKU / Sapodilla,major,0.0,0.0,0.0,0.0,0.0,statistik_tanaman_buah_2016.pdf,143,0.0
2016,Sabah,Tenom,Tenom,DOKONG,DOKONG,Dokong,DOKONG / (Dokong),major,7.2,7.2,59.8,80.7,8.305555555555555,statistik_tanaman_buah_2016.pdf,144,8.487137197546897
2016,Sabah,Tenom,Tenom,DUKU,DUKU,Duku,DUKU / (Duku),major,2.0,2.0,20.0,29.5,10.0,statistik_tanaman_buah_2016.pdf,144,9.992541003337914
2016,Sabah,Tenom,Tenom,DURIAN,DURIAN,Durian,DURIAN / (Durian),major,133.7,133.7,1604.0,10452.7,11.99700822737472,statistik_tanaman_buah_2016.pdf,145,11.619356150315381
2016,Sabah,Tenom,Tenom,JAMBU_BATU,JAMBU BATU,Guava,JAMBU BATU / Guava,major,32.2,32.2,171.0,371.9,5.31055900621118,statistik_tanaman_buah_2016.pdf,145,5.3923457310632585
2016,Sabah,Tenom,Tenom,LANGSAT,LANGSAT,Langsat,LANGSAT / (Langsat),major,21.2,21.0,182.7,411.1,8.7,statistik_tanaman_buah_2016.pdf,146,8.597653353220645
2016,Sabah,Tenom,Tenom,LIMAU_BESAR,LIMAU BESAR,Pomelo,LIMAU BESAR / Pomelo,major,345.3,282.0,4377.0,10286.0,15.52127659574468,statistik_tanaman_buah_2016.pdf,146,18.452992084703165
2016,Sabah,Tenom,Tenom,LIMAU_MANIS,LIMAU MANIS,Sweet Orange,LIMAU MANIS / Sweet Orange,major,2.0,2.0,4.6,29.7,2.3,statistik_tanaman_buah_2016.pdf,147,2.353104868311761
2016,Sabah,Tenom,Tenom,MANGGA,MANGGA,Mango,MANGGA / Mango,major,1.0,1.0,3.0,9.9,3.0,statistik_tanaman_buah_2016.pdf,147,3.0077878787878793
2016,Sabah,Tenom,Tenom,MANGGIS,MANGGIS,Mangosteen,MANGGIS / Mangosteen,major,15.6,15.6,187.0,635.8,11.987179487179487,statistik_tanaman_buah_2016.pdf,148,12.102594232518214
2016,Sabah,Tenom,Tenom,MATA_NAGA,MATA NAGA,Dragon Fruit,MATA NAGA / Dragon Fruit,major,0.0,0.0,0.0,0.0,0.0,statistik_tanaman_buah_2016.pdf,148,0.0
2016,Sabah,Tenom,Tenom,NANAS,NANAS,Pineapple,NANAS / Pineapple,major,0.0,0.0,0.0,0.0,0.0,statistik_tanaman_buah_2016.pdf,149,0.0
2016,Sabah,Tenom,Tenom,NANGKA,NANGKA,Jackfruit,NANGKA / Jackfruit,major,0.0,0.0,0.0,0.0,0.0,statistik_tanaman_buah_2016.pdf,149,0.0
2016,Sabah,Tenom,Tenom,PISANG,PISANG,Banana,PISANG / Banana,major,335.0,320.0,22320.0,39060.0,69.75,statistik_tanaman_buah_2016.pdf,150,55.193206890139024
2016,Sabah,Tenom,Tenom,PULASAN,PULASAN,Pulasan,PULASAN / (Pulasan),major,0.0,0.0,0.0,0.0,0.0,statistik_tanaman_buah_2016.pdf,150,0.0
2016,Sabah,Tenom,Tenom,RAMBUTAN,RAMBUTAN,Rambutan,RAMBUTAN / (Rambutan),major,3.1,3.1,31.0,52.7,10.0,statistik_tanaman_buah_2016.pdf,151,10.1208564613069
2016,Sabah,Tenom,Tenom,SALAK,SALAK,Salak,SALAK / (Salak),major,0.0,0.0,0.0,0.0,0.0,statistik_tanaman_buah_2016.pdf,151,0.0
2016,Sabah,Tenom,Tenom,TEMBIKAI,TEMBIKAI,Watermelon,TEMBIKAI / Water-melon,major,0.4,0.4,7.0,8.9,17.5,statistik_tanaman_buah_2016.pdf,152,16.463404761904762
2016,Sabah,Tongod,Tongod,BELIMBING,BELIMBING,Starfruit,BELIMBING / Starfruit,major,0.0,0.0,0.0,0.0,0.0,statistik_tanaman_buah_2016.pdf,142,0.0
2016,Sabah,Tongod,Tongod,BETIK,BETIK,Papaya,BETIK / Papaya,major,0.0,0.0,0.0,0.0,0.0,statistik_tanaman_buah_2016.pdf,142,0.0
2016,Sabah,Tongod,Tongod,CEMPEDAK,CEMPEDAK,Cempedak,CEMPEDAK,major,42.9,35.0,175.0,437.5,5.0,statistik_tanaman_buah_2016.pdf,143,5.03620299966543
2016,Sabah,Tongod,Tongod,CIKU,CIKU,Ciku,CIKU / Sapodilla,major,0.0,0.0,0.0,0.0,0.0,statistik_tanaman_buah_2016.pdf,143,0.0
2016,Sabah,Tongod,Tongod,DOKONG,DOKONG,Dokong,DOKONG / (Dokong),major,0.0,0.0,0.0,0.0,0.0,statistik_tanaman_buah_2016.pdf,144,0.0
2016,Sabah,Tongod,Tongod,DUKU,DUKU,Duku,DUKU / (Duku),major,0.0,0.0,0.0,0.0,0.0,statistik_tanaman_buah_2016.pdf,144,0.0
2016,Sabah,Tongod,Tongod,DURIAN,DURIAN,Durian,DURIAN / (Durian),major,213.7,60.0,450.0,2932.5,7.5,statistik_tanaman_buah_2016.pdf,145,7.472814204179095
2016,Sabah,Tongod,Tongod,JAMBU_BATU,JAMBU BATU,Guava,JAMBU BATU / Guava,major,0.0,0.0,0.0,0.0,0.0,statistik_tanaman_buah_2016.pdf,145,0.0
2016,Sabah,Tongod,Tongod,LANGSAT,LANGSAT,Langsat,LANGSAT / (Langsat),major,44.6,25.0,200.0,450.0,8.0,statistik_tanaman_buah_2016.pdf,146,8.077194271175358
2016,Sabah,Tongod,Tongod,LIMAU_BESAR,LIMAU BESAR,Pomelo,LIMAU BESAR / Pomelo,major,0.0,0.0,0.0,0.0,0.0,statistik_tanaman_buah_2016.pdf,146,0.0
2016,Sabah,Tongod,Tongod,LIMAU_MANIS,LIMAU MANIS,Sweet Orange,LIMAU MANIS / Sweet Orange,major,2.0,0.8,4.8,31.0,5.999999999999999,statistik_tanaman_buah_2016.pdf,147,6.21545091945092
2016,Sabah,Tongod,Tongod,MANGGA,MANGGA,Mango,MANGGA / Mango,major,0.0,0.0,0.0,0.0,0.0,statistik_tanaman_buah_2016.pdf,147,0.0
2016,Sabah,Tongod,Tongod,MANGGIS,MANGGIS,Mangosteen,MANGGIS / Mangosteen,major,0.0,0.0,0.0,0.0,0.0,statistik_tanaman_buah_2016.pdf,148,0.0
2016,Sabah,Tongod,Tongod,MATA_NAGA,MATA NAGA,Dragon Fruit,MATA NAGA / Dragon Fruit,major,0.0,0.0,0.0,0.0,0.0,statistik_tanaman_buah_2016.pdf,148,0.0
2016,Sabah,Tongod,Tongod,NANAS,NANAS,Pineapple,NANAS / Pineapple,major,15.0,15.0,133.5,160.2,8.9,statistik_tanaman_buah_2016.pdf,149,9.169659204773668
2016,Sabah,Tongod,Tongod,NANGKA,NANGKA,Jackfruit,NANGKA / Jackfruit,major,0.0,0.0,0.0,0.0,0.0,statistik_tanaman_buah_2016.pdf,149,0.0
2016,Sabah,Tongod,Tongod,PISANG,PISANG,Banana,PISANG / Banana,major,23.0,8.5,168.0,294.0,19.764705882352946,statistik_tanaman_buah_2016.pdf,150,18.820329062146985
2016,Sabah,Tongod,Tongod,PULASAN,PULASAN,Pulasan,PULASAN / (Pulasan),major,0.0,0.0,0.0,0.0,0.0,statistik_tanaman_buah_2016.pdf,150,0.0
2016,Sabah,Tongod,Tongod,RAMBUTAN,RAMBUTAN,Rambutan,RAMBUTAN / (Rambutan),major,70.7,65.0,520.0,884.0,8.0,statistik_tanaman_buah_2016.pdf,151,8.125054399589029
2016,Sabah,Tongod,Tongod,SALAK,SALAK,Salak,SALAK / (Salak),major,0.0,0.0,0.0,0.0,0.0,statistik_tanaman_buah_2016.pdf,151,0.0
2016,Sabah,Tongod,Tongod,TEMBIKAI,TEMBIKAI,Watermelon,TEMBIKAI / Water-melon,major,0.0,0.0,0.0,0.0,0.0,statistik_tanaman_buah_2016.pdf,152,0.0
2016,Sabah,Tuaran,Tuaran,BELIMBING,BELIMBING,Starfruit,BELIMBING / Starfruit,major,1.4,1.4,9.1,22.5,6.5,statistik_tanaman_buah_2016.pdf,142,6.397082645138377
2016,Sabah,Tuaran,Tuaran,BETIK,BETIK,Papaya,BETIK / Papaya,major,1.0,1.0,6.7,10.3,6.7,statistik_tanaman_buah_2016.pdf,142,7.107722222222236
2016,Sabah,Tuaran,Tuaran,CEMPEDAK,CEMPEDAK,Cempedak,CEMPEDAK,major,162.6,161.9,1214.3,3035.8,7.500308832612723,statistik_tanaman_buah_2016.pdf,143,7.652133067658417
2016,Sabah,Tuaran,Tuaran,CIKU,CIKU,Ciku,CIKU / Sapodilla,major,0.2,0.2,2.2,4.6,11.0,statistik_tanaman_buah_2016.pdf,143,11.021222222222224
2016,Sabah,Tuaran,Tuaran,DOKONG,DOKONG,Dokong,DOKONG / (Dokong),major,0.0,0.0,0.0,0.0,0.0,statistik_tanaman_buah_2016.pdf,144,0.0
2016,Sabah,Tuaran,Tuaran,DUKU,DUKU,Duku,DUKU / (Duku),major,0.0,0.0,0.0,0.0,0.0,statistik_tanaman_buah_2016.pdf,144,0.0
2016,Sabah,Tuaran,Tuaran,DURIAN,DURIAN,Durian,DURIAN / (Durian),major,298.1,290.0,2740.3,17857.6,9.449310344827587,statistik_tanaman_buah_2016.pdf,145,8.938076173343456
2016,Sabah,Tuaran,Tuaran,JAMBU_BATU,JAMBU BATU,Guava,JAMBU BATU / Guava,major,7.0,7.0,84.2,183.1,12.028571428571428,statistik_tanaman_buah_2016.pdf,145,12.194808856257948
2016,Sabah,Tuaran,Tuaran,LANGSAT,LANGSAT,Langsat,LANGSAT / (Langsat),major,183.6,178.5,1338.8,3012.3,7.500280112044818,statistik_tanaman_buah_2016.pdf,146,7.635041455867311
2016,Sabah,Tuaran,Tuaran,LIMAU_BESAR,LIMAU BESAR,Pomelo,LIMAU BESAR / Pomelo,major,0.0,0.0,0.0,0.0,0.0,statistik_tanaman_buah_2016.pdf,146,0.0
2016,Sabah,Tuaran,Tuaran,LIMAU_MANIS,LIMAU MANIS,Sweet Orange,LIMAU MANIS / Sweet Orange,major,0.0,0.0,0.0,0.0,0.0,statistik_tanaman_buah_2016.pdf,147,0.0
2016,Sabah,Tuaran,Tuaran,MANGGA,MANGGA,Mango,MANGGA / Mango,major,150.1,131.0,1124.9,3712.2,8.58702290076336,statistik_tanaman_buah_2016.pdf,147,8.723342559467891
2016,Sabah,Tuaran,Tuaran,MANGGIS,MANGGIS,Mangosteen,MANGGIS / Mangosteen,major,3.5,3.5,41.2,140.1,11.771428571428572,statistik_tanaman_buah_2016.pdf,148,12.17428740520295
2016,Sabah,Tuaran,Tuaran,MATA_NAGA,MATA NAGA,Dragon Fruit,MATA NAGA / Dragon Fruit,major,0.0,0.0,0.0,0.0,0.0,statistik_tanaman_buah_2016.pdf,148,0.0
2016,Sabah,Tuaran,Tuaran,NANAS,NANAS,Pineapple,NANAS / Pineapple,major,334.0,326.3,8224.1,9868.9,25.20410665032179,statistik_tanaman_buah_2016.pdf,149,24.03897810742207
2016,Sabah,Tuaran,Tuaran,NANGKA,NANGKA,Jackfruit,NANGKA / Jackfruit,major,26.2,26.0,377.0,725.7,14.5,statistik_tanaman_buah_2016.pdf,149,14.343262591609568
2016,Sabah,Tuaran,Tuaran,PISANG,PISANG,Banana,PISANG / Banana,major,200.7,200.0,3530.0,6177.5,17.65,statistik_tanaman_buah_2016.pdf,150,18.272157951981033
2016,Sabah,Tuaran,Tuaran,PULASAN,PULASAN,Pulasan,PULASAN / (Pulasan),major,0.0,0.0,0.0,0.0,0.0,statistik_tanaman_buah_2016.pdf,150,0.0
2016,Sabah,Tuaran,Tuaran,RAMBUTAN,RAMBUTAN,Rambutan,RAMBUTAN / (Rambutan),major,154.4,152.0,1672.0,2842.4,11.0,statistik_tanaman_buah_2016.pdf,151,11.080467697908345
2016,Sabah,Tuaran,Tuaran,SALAK,SALAK,Salak,SALAK / (Salak),major,0.0,0.0,0.0,0.0,0.0,statistik_tanaman_buah_2016.pdf,151,0.0
2016,Sabah,Tuaran,Tuaran,TEMBIKAI,TEMBIKAI,Watermelon,TEMBIKAI / Water-melon,major,4.1,4.1,77.7,98.7,18.951219512195124,statistik_tanaman_buah_2016.pdf,152,18.643686736940218
2017,Sabah,Beaufort,Beaufort,BELIMBING,BELIMBING,Starfruit,BELIMBING / Starfruit,major,0.0,0.0,0.0,0.0,0.0,statistik_tanaman_buah_2017.pdf,145,0.0
2017,Sabah,Beaufort,Beaufort,BETIK,BETIK,Papaya,BETIK / Papaya,major,0.0,0.0,0.0,0.0,0.0,statistik_tanaman_buah_2017.pdf,145,0.0
2017,Sabah,Beaufort,Beaufort,CEMPEDAK,CEMPEDAK,Cempedak,CEMPEDAK / (Cempedak),major,140.0,73.5,352.8,1164.2,4.8,statistik_tanaman_buah_2017.pdf,146,4.847895170648633
2017,Sabah,Beaufort,Beaufort,CIKU,CIKU,Ciku,CIKU / Sapodilla,major,0.0,0.0,0.0,0.0,0.0,statistik_tanaman_buah_2017.pdf,146,0.0
2017,Sabah,Beaufort,Beaufort,DOKONG,DOKONG,Dokong,DOKONG / (Dokong),major,0.5,0.5,3.9,6.6,7.8,statistik_tanaman_buah_2017.pdf,147,7.790611111111102
2017,Sabah,Beaufort,Beaufort,DUKU,DUKU,Duku,DUKU / (Duku),major,8.0,8.0,72.1,185.7,9.0125,statistik_tanaman_buah_2017.pdf,147,8.915816254064135
2017,Sabah,Beaufort,Beaufort,DURIAN,DURIAN,Durian,DURIAN / (Durian),major,196.8,70.8,375.2,4971.4,5.299435028248587,statistik_tanaman_buah_2017.pdf,148,5.314290596137062
2017,Sabah,Beaufort,Beaufort,JAMBU_BATU,JAMBU BATU,Guava,JAMBU BATU / Guava,major,0.0,0.0,0.0,0.0,0.0,statistik_tanaman_buah_2017.pdf,148,0.0
2017,Sabah,Beaufort,Beaufort,LANGSAT,LANGSAT,Langsat,LANGSAT / (Langsat),major,48.0,41.2,292.0,744.6,7.0873786407766985,statistik_tanaman_buah_2017.pdf,149,7.232171889982581
2017,Sabah,Beaufort,Beaufort,LIMAU_BESAR,LIMAU BESAR,Pomelo,LIMAU BESAR / Pomelo,major,3.0,3.0,20.7,45.5,6.9,statistik_tanaman_buah_2017.pdf,149,7.103151456143699
2017,Sabah,Beaufort,Beaufort,LIMAU_MANIS,LIMAU MANIS,Sweet Orange,LIMAU MANIS / Sweet Orange,major,6.4,6.4,19.4,56.3,3.03125,statistik_tanaman_buah_2017.pdf,150,3.1106670136314407
2017,Sabah,Beaufort,Beaufort,MANGGA,MANGGA,Mango,MANGGA / Mango,major,32.6,25.8,56.8,507.4,2.201550387596899,statistik_tanaman_buah_2017.pdf,150,2.344271324252675
2017,Sabah,Beaufort,Beaufort,MANGGIS,MANGGIS,Mangosteen,MANGGIS / Mangosteen,major,39.7,36.0,259.2,1088.6,7.199999999999999,statistik_tanaman_buah_2017.pdf,151,7.113952939553178
2017,Sabah,Beaufort,Beaufort,MATA_NAGA,MATA NAGA,Dragon Fruit,MATA NAGA / Dragon Fruit,major,0.0,0.0,0.0,0.0,0.0,statistik_tanaman_buah_2017.pdf,151,0.0
2017,Sabah,Beaufort,Beaufort,NANAS,NANAS,Pineapple,NANAS / Pineapple,major,39.7,39.7,519.8,1020.1,13.093198992443323,statistik_tanaman_buah_2017.pdf,152,13.202460051806593
2017,Sabah,Beaufort,Beaufort,NANGKA,NANGKA,Jackfruit,NANGKA / Jackfruit,major,8.0,8.0,49.9,104.2,6.2375,statistik_tanaman_buah_2017.pdf,152,6.392241305921265
2017,Sabah,Beaufort,Beaufort,PISANG,PISANG,Banana,PISANG / Banana,major,51.8,43.8,397.7,688.0,9.079908675799087,statistik_tanaman_buah_2017.pdf,153,9.339442815195586
2017,Sabah,Beaufort,Beaufort,PULASAN,PULASAN,Pulasan,PULASAN / (Pulasan),major,0.0,0.0,0.0,0.0,0.0,statistik_tanaman_buah_2017.pdf,153,0.0
2017,Sabah,Beaufort,Beaufort,RAMBUTAN,RAMBUTAN,Rambutan,RAMBUTAN / (Rambutan),major,100.2,95.2,580.7,1640.5,6.099789915966387,statistik_tanaman_buah_2017.pdf,154,6.180996349702498
2017,Sabah,Beaufort,Beaufort,SALAK,SALAK,Salak,SALAK / (Salak),major,0.0,0.0,0.0,0.0,0.0,statistik_tanaman_buah_2017.pdf,154,0.0
2017,Sabah,Beaufort,Beaufort,TEMBIKAI,TEMBIKAI,Watermelon,TEMBIKAI / Water-melon,major,16.0,16.0,308.3,407.0,19.26875,statistik_tanaman_buah_2017.pdf,155,19.043522964912686
2017,Sabah,Beluran,Beluran,BELIMBING,BELIMBING,Starfruit,BELIMBING / Starfruit,major,0.0,0.0,0.0,0.0,0.0,statistik_tanaman_buah_2017.pdf,145,0.0
2017,Sabah,Beluran,Beluran,BETIK,BETIK,Papaya,BETIK / Papaya,major,1.0,0.0,0.0,0.0,0.0,statistik_tanaman_buah_2017.pdf,145,0.0
2017,Sabah,Beluran,Beluran,CEMPEDAK,CEMPEDAK,Cempedak,CEMPEDAK / (Cempedak),major,29.5,29.5,51.0,168.3,1.728813559322034,statistik_tanaman_buah_2017.pdf,146,1.783822109535101
2017,Sabah,Beluran,Beluran,CIKU,CIKU,Ciku,CIKU / Sapodilla,major,0.0,0.0,0.0,0.0,0.0,statistik_tanaman_buah_2017.pdf,146,0.0
2017,Sabah,Beluran,Beluran,DOKONG,DOKONG,Dokong,DOKONG / (Dokong),major,0.0,0.0,0.0,0.0,0.0,statistik_tanaman_buah_2017.pdf,147,0.0
2017,Sabah,Beluran,Beluran,DUKU,DUKU,Duku,DUKU / (Duku),major,2.0,0.0,0.0,0.0,0.0,statistik_tanaman_buah_2017.pdf,147,0.0
2017,Sabah,Beluran,Beluran,DURIAN,DURIAN,Durian,DURIAN / (Durian),major,39.6,15.0,110.0,1457.5,7.333333333333333,statistik_tanaman_buah_2017.pdf,148,7.36272902659567
2017,Sabah,Beluran,Beluran,JAMBU_BATU,JAMBU BATU,Guava,JAMBU BATU / Guava,major,0.0,0.0,0.0,0.0,0.0,statistik_tanaman_buah_2017.pdf,148,0.0
2017,Sabah,Beluran,Beluran,LANGSAT,LANGSAT,Langsat,LANGSAT / (Langsat),major,40.0,40.0,76.0,193.8,1.9,statistik_tanaman_buah_2017.pdf,149,1.9964569811324744
2017,Sabah,Beluran,Beluran,LIMAU_BESAR,LIMAU BESAR,Pomelo,LIMAU BESAR / Pomelo,major,0.8,0.8,10.0,22.0,12.5,statistik_tanaman_buah_2017.pdf,149,12.276575276575278
2017,Sabah,Beluran,Beluran,LIMAU_MANIS,LIMAU MANIS,Sweet Orange,LIMAU MANIS / Sweet Orange,major,1.3,1.3,10.9,31.6,8.384615384615385,statistik_tanaman_buah_2017.pdf,150,8.213767399267397
2017,Sabah,Beluran,Beluran,MANGGA,MANGGA,Mango,MANGGA / Mango,major,43.2,40.0,52.0,464.5,1.3,statistik_tanaman_buah_2017.pdf,150,1.47317610333523
2017,Sabah,Beluran,Beluran,MANGGIS,MANGGIS,Mangosteen,MANGGIS / Mangosteen,major,2.0,1.5,11.0,46.2,7.333333333333333,statistik_tanaman_buah_2017.pdf,151,7.609966422466429
2017,Sabah,Beluran,Beluran,MATA_NAGA,MATA NAGA,Dragon Fruit,MATA NAGA / Dragon Fruit,major,30.3,0.0,0.0,0.0,0.0,statistik_tanaman_buah_2017.pdf,151,0.0
2017,Sabah,Beluran,Beluran,NANAS,NANAS,Pineapple,NANAS / Pineapple,major,12.0,9.4,132.8,260.6,14.127659574468083,statistik_tanaman_buah_2017.pdf,152,14.056834460580093
2017,Sabah,Beluran,Beluran,NANGKA,NANGKA,Jackfruit,NANGKA / Jackfruit,major,23.0,20.5,190.0,396.6,9.268292682926829,statistik_tanaman_buah_2017.pdf,152,9.207473741527707
2017,Sabah,Beluran,Beluran,PISANG,PISANG,Banana,PISANG / Banana,major,70.7,57.7,1011.0,1749.0,17.52166377816291,statistik_tanaman_buah_2017.pdf,153,17.04285361658242
2017,Sabah,Beluran,Beluran,PULASAN,PULASAN,Pulasan,PULASAN / (Pulasan),major,0.0,0.0,0.0,0.0,0.0,statistik_tanaman_buah_2017.pdf,153,0.0
2017,Sabah,Beluran,Beluran,RAMBUTAN,RAMBUTAN,Rambutan,RAMBUTAN / (Rambutan),major,70.6,70.6,450.0,1271.3,6.373937677053825,statistik_tanaman_buah_2017.pdf,154,6.851039401215354
2017,Sabah,Beluran,Beluran,SALAK,SALAK,Salak,SALAK / (Salak),major,0.0,0.0,0.0,0.0,0.0,statistik_tanaman_buah_2017.pdf,154,0.0
2017,Sabah,Beluran,Beluran,TEMBIKAI,TEMBIKAI,Watermelon,TEMBIKAI / Water-melon,major,1.0,0.0,0.0,0.0,0.0,statistik_tanaman_buah_2017.pdf,155,0.0
2017,Sabah,Keningau,Keningau,BELIMBING,BELIMBING,Starfruit,BELIMBING / Starfruit,major,0.0,0.0,0.0,0.0,0.0,statistik_tanaman_buah_2017.pdf,145,0.0
2017,Sabah,Keningau,Keningau,BETIK,BETIK,Papaya,BETIK / Papaya,major,58.4,33.4,747.8,1071.8,22.389221556886227,statistik_tanaman_buah_2017.pdf,145,21.781034886652016
2017,Sabah,Keningau,Keningau,CEMPEDAK,CEMPEDAK,Cempedak,CEMPEDAK / (Cempedak),major,6.0,6.0,24.0,79.2,4.0,statistik_tanaman_buah_2017.pdf,146,4.0059773405699595
2017,Sabah,Keningau,Keningau,CIKU,CIKU,Ciku,CIKU / Sapodilla,major,1.5,1.5,0.8,1.9,0.5333333333333333,statistik_tanaman_buah_2017.pdf,146,0.6286402116402111
2017,Sabah,Keningau,Keningau,DOKONG,DOKONG,Dokong,DOKONG / (Dokong),major,0.0,0.0,0.0,0.0,0.0,statistik_tanaman_buah_2017.pdf,147,0.0
2017,Sabah,Keningau,Keningau,DUKU,DUKU,Duku,DUKU / (Duku),major,7.0,2.0,2.4,6.2,1.2,statistik_tanaman_buah_2017.pdf,147,1.1960854187235717
2017,Sabah,Keningau,Keningau,DURIAN,DURIAN,Durian,DURIAN / (Durian),major,348.7,135.0,742.5,9838.1,5.5,statistik_tanaman_buah_2017.pdf,148,5.757581578465597
2017,Sabah,Keningau,Keningau,JAMBU_BATU,JAMBU BATU,Guava,JAMBU BATU / Guava,major,3.2,3.2,49.6,124.0,15.5,statistik_tanaman_buah_2017.pdf,148,16.237317660519025
2017,Sabah,Keningau,Keningau,LANGSAT,LANGSAT,Langsat,LANGSAT / (Langsat),major,3.2,2.0,9.6,24.5,4.8,statistik_tanaman_buah_2017.pdf,149,4.725159482736784
2017,Sabah,Keningau,Keningau,LIMAU_BESAR,LIMAU BESAR,Pomelo,LIMAU BESAR / Pomelo,major,1.6,1.6,4.3,9.5,2.6875,statistik_tanaman_buah_2017.pdf,149,2.6737855616605604
2017,Sabah,Keningau,Keningau,LIMAU_MANIS,LIMAU MANIS,Sweet Orange,LIMAU MANIS / Sweet Orange,major,1.6,1.6,4.0,11.6,2.5,statistik_tanaman_buah_2017.pdf,150,2.4882777777777765
2017,Sabah,Keningau,Keningau,MANGGA,MANGGA,Mango,MANGGA / Mango,major,6.0,6.0,10.8,96.5,1.8,statistik_tanaman_buah_2017.pdf,150,1.8601066646853863
2017,Sabah,Keningau,Keningau,MANGGIS,MANGGIS,Mangosteen,MANGGIS / Mangosteen,major,8.0,8.0,61.6,258.7,7.7,statistik_tanaman_buah_2017.pdf,151,7.852935777425565
2017,Sabah,Keningau,Keningau,MATA_NAGA,MATA NAGA,Dragon Fruit,MATA NAGA / Dragon Fruit,major,2.0,2.0,4.5,17.8,2.25,statistik_tanaman_buah_2017.pdf,151,2.3097735690235686
2017,Sabah,Keningau,Keningau,NANAS,NANAS,Pineapple,NANAS / Pineapple,major,28.0,24.0,143.3,281.2,5.970833333333334,statistik_tanaman_buah_2017.pdf,152,6.549357113493046
2017,Sabah,Keningau,Keningau,NANGKA,NANGKA,Jackfruit,NANGKA / Jackfruit,major,0.0,0.0,0.0,0.0,0.0,statistik_tanaman_buah_2017.pdf,152,0.0
2017,Sabah,Keningau,Keningau,PISANG,PISANG,Banana,PISANG / Banana,major,68.0,64.0,1370.3,2370.6,21.4109375,statistik_tanaman_buah_2017.pdf,153,20.827618366429377
2017,Sabah,Keningau,Keningau,PULASAN,PULASAN,Pulasan,PULASAN / (Pulasan),major,0.0,0.0,0.0,0.0,0.0,statistik_tanaman_buah_2017.pdf,153,0.0
2017,Sabah,Keningau,Keningau,RAMBUTAN,RAMBUTAN,Rambutan,RAMBUTAN / (Rambutan),major,20.0,15.0,63.0,178.0,4.2,statistik_tanaman_buah_2017.pdf,154,4.233877165918741
2017,Sabah,Keningau,Keningau,SALAK,SALAK,Salak,SALAK / (Salak),major,0.0,0.0,0.0,0.0,0.0,statistik_tanaman_buah_2017.pdf,154,0.0
2017,Sabah,Keningau,Keningau,TEMBIKAI,TEMBIKAI,Watermelon,TEMBIKAI / Water-melon,major,2.4,0.0,0.0,0.0,0.0,statistik_tanaman_buah_2017.pdf,155,0.0
2017,Sabah,Kinabatangan,Kinabatangan,BELIMBING,BELIMBING,Starfruit,BELIMBING / Starfruit,major,0.0,0.0,0.0,0.0,0.0,statistik_tanaman_buah_2017.pdf,145,0.0
2017,Sabah,Kinabatangan,Kinabatangan,BETIK,BETIK,Papaya,BETIK / Papaya,major,0.0,0.0,0.0,0.0,0.0,statistik_tanaman_buah_2017.pdf,145,0.0
2017,Sabah,Kinabatangan,Kinabatangan,CEMPEDAK,CEMPEDAK,Cempedak,CEMPEDAK / (Cempedak),major,7.0,2.0,3.2,10.6,1.6,statistik_tanaman_buah_2017.pdf,146,1.8161502515727348
2017,Sabah,Kinabatangan,Kinabatangan,CIKU,CIKU,Ciku,CIKU / Sapodilla,major,0.0,0.0,0.0,0.0,0.0,statistik_tanaman_buah_2017.pdf,146,0.0
2017,Sabah,Kinabatangan,Kinabatangan,DOKONG,DOKONG,Dokong,DOKONG / (Dokong),major,0.0,0.0,0.0,0.0,0.0,statistik_tanaman_buah_2017.pdf,147,0.0
2017,Sabah,Kinabatangan,Kinabatangan,DUKU,DUKU,Duku,DUKU / (Duku),major,4.4,0.0,0.0,0.0,0.0,statistik_tanaman_buah_2017.pdf,147,0.0
2017,Sabah,Kinabatangan,Kinabatangan,DURIAN,DURIAN,Durian,DURIAN / (Durian),major,110.4,20.0,12.5,165.6,0.625,statistik_tanaman_buah_2017.pdf,148,0.8111786781916576
2017,Sabah,Kinabatangan,Kinabatangan,JAMBU_BATU,JAMBU BATU,Guava,JAMBU BATU / Guava,major,0.0,0.0,0.0,0.0,0.0,statistik_tanaman_buah_2017.pdf,148,0.0
2017,Sabah,Kinabatangan,Kinabatangan,LANGSAT,LANGSAT,Langsat,LANGSAT / (Langsat),major,8.4,1.0,0.6,1.5,0.6,statistik_tanaman_buah_2017.pdf,149,0.6011111111111079
2017,Sabah,Kinabatangan,Kinabatangan,LIMAU_BESAR,LIMAU BESAR,Pomelo,LIMAU BESAR / Pomelo,major,0.0,0.0,0.0,0.0,0.0,statistik_tanaman_buah_2017.pdf,149,0.0
2017,Sabah,Kinabatangan,Kinabatangan,LIMAU_MANIS,LIMAU MANIS,Sweet Orange,LIMAU MANIS / Sweet Orange,major,0.0,0.0,0.0,0.0,0.0,statistik_tanaman_buah_2017.pdf,150,0.0
2017,Sabah,Kinabatangan,Kinabatangan,MANGGA,MANGGA,Mango,MANGGA / Mango,major,5.8,1.0,0.6,5.4,0.6,statistik_tanaman_buah_2017.pdf,150,0.6067777777777748
2017,Sabah,Kinabatangan,Kinabatangan,MANGGIS,MANGGIS,Mangosteen,MANGGIS / Mangosteen,major,0.0,0.0,0.0,0.0,0.0,statistik_tanaman_buah_2017.pdf,151,0.0
2017,Sabah,Kinabatangan,Kinabatangan,MATA_NAGA,MATA NAGA,Dragon Fruit,MATA NAGA / Dragon Fruit,major,0.0,0.0,0.0,0.0,0.0,statistik_tanaman_buah_2017.pdf,151,0.0
2017,Sabah,Kinabatangan,Kinabatangan,NANAS,NANAS,Pineapple,NANAS / Pineapple,major,2.0,0.0,0.0,0.0,0.0,statistik_tanaman_buah_2017.pdf,152,0.0
2017,Sabah,Kinabatangan,Kinabatangan,NANGKA,NANGKA,Jackfruit,NANGKA / Jackfruit,major,1.0,1.0,0.9,1.9,0.9,statistik_tanaman_buah_2017.pdf,152,0.8980476190476213
2017,Sabah,Kinabatangan,Kinabatangan,PISANG,PISANG,Banana,PISANG / Banana,major,22.0,20.0,122.5,211.9,6.125,statistik_tanaman_buah_2017.pdf,153,5.975991010502055
2017,Sabah,Kinabatangan,Kinabatangan,PULASAN,PULASAN,Pulasan,PULASAN / (Pulasan),major,0.0,0.0,0.0,0.0,0.0,statistik_tanaman_buah_2017.pdf,153,0.0
2017,Sabah,Kinabatangan,Kinabatangan,RAMBUTAN,RAMBUTAN,Rambutan,RAMBUTAN / (Rambutan),major,28.4,10.0,5.5,15.5,0.55,statistik_tanaman_buah_2017.pdf,154,0.5571744303162283
2017,Sabah,Kinabatangan,Kinabatangan,SALAK,SALAK,Salak,SALAK / (Salak),major,0.0,0.0,0.0,0.0,0.0,statistik_tanaman_buah_2017.pdf,154,0.0
2017,Sabah,Kinabatangan,Kinabatangan,TEMBIKAI,TEMBIKAI,Watermelon,TEMBIKAI / Water-melon,major,0.0,0.0,0.0,0.0,0.0,statistik_tanaman_buah_2017.pdf,155,0.0
2017,Sabah,Kota Belud,Kota Belud,BELIMBING,BELIMBING,Starfruit,BELIMBING / Starfruit,major,6.5,6.5,35.0,77.0,5.384615384615385,statistik_tanaman_buah_2017.pdf,145,5.435023682692137
2017,Sabah,Kota Belud,Kota Belud,BETIK,BETIK,Papaya,BETIK / Papaya,major,9.2,9.0,137.0,196.4,15.22222222222222,statistik_tanaman_buah_2017.pdf,145,15.399433513462395
2017,Sabah,Kota Belud,Kota Belud,CEMPEDAK,CEMPEDAK,Cempedak,CEMPEDAK / (Cempedak),major,124.0,4.0,40.0,132.0,10.0,statistik_tanaman_buah_2017.pdf,146,9.93333328828376
2017,Sabah,Kota Belud,Kota Belud,CIKU,CIKU,Ciku,CIKU / Sapodilla,major,2.5,0.0,0.0,0.0,0.0,statistik_tanaman_buah_2017.pdf,146,0.0
2017,Sabah,Kota Belud,Kota Belud,DOKONG,DOKONG,Dokong,DOKONG / (Dokong),major,0.5,0.0,0.0,0.0,0.0,statistik_tanaman_buah_2017.pdf,147,0.0
2017,Sabah,Kota Belud,Kota Belud,DUKU,DUKU,Duku,DUKU / (Duku),major,1.0,0.0,0.0,0.0,0.0,statistik_tanaman_buah_2017.pdf,147,0.0
2017,Sabah,Kota Belud,Kota Belud,DURIAN,DURIAN,Durian,DURIAN / (Durian),major,214.0,60.0,510.0,6757.5,8.5,statistik_tanaman_buah_2017.pdf,148,8.1917876267222
2017,Sabah,Kota Belud,Kota Belud,JAMBU_BATU,JAMBU BATU,Guava,JAMBU BATU / Guava,major,1.8,1.8,8.8,22.0,4.888888888888889,statistik_tanaman_buah_2017.pdf,148,4.91230870786135
2017,Sabah,Kota Belud,Kota Belud,LANGSAT,LANGSAT,Langsat,LANGSAT / (Langsat),major,113.0,0.0,0.0,0.0,0.0,statistik_tanaman_buah_2017.pdf,149,0.0
2017,Sabah,Kota Belud,Kota Belud,LIMAU_BESAR,LIMAU BESAR,Pomelo,LIMAU BESAR / Pomelo,major,3.0,3.0,0.5,1.1,0.1666666666666666,statistik_tanaman_buah_2017.pdf,149,0.29208754208754245
2017,Sabah,Kota Belud,Kota Belud,LIMAU_MANIS,LIMAU MANIS,Sweet Orange,LIMAU MANIS / Sweet Orange,major,1.0,0.0,0.0,0.0,0.0,statistik_tanaman_buah_2017.pdf,150,0.0
2017,Sabah,Kota Belud,Kota Belud,MANGGA,MANGGA,Mango,MANGGA / Mango,major,159.0,156.0,175.0,1563.3,1.1217948717948718,statistik_tanaman_buah_2017.pdf,150,1.8094378153342503
2017,Sabah,Kota Belud,Kota Belud,MANGGIS,MANGGIS,Mangosteen,MANGGIS / Mangosteen,major,10.0,0.0,0.0,0.0,0.0,statistik_tanaman_buah_2017.pdf,151,0.0
2017,Sabah,Kota Belud,Kota Belud,MATA_NAGA,MATA NAGA,Dragon Fruit,MATA NAGA / Dragon Fruit,major,5.5,5.5,10.0,39.5,1.818181818181818,statistik_tanaman_buah_2017.pdf,151,1.8262027972027965
2017,Sabah,Kota Belud,Kota Belud,NANAS,NANAS,Pineapple,NANAS / Pineapple,major,217.0,43.0,585.0,1148.1,13.604651162790695,statistik_tanaman_buah_2017.pdf,152,12.684655945894383
2017,Sabah,Kota Belud,Kota Belud,NANGKA,NANGKA,Jackfruit,NANGKA / Jackfruit,major,47.0,12.0,235.2,491.0,19.6,statistik_tanaman_buah_2017.pdf,152,18.65644786516566
2017,Sabah,Kota Belud,Kota Belud,PISANG,PISANG,Banana,PISANG / Banana,major,680.0,600.0,7084.5,12256.2,11.8075,statistik_tanaman_buah_2017.pdf,153,12.597801104947832
2017,Sabah,Kota Belud,Kota Belud,PULASAN,PULASAN,Pulasan,PULASAN / (Pulasan),major,0.0,0.0,0.0,0.0,0.0,statistik_tanaman_buah_2017.pdf,153,0.0
2017,Sabah,Kota Belud,Kota Belud,RAMBUTAN,RAMBUTAN,Rambutan,RAMBUTAN / (Rambutan),major,140.0,70.0,388.0,1096.1,5.542857142857143,statistik_tanaman_buah_2017.pdf,154,5.548606376233871
2017,Sabah,Kota Belud,Kota Belud,SALAK,SALAK,Salak,SALAK / (Salak),major,0.0,0.0,0.0,0.0,0.0,statistik_tanaman_buah_2017.pdf,154,0.0
2017,Sabah,Kota Belud,Kota Belud,TEMBIKAI,TEMBIKAI,Watermelon,TEMBIKAI / Water-melon,major,13.0,13.0,138.0,182.2,10.615384615384617,statistik_tanaman_buah_2017.pdf,155,11.364063840967708
2017,Sabah,Kota Kinabalu,Kota Kinabalu,BELIMBING,BELIMBING,Starfruit,BELIMBING / Starfruit,major,0.0,0.0,0.0,0.0,0.0,statistik_tanaman_buah_2017.pdf,145,0.0
2017,Sabah,Kota Kinabalu,Kota Kinabalu,BETIK,BETIK,Papaya,BETIK / Papaya,major,0.0,0.0,0.0,0.0,0.0,statistik_tanaman_buah_2017.pdf,145,0.0
2017,Sabah,Kota Kinabalu,Kota Kinabalu,CEMPEDAK,CEMPEDAK,Cempedak,CEMPEDAK / (Cempedak),major,3.1,0.0,0.0,0.0,0.0,statistik_tanaman_buah_2017.pdf,146,0.0
2017,Sabah,Kota Kinabalu,Kota Kinabalu,CIKU,CIKU,Ciku,CIKU / Sapodilla,major,0.0,0.0,0.0,0.0,0.0,statistik_tanaman_buah_2017.pdf,146,0.0
2017,Sabah,Kota Kinabalu,Kota Kinabalu,DOKONG,DOKONG,Dokong,DOKONG / (Dokong),major,0.0,0.0,0.0,0.0,0.0,statistik_tanaman_buah_2017.pdf,147,0.0
2017,Sabah,Kota Kinabalu,Kota Kinabalu,DUKU,DUKU,Duku,DUKU / (Duku),major,1.7,0.0,0.0,0.0,0.0,statistik_tanaman_buah_2017.pdf,147,0.0
2017,Sabah,Kota Kinabalu,Kota Kinabalu,DURIAN,DURIAN,Durian,DURIAN / (Durian),major,32.1,16.0,152.0,2014.0,9.5,statistik_tanaman_buah_2017.pdf,148,9.58705253715961
2017,Sabah,Kota Kinabalu,Kota Kinabalu,JAMBU_BATU,JAMBU BATU,Guava,JAMBU BATU / Guava,major,0.0,0.0,0.0,0.0,0.0,statistik_tanaman_buah_2017.pdf,148,0.0
2017,Sabah,Kota Kinabalu,Kota Kinabalu,LANGSAT,LANGSAT,Langsat,LANGSAT / (Langsat),major,12.6,0.0,0.0,0.0,0.0,statistik_tanaman_buah_2017.pdf,149,0.0
2017,Sabah,Kota Kinabalu,Kota Kinabalu,LIMAU_BESAR,LIMAU BESAR,Pomelo,LIMAU BESAR / Pomelo,major,0.0,0.0,0.0,0.0,0.0,statistik_tanaman_buah_2017.pdf,149,0.0
2017,Sabah,Kota Kinabalu,Kota Kinabalu,LIMAU_MANIS,LIMAU MANIS,Sweet Orange,LIMAU MANIS / Sweet Orange,major,0.0,0.0,0.0,0.0,0.0,statistik_tanaman_buah_2017.pdf,150,0.0
2017,Sabah,Kota Kinabalu,Kota Kinabalu,MANGGA,MANGGA,Mango,MANGGA / Mango,major,0.3,0.3,0.9,8.0,3.0,statistik_tanaman_buah_2017.pdf,150,3.0647777777777776
2017,Sabah,Kota Kinabalu,Kota Kinabalu,MANGGIS,MANGGIS,Mangosteen,MANGGIS / Mangosteen,major,6.5,3.0,21.0,88.2,7.0,statistik_tanaman_buah_2017.pdf,151,7.470060589223661
2017,Sabah,Kota Kinabalu,Kota Kinabalu,MATA_NAGA,MATA NAGA,Dragon Fruit,MATA NAGA / Dragon Fruit,major,0.1,0.1,0.1,0.4,1.0,statistik_tanaman_buah_2017.pdf,151,1.0533333333333332
2017,Sabah,Kota Kinabalu,Kota Kinabalu,NANAS,NANAS,Pineapple,NANAS / Pineapple,major,12.1,0.9,8.8,17.3,9.77777777777778,statistik_tanaman_buah_2017.pdf,152,9.29323656898659
2017,Sabah,Kota Kinabalu,Kota Kinabalu,NANGKA,NANGKA,Jackfruit,NANGKA / Jackfruit,major,1.5,1.0,10.0,20.9,10.0,statistik_tanaman_buah_2017.pdf,152,10.04945622895623
2017,Sabah,Kota Kinabalu,Kota Kinabalu,PISANG,PISANG,Banana,PISANG / Banana,major,0.0,0.0,0.0,0.0,0.0,statistik_tanaman_buah_2017.pdf,153,0.0
2017,Sabah,Kota Kinabalu,Kota Kinabalu,PULASAN,PULASAN,Pulasan,PULASAN / (Pulasan),major,0.0,0.0,0.0,0.0,0.0,statistik_tanaman_buah_2017.pdf,153,0.0
2017,Sabah,Kota Kinabalu,Kota Kinabalu,RAMBUTAN,RAMBUTAN,Rambutan,RAMBUTAN / (Rambutan),major,6.5,0.4,2.8,7.9,6.999999999999999,statistik_tanaman_buah_2017.pdf,154,7.361611111111109
2017,Sabah,Kota Kinabalu,Kota Kinabalu,SALAK,SALAK,Salak,SALAK / (Salak),major,0.0,0.0,0.0,0.0,0.0,statistik_tanaman_buah_2017.pdf,154,0.0
2017,Sabah,Kota Kinabalu,Kota Kinabalu,TEMBIKAI,TEMBIKAI,Watermelon,TEMBIKAI / Water-melon,major,0.0,0.0,0.0,0.0,0.0,statistik_tanaman_buah_2017.pdf,155,0.0
2017,Sabah,Kota Marudu,Kota Marudu,BELIMBING,BELIMBING,Starfruit,BELIMBING / Starfruit,major,0.6,0.4,1.8,4.0,4.5,statistik_tanaman_buah_2017.pdf,145,4.703944444444444
2017,Sabah,Kota Marudu,Kota Marudu,BETIK,BETIK,Papaya,BETIK / Papaya,major,0.5,0.4,2.0,2.9,5.0,statistik_tanaman_buah_2017.pdf,145,5.140555555555556
2017,Sabah,Kota Marudu,Kota Marudu,CEMPEDAK,CEMPEDAK,Cempedak,CEMPEDAK / (Cempedak),major,12.4,10.6,9.0,29.7,0.8490566037735849,statistik_tanaman_buah_2017.pdf,146,0.8631660762662398
2017,Sabah,Kota Marudu,Kota Marudu,CIKU,CIKU,Ciku,CIKU / Sapodilla,major,0.4,0.4,1.0,2.4,2.5,statistik_tanaman_buah_2017.pdf,146,2.511388888888889
2017,Sabah,Kota Marudu,Kota Marudu,DOKONG,DOKONG,Dokong,DOKONG / (Dokong),major,0.0,0.0,0.0,0.0,0.0,statistik_tanaman_buah_2017.pdf,147,0.0
2017,Sabah,Kota Marudu,Kota Marudu,DUKU,DUKU,Duku,DUKU / (Duku),major,10.0,0.0,0.0,0.0,0.0,statistik_tanaman_buah_2017.pdf,147,0.0
2017,Sabah,Kota Marudu,Kota Marudu,DURIAN,DURIAN,Durian,DURIAN / (Durian),major,50.3,38.0,95.0,1258.8,2.5,statistik_tanaman_buah_2017.pdf,148,2.8445743841168434
2017,Sabah,Kota Marudu,Kota Marudu,JAMBU_BATU,JAMBU BATU,Guava,JAMBU BATU / Guava,major,2.0,2.0,26.4,66.0,13.2,statistik_tanaman_buah_2017.pdf,148,12.164898840890816
2017,Sabah,Kota Marudu,Kota Marudu,LANGSAT,LANGSAT,Langsat,LANGSAT / (Langsat),major,24.2,0.0,0.0,0.0,0.0,statistik_tanaman_buah_2017.pdf,149,0.0
2017,Sabah,Kota Marudu,Kota Marudu,LIMAU_BESAR,LIMAU BESAR,Pomelo,LIMAU BESAR / Pomelo,major,2.2,2.2,8.0,17.6,3.636363636363636,statistik_tanaman_buah_2017.pdf,149,3.6502239624505917
2017,Sabah,Kota Marudu,Kota Marudu,LIMAU_MANIS,LIMAU MANIS,Sweet Orange,LIMAU MANIS / Sweet Orange,major,2.7,2.0,13.0,37.7,6.5,statistik_tanaman_buah_2017.pdf,150,6.492983050317419
2017,Sabah,Kota Marudu,Kota Marudu,MANGGA,MANGGA,Mango,MANGGA / Mango,major,15.7,2.7,7.9,70.6,2.925925925925926,statistik_tanaman_buah_2017.pdf,150,3.011232987512893
2017,Sabah,Kota Marudu,Kota Marudu,MANGGIS,MANGGIS,Mangosteen,MANGGIS / Mangosteen,major,7.9,0.0,0.0,0.0,0.0,statistik_tanaman_buah_2017.pdf,151,0.0
2017,Sabah,Kota Marudu,Kota Marudu,MATA_NAGA,MATA NAGA,Dragon Fruit,MATA NAGA / Dragon Fruit,major,0.0,0.0,0.0,0.0,0.0,statistik_tanaman_buah_2017.pdf,151,0.0
2017,Sabah,Kota Marudu,Kota Marudu,NANAS,NANAS,Pineapple,NANAS / Pineapple,major,3.3,3.3,18.5,36.3,5.606060606060606,statistik_tanaman_buah_2017.pdf,152,5.811674386860348
2017,Sabah,Kota Marudu,Kota Marudu,NANGKA,NANGKA,Jackfruit,NANGKA / Jackfruit,major,12.0,8.9,39.2,81.8,4.404494382022472,statistik_tanaman_buah_2017.pdf,152,4.399824579957375
2017,Sabah,Kota Marudu,Kota Marudu,PISANG,PISANG,Banana,PISANG / Banana,major,340.6,283.0,2560.0,4428.8,9.045936395759718,statistik_tanaman_buah_2017.pdf,153,10.048610400706512
2017,Sabah,Kota Marudu,Kota Marudu,PULASAN,PULASAN,Pulasan,PULASAN / (Pulasan),major,0.0,0.0,0.0,0.0,0.0,statistik_tanaman_buah_2017.pdf,153,0.0
2017,Sabah,Kota Marudu,Kota Marudu,RAMBUTAN,RAMBUTAN,Rambutan,RAMBUTAN / (Rambutan),major,21.6,19.0,8.2,23.2,0.431578947368421,statistik_tanaman_buah_2017.pdf,154,0.5511095257421256
2017,Sabah,Kota Marudu,Kota Marudu,SALAK,SALAK,Salak,SALAK / (Salak),major,0.0,0.0,0.0,0.0,0.0,statistik_tanaman_buah_2017.pdf,154,0.0
2017,Sabah,Kota Marudu,Kota Marudu,TEMBIKAI,TEMBIKAI,Watermelon,TEMBIKAI / Water-melon,major,8.8,8.8,36.4,48.0,4.136363636363636,statistik_tanaman_buah_2017.pdf,155,5.237859742091105
2017,Sabah,Kuala Penyu,Kuala Penyu,BELIMBING,BELIMBING,Starfruit,BELIMBING / Starfruit,major,0.0,0.0,0.0,0.0,0.0,statistik_tanaman_buah_2017.pdf,145,0.0
2017,Sabah,Kuala Penyu,Kuala Penyu,BETIK,BETIK,Papaya,BETIK / Papaya,major,0.0,0.0,0.0,0.0,0.0,statistik_tanaman_buah_2017.pdf,145,0.0
2017,Sabah,Kuala Penyu,Kuala Penyu,CEMPEDAK,CEMPEDAK,Cempedak,CEMPEDAK / (Cempedak),major,4.5,3.6,12.5,41.3,3.4722222222222223,statistik_tanaman_buah_2017.pdf,146,3.510278775236971
2017,Sabah,Kuala Penyu,Kuala Penyu,CIKU,CIKU,Ciku,CIKU / Sapodilla,major,0.0,0.0,0.0,0.0,0.0,statistik_tanaman_buah_2017.pdf,146,0.0
2017,Sabah,Kuala Penyu,Kuala Penyu,DOKONG,DOKONG,Dokong,DOKONG / (Dokong),major,0.0,0.0,0.0,0.0,0.0,statistik_tanaman_buah_2017.pdf,147,0.0
2017,Sabah,Kuala Penyu,Kuala Penyu,DUKU,DUKU,Duku,DUKU / (Duku),major,0.0,0.0,0.0,0.0,0.0,statistik_tanaman_buah_2017.pdf,147,0.0
2017,Sabah,Kuala Penyu,Kuala Penyu,DURIAN,DURIAN,Durian,DURIAN / (Durian),major,26.0,5.0,15.0,198.8,3.0,statistik_tanaman_buah_2017.pdf,148,3.002592014267014
2017,Sabah,Kuala Penyu,Kuala Penyu,JAMBU_BATU,JAMBU BATU,Guava,JAMBU BATU / Guava,major,0.0,0.0,0.0,0.0,0.0,statistik_tanaman_buah_2017.pdf,148,0.0
2017,Sabah,Kuala Penyu,Kuala Penyu,LANGSAT,LANGSAT,Langsat,LANGSAT / (Langsat),major,0.0,0.0,0.0,0.0,0.0,statistik_tanaman_buah_2017.pdf,149,0.0
2017,Sabah,Kuala Penyu,Kuala Penyu,LIMAU_BESAR,LIMAU BESAR,Pomelo,LIMAU BESAR / Pomelo,major,0.0,0.0,0.0,0.0,0.0,statistik_tanaman_buah_2017.pdf,149,0.0
2017,Sabah,Kuala Penyu,Kuala Penyu,LIMAU_MANIS,LIMAU MANIS,Sweet Orange,LIMAU MANIS / Sweet Orange,major,0.0,0.0,0.0,0.0,0.0,statistik_tanaman_buah_2017.pdf,150,0.0
2017,Sabah,Kuala Penyu,Kuala Penyu,MANGGA,MANGGA,Mango,MANGGA / Mango,major,130.9,15.0,45.0,402.0,3.0,statistik_tanaman_buah_2017.pdf,150,3.063721213288425
2017,Sabah,Kuala Penyu,Kuala Penyu,MANGGIS,MANGGIS,Mangosteen,MANGGIS / Mangosteen,major,0.0,0.0,0.0,0.0,0.0,statistik_tanaman_buah_2017.pdf,151,0.0
2017,Sabah,Kuala Penyu,Kuala Penyu,MATA_NAGA,MATA NAGA,Dragon Fruit,MATA NAGA / Dragon Fruit,major,2.0,2.0,0.2,0.8,0.1,statistik_tanaman_buah_2017.pdf,151,0.20131481481481545
2017,Sabah,Kuala Penyu,Kuala Penyu,NANAS,NANAS,Pineapple,NANAS / Pineapple,major,0.0,0.0,0.0,0.0,0.0,statistik_tanaman_buah_2017.pdf,152,0.0
2017,Sabah,Kuala Penyu,Kuala Penyu,NANGKA,NANGKA,Jackfruit,NANGKA / Jackfruit,major,0.0,0.0,0.0,0.0,0.0,statistik_tanaman_buah_2017.pdf,152,0.0
2017,Sabah,Kuala Penyu,Kuala Penyu,PISANG,PISANG,Banana,PISANG / Banana,major,20.1,16.1,288.0,498.2,17.888198757763973,statistik_tanaman_buah_2017.pdf,153,16.68425985104881
2017,Sabah,Kuala Penyu,Kuala Penyu,PULASAN,PULASAN,Pulasan,PULASAN / (Pulasan),major,0.0,0.0,0.0,0.0,0.0,statistik_tanaman_buah_2017.pdf,153,0.0
2017,Sabah,Kuala Penyu,Kuala Penyu,RAMBUTAN,RAMBUTAN,Rambutan,RAMBUTAN / (Rambutan),major,9.0,5.3,44.3,125.1,8.358490566037736,statistik_tanaman_buah_2017.pdf,154,8.454738324720706
2017,Sabah,Kuala Penyu,Kuala Penyu,SALAK,SALAK,Salak,SALAK / (Salak),major,0.0,0.0,0.0,0.0,0.0,statistik_tanaman_buah_2017.pdf,154,0.0
2017,Sabah,Kuala Penyu,Kuala Penyu,TEMBIKAI,TEMBIKAI,Watermelon,TEMBIKAI / Water-melon,major,0.4,0.4,6.0,7.9,15.0,statistik_tanaman_buah_2017.pdf,155,14.082476190476184
2017,Sabah,Kudat,Kudat,BELIMBING,BELIMBING,Starfruit,BELIMBING / Starfruit,major,1.0,0.8,0.5,1.1,0.625,statistik_tanaman_buah_2017.pdf,145,0.7302896825396826
2017,Sabah,Kudat,Kudat,BETIK,BETIK,Papaya,BETIK / Papaya,major,1.5,1.0,0.8,1.1,0.8,statistik_tanaman_buah_2017.pdf,145,0.7589523809523809
2017,Sabah,Kudat,Kudat,CEMPEDAK,CEMPEDAK,Cempedak,CEMPEDAK / (Cempedak),major,4.6,3.0,10.0,33.0,3.333333333333333,statistik_tanaman_buah_2017.pdf,146,3.331387332566348
2017,Sabah,Kudat,Kudat,CIKU,CIKU,Ciku,CIKU / Sapodilla,major,0.1,0.1,0.1,0.2,1.0,statistik_tanaman_buah_2017.pdf,146,1.0233333333333334
2017,Sabah,Kudat,Kudat,DOKONG,DOKONG,Dokong,DOKONG / (Dokong),major,0.0,0.0,0.0,0.0,0.0,statistik_tanaman_buah_2017.pdf,147,0.0
2017,Sabah,Kudat,Kudat,DUKU,DUKU,Duku,DUKU / (Duku),major,0.0,0.0,0.0,0.0,0.0,statistik_tanaman_buah_2017.pdf,147,0.0
2017,Sabah,Kudat,Kudat,DURIAN,DURIAN,Durian,DURIAN / (Durian),major,7.7,3.0,4.0,53.0,1.3333333333333333,statistik_tanaman_buah_2017.pdf,148,1.345129795103931
2017,Sabah,Kudat,Kudat,JAMBU_BATU,JAMBU BATU,Guava,JAMBU BATU / Guava,major,0.9,0.8,3.0,7.5,3.75,statistik_tanaman_buah_2017.pdf,148,4.0504920634920625
2017,Sabah,Kudat,Kudat,LANGSAT,LANGSAT,Langsat,LANGSAT / (Langsat),major,0.3,0.0,0.0,0.0,0.0,statistik_tanaman_buah_2017.pdf,149,0.0
2017,Sabah,Kudat,Kudat,LIMAU_BESAR,LIMAU BESAR,Pomelo,LIMAU BESAR / Pomelo,major,0.2,0.1,0.3,0.7,3.0,statistik_tanaman_buah_2017.pdf,149,2.7604166666666665
2017,Sabah,Kudat,Kudat,LIMAU_MANIS,LIMAU MANIS,Sweet Orange,LIMAU MANIS / Sweet Orange,major,0.0,0.0,0.0,0.0,0.0,statistik_tanaman_buah_2017.pdf,150,0.0
2017,Sabah,Kudat,Kudat,MANGGA,MANGGA,Mango,MANGGA / Mango,major,24.5,12.0,35.0,312.7,2.9166666666666665,statistik_tanaman_buah_2017.pdf,150,2.9525893588841656
2017,Sabah,Kudat,Kudat,MANGGIS,MANGGIS,Mangosteen,MANGGIS / Mangosteen,major,0.5,0.0,0.0,0.0,0.0,statistik_tanaman_buah_2017.pdf,151,0.0
2017,Sabah,Kudat,Kudat,MATA_NAGA,MATA NAGA,Dragon Fruit,MATA NAGA / Dragon Fruit,major,5.4,0.6,5.1,20.1,8.5,statistik_tanaman_buah_2017.pdf,151,8.215282828282827
2017,Sabah,Kudat,Kudat,NANAS,NANAS,Pineapple,NANAS / Pineapple,major,3.5,3.0,6.0,11.8,2.0,statistik_tanaman_buah_2017.pdf,152,2.0130201560381504
2017,Sabah,Kudat,Kudat,NANGKA,NANGKA,Jackfruit,NANGKA / Jackfruit,major,7.1,3.0,6.6,13.8,2.2,statistik_tanaman_buah_2017.pdf,152,2.20803018673989
2017,Sabah,Kudat,Kudat,PISANG,PISANG,Banana,PISANG / Banana,major,190.7,80.0,401.0,693.7,5.0125,statistik_tanaman_buah_2017.pdf,153,5.0695966839001905
2017,Sabah,Kudat,Kudat,PULASAN,PULASAN,Pulasan,PULASAN / (Pulasan),major,0.0,0.0,0.0,0.0,0.0,statistik_tanaman_buah_2017.pdf,153,0.0
2017,Sabah,Kudat,Kudat,RAMBUTAN,RAMBUTAN,Rambutan,RAMBUTAN / (Rambutan),major,8.7,0.0,0.0,0.0,0.0,statistik_tanaman_buah_2017.pdf,154,0.0
2017,Sabah,Kudat,Kudat,SALAK,SALAK,Salak,SALAK / (Salak),major,0.0,0.0,0.0,0.0,0.0,statistik_tanaman_buah_2017.pdf,154,0.0
2017,Sabah,Kudat,Kudat,TEMBIKAI,TEMBIKAI,Watermelon,TEMBIKAI / Water-melon,major,8.0,6.6,61.5,81.2,9.318181818181818,statistik_tanaman_buah_2017.pdf,155,9.252260612086484
2017,Sabah,Kunak,Kunak,BELIMBING,BELIMBING,Starfruit,BELIMBING / Starfruit,major,0.0,0.0,0.0,0.0,0.0,statistik_tanaman_buah_2017.pdf,145,0.0
2017,Sabah,Kunak,Kunak,BETIK,BETIK,Papaya,BETIK / Papaya,major,0.4,0.4,2.0,2.9,5.0,statistik_tanaman_buah_2017.pdf,145,5.226111111111111
2017,Sabah,Kunak,Kunak,CEMPEDAK,CEMPEDAK,Cempedak,CEMPEDAK / (Cempedak),major,2.0,0.0,0.0,0.0,0.0,statistik_tanaman_buah_2017.pdf,146,0.0
2017,Sabah,Kunak,Kunak,CIKU,CIKU,Ciku,CIKU / Sapodilla,major,0.0,0.0,0.0,0.0,0.0,statistik_tanaman_buah_2017.pdf,146,0.0
2017,Sabah,Kunak,Kunak,DOKONG,DOKONG,Dokong,DOKONG / (Dokong),major,0.0,0.0,0.0,0.0,0.0,statistik_tanaman_buah_2017.pdf,147,0.0
2017,Sabah,Kunak,Kunak,DUKU,DUKU,Duku,DUKU / (Duku),major,0.0,0.0,0.0,0.0,0.0,statistik_tanaman_buah_2017.pdf,147,0.0
2017,Sabah,Kunak,Kunak,DURIAN,DURIAN,Durian,DURIAN / (Durian),major,25.6,1.8,0.8,10.6,0.4444444444444445,statistik_tanaman_buah_2017.pdf,148,0.5023431013431017
2017,Sabah,Kunak,Kunak,JAMBU_BATU,JAMBU BATU,Guava,JAMBU BATU / Guava,major,0.0,0.0,0.0,0.0,0.0,statistik_tanaman_buah_2017.pdf,148,0.0
2017,Sabah,Kunak,Kunak,LANGSAT,LANGSAT,Langsat,LANGSAT / (Langsat),major,5.0,2.5,2.0,5.1,0.8,statistik_tanaman_buah_2017.pdf,149,0.8145363247863285
2017,Sabah,Kunak,Kunak,LIMAU_BESAR,LIMAU BESAR,Pomelo,LIMAU BESAR / Pomelo,major,0.0,0.0,0.0,0.0,0.0,statistik_tanaman_buah_2017.pdf,149,0.0
2017,Sabah,Kunak,Kunak,LIMAU_MANIS,LIMAU MANIS,Sweet Orange,LIMAU MANIS / Sweet Orange,major,0.0,0.0,0.0,0.0,0.0,statistik_tanaman_buah_2017.pdf,150,0.0
2017,Sabah,Kunak,Kunak,MANGGA,MANGGA,Mango,MANGGA / Mango,major,20.0,1.0,2.0,17.9,2.0,statistik_tanaman_buah_2017.pdf,150,1.9910000000000003
2017,Sabah,Kunak,Kunak,MANGGIS,MANGGIS,Mangosteen,MANGGIS / Mangosteen,major,0.0,0.0,0.0,0.0,0.0,statistik_tanaman_buah_2017.pdf,151,0.0
2017,Sabah,Kunak,Kunak,MATA_NAGA,MATA NAGA,Dragon Fruit,MATA NAGA / Dragon Fruit,major,0.5,0.5,0.5,2.0,1.0,statistik_tanaman_buah_2017.pdf,151,1.0354444444444444
2017,Sabah,Kunak,Kunak,NANAS,NANAS,Pineapple,NANAS / Pineapple,major,2.0,2.0,7.3,14.3,3.65,statistik_tanaman_buah_2017.pdf,152,3.677482033282065
2017,Sabah,Kunak,Kunak,NANGKA,NANGKA,Jackfruit,NANGKA / Jackfruit,major,0.0,0.0,0.0,0.0,0.0,statistik_tanaman_buah_2017.pdf,152,0.0
2017,Sabah,Kunak,Kunak,PISANG,PISANG,Banana,PISANG / Banana,major,17.0,10.0,79.0,136.7,7.9,statistik_tanaman_buah_2017.pdf,153,7.908400514953181
2017,Sabah,Kunak,Kunak,PULASAN,PULASAN,Pulasan,PULASAN / (Pulasan),major,0.0,0.0,0.0,0.0,0.0,statistik_tanaman_buah_2017.pdf,153,0.0
2017,Sabah,Kunak,Kunak,RAMBUTAN,RAMBUTAN,Rambutan,RAMBUTAN / (Rambutan),major,2.0,0.0,0.0,0.0,0.0,statistik_tanaman_buah_2017.pdf,154,0.0
2017,Sabah,Kunak,Kunak,SALAK,SALAK,Salak,SALAK / (Salak),major,2.0,2.0,7.0,10.5,3.5,statistik_tanaman_buah_2017.pdf,154,3.539950620758669
2017,Sabah,Kunak,Kunak,TEMBIKAI,TEMBIKAI,Watermelon,TEMBIKAI / Water-melon,major,8.0,8.0,16.8,22.2,2.1,statistik_tanaman_buah_2017.pdf,155,2.1255333113450594
2017,Sabah,Lahad Datu,Lahad Datu,BELIMBING,BELIMBING,Starfruit,BELIMBING / Starfruit,major,1.0,1.0,2.3,5.1,2.3,statistik_tanaman_buah_2017.pdf,145,2.3425277777777747
2017,Sabah,Lahad Datu,Lahad Datu,BETIK,BETIK,Papaya,BETIK / Papaya,major,13.0,11.7,125.6,180.0,10.735042735042736,statistik_tanaman_buah_2017.pdf,145,10.851966258891807
2017,Sabah,Lahad Datu,Lahad Datu,CEMPEDAK,CEMPEDAK,Cempedak,CEMPEDAK / (Cempedak),major,15.0,0.0,0.0,0.0,0.0,statistik_tanaman_buah_2017.pdf,146,0.0
2017,Sabah,Lahad Datu,Lahad Datu,CIKU,CIKU,Ciku,CIKU / Sapodilla,major,1.0,1.0,0.9,2.2,0.9,statistik_tanaman_buah_2017.pdf,146,0.9263803418803432
2017,Sabah,Lahad Datu,Lahad Datu,DOKONG,DOKONG,Dokong,DOKONG / (Dokong),major,0.0,0.0,0.0,0.0,0.0,statistik_tanaman_buah_2017.pdf,147,0.0
2017,Sabah,Lahad Datu,Lahad Datu,DUKU,DUKU,Duku,DUKU / (Duku),major,21.0,0.0,0.0,0.0,0.0,statistik_tanaman_buah_2017.pdf,147,0.0
2017,Sabah,Lahad Datu,Lahad Datu,DURIAN,DURIAN,Durian,DURIAN / (Durian),major,205.0,9.9,2.0,26.5,0.202020202020202,statistik_tanaman_buah_2017.pdf,148,0.4261646313161396
2017,Sabah,Lahad Datu,Lahad Datu,JAMBU_BATU,JAMBU BATU,Guava,JAMBU BATU / Guava,major,15.0,15.0,152.6,381.5,10.173333333333334,statistik_tanaman_buah_2017.pdf,148,10.316154875593561
2017,Sabah,Lahad Datu,Lahad Datu,LANGSAT,LANGSAT,Langsat,LANGSAT / (Langsat),major,71.6,0.0,0.0,0.0,0.0,statistik_tanaman_buah_2017.pdf,149,0.0
2017,Sabah,Lahad Datu,Lahad Datu,LIMAU_BESAR,LIMAU BESAR,Pomelo,LIMAU BESAR / Pomelo,major,2.0,2.0,9.4,20.7,4.7,statistik_tanaman_buah_2017.pdf,149,4.683173382173401
2017,Sabah,Lahad Datu,Lahad Datu,LIMAU_MANIS,LIMAU MANIS,Sweet Orange,LIMAU MANIS / Sweet Orange,major,16.0,16.0,38.9,112.8,2.43125,statistik_tanaman_buah_2017.pdf,150,2.48292677461699
2017,Sabah,Lahad Datu,Lahad Datu,MANGGA,MANGGA,Mango,MANGGA / Mango,major,18.0,18.0,39.1,349.3,2.1722222222222225,statistik_tanaman_buah_2017.pdf,150,2.229520966050886
2017,Sabah,Lahad Datu,Lahad Datu,MANGGIS,MANGGIS,Mangosteen,MANGGIS / Mangosteen,major,6.0,0.0,0.0,0.0,0.0,statistik_tanaman_buah_2017.pdf,151,0.0
2017,Sabah,Lahad Datu,Lahad Datu,MATA_NAGA,MATA NAGA,Dragon Fruit,MATA NAGA / Dragon Fruit,major,6.1,6.1,42.5,167.9,6.967213114754099,statistik_tanaman_buah_2017.pdf,151,7.121664482241869
2017,Sabah,Lahad Datu,Lahad Datu,NANAS,NANAS,Pineapple,NANAS / Pineapple,major,0.2,0.2,1.3,2.6,6.5,statistik_tanaman_buah_2017.pdf,152,7.1358333333333315
2017,Sabah,Lahad Datu,Lahad Datu,NANGKA,NANGKA,Jackfruit,NANGKA / Jackfruit,major,5.0,5.0,18.2,38.0,3.64,statistik_tanaman_buah_2017.pdf,152,3.6352668927217686
2017,Sabah,Lahad Datu,Lahad Datu,PISANG,PISANG,Banana,PISANG / Banana,major,100.0,100.0,1710.0,2958.3,17.1,statistik_tanaman_buah_2017.pdf,153,17.23136217285472
2017,Sabah,Lahad Datu,Lahad Datu,PULASAN,PULASAN,Pulasan,PULASAN / (Pulasan),major,0.0,0.0,0.0,0.0,0.0,statistik_tanaman_buah_2017.pdf,153,0.0
2017,Sabah,Lahad Datu,Lahad Datu,RAMBUTAN,RAMBUTAN,Rambutan,RAMBUTAN / (Rambutan),major,80.0,0.0,0.0,0.0,0.0,statistik_tanaman_buah_2017.pdf,154,0.0
2017,Sabah,Lahad Datu,Lahad Datu,SALAK,SALAK,Salak,SALAK / (Salak),major,2.0,2.0,6.7,10.0,3.35,statistik_tanaman_buah_2017.pdf,154,3.423851643368679
2017,Sabah,Lahad Datu,Lahad Datu,TEMBIKAI,TEMBIKAI,Watermelon,TEMBIKAI / Water-melon,major,9.0,9.0,62.9,83.0,6.988888888888889,statistik_tanaman_buah_2017.pdf,155,7.461225797554684
2017,Sabah,Matunggong,Matunggong,BELIMBING,BELIMBING,Starfruit,BELIMBING / Starfruit,major,0.0,0.0,0.0,0.0,0.0,statistik_tanaman_buah_2017.pdf,145,0.0
2017,Sabah,Matunggong,Matunggong,BETIK,BETIK,Papaya,BETIK / Papaya,major,0.0,0.0,0.0,0.0,0.0,statistik_tanaman_buah_2017.pdf,145,0.0
2017,Sabah,Matunggong,Matunggong,CEMPEDAK,CEMPEDAK,Cempedak,CEMPEDAK / (Cempedak),major,7.0,7.0,30.0,99.0,4.285714285714286,statistik_tanaman_buah_2017.pdf,146,4.275185632885636
2017,Sabah,Matunggong,Matunggong,CIKU,CIKU,Ciku,CIKU / Sapodilla,major,0.0,0.0,0.0,0.0,0.0,statistik_tanaman_buah_2017.pdf,146,0.0
2017,Sabah,Matunggong,Matunggong,DOKONG,DOKONG,Dokong,DOKONG / (Dokong),major,0.0,0.0,0.0,0.0,0.0,statistik_tanaman_buah_2017.pdf,147,0.0
2017,Sabah,Matunggong,Matunggong,DUKU,DUKU,Duku,DUKU / (Duku),major,0.0,0.0,0.0,0.0,0.0,statistik_tanaman_buah_2017.pdf,147,0.0
2017,Sabah,Matunggong,Matunggong,DURIAN,DURIAN,Durian,DURIAN / (Durian),major,3.7,3.7,8.5,112.6,2.2972972972972974,statistik_tanaman_buah_2017.pdf,148,2.3106448105081796
2017,Sabah,Matunggong,Matunggong,JAMBU_BATU,JAMBU BATU,Guava,JAMBU BATU / Guava,major,0.0,0.0,0.0,0.0,0.0,statistik_tanaman_buah_2017.pdf,148,0.0
2017,Sabah,Matunggong,Matunggong,LANGSAT,LANGSAT,Langsat,LANGSAT / (Langsat),major,5.0,5.0,9.5,24.2,1.9,statistik_tanaman_buah_2017.pdf,149,1.8554902555669943
2017,Sabah,Matunggong,Matunggong,LIMAU_BESAR,LIMAU BESAR,Pomelo,LIMAU BESAR / Pomelo,major,6.0,6.0,38.2,84.0,6.366666666666667,statistik_tanaman_buah_2017.pdf,149,6.199431040221169
2017,Sabah,Matunggong,Matunggong,LIMAU_MANIS,LIMAU MANIS,Sweet Orange,LIMAU MANIS / Sweet Orange,major,4.0,4.0,9.6,27.8,2.4,statistik_tanaman_buah_2017.pdf,150,2.4253329946487785
2017,Sabah,Matunggong,Matunggong,MANGGA,MANGGA,Mango,MANGGA / Mango,major,23.0,23.0,56.0,500.3,2.4347826086956523,statistik_tanaman_buah_2017.pdf,150,2.471209618310953
2017,Sabah,Matunggong,Matunggong,MANGGIS,MANGGIS,Mangosteen,MANGGIS / Mangosteen,major,0.0,0.0,0.0,0.0,0.0,statistik_tanaman_buah_2017.pdf,151,0.0
2017,Sabah,Matunggong,Matunggong,MATA_NAGA,MATA NAGA,Dragon Fruit,MATA NAGA / Dragon Fruit,major,0.0,0.0,0.0,0.0,0.0,statistik_tanaman_buah_2017.pdf,151,0.0
2017,Sabah,Matunggong,Matunggong,NANAS,NANAS,Pineapple,NANAS / Pineapple,major,4.0,4.0,39.0,76.5,9.75,statistik_tanaman_buah_2017.pdf,152,10.02694200786771
2017,Sabah,Matunggong,Matunggong,NANGKA,NANGKA,Jackfruit,NANGKA / Jackfruit,major,34.0,32.0,345.0,720.2,10.78125,statistik_tanaman_buah_2017.pdf,152,11.163480692832273
2017,Sabah,Matunggong,Matunggong,PISANG,PISANG,Banana,PISANG / Banana,major,124.0,117.0,1038.0,1795.7,8.871794871794872,statistik_tanaman_buah_2017.pdf,153,9.356625963071059
2017,Sabah,Matunggong,Matunggong,PULASAN,PULASAN,Pulasan,PULASAN / (Pulasan),major,0.0,0.0,0.0,0.0,0.0,statistik_tanaman_buah_2017.pdf,153,0.0
2017,Sabah,Matunggong,Matunggong,RAMBUTAN,RAMBUTAN,Rambutan,RAMBUTAN / (Rambutan),major,9.0,9.0,68.0,192.1,7.555555555555555,statistik_tanaman_buah_2017.pdf,154,7.468745013975115
2017,Sabah,Matunggong,Matunggong,SALAK,SALAK,Salak,SALAK / (Salak),major,0.0,0.0,0.0,0.0,0.0,statistik_tanaman_buah_2017.pdf,154,0.0
2017,Sabah,Matunggong,Matunggong,TEMBIKAI,TEMBIKAI,Watermelon,TEMBIKAI / Water-melon,major,0.0,0.0,0.0,0.0,0.0,statistik_tanaman_buah_2017.pdf,155,0.0
2017,Sabah,Nabawan/Pensiangan,Nabawan,BELIMBING,BELIMBING,Starfruit,BELIMBING / Starfruit,major,0.0,0.0,0.0,0.0,0.0,statistik_tanaman_buah_2017.pdf,145,0.0
2017,Sabah,Nabawan/Pensiangan,Nabawan,BETIK,BETIK,Papaya,BETIK / Papaya,major,0.0,0.0,0.0,0.0,0.0,statistik_tanaman_buah_2017.pdf,145,0.0
2017,Sabah,Nabawan/Pensiangan,Nabawan,CEMPEDAK,CEMPEDAK,Cempedak,CEMPEDAK / (Cempedak),major,16.7,8.0,13.0,42.9,1.625,statistik_tanaman_buah_2017.pdf,146,1.9015874895358347
2017,Sabah,Nabawan/Pensiangan,Nabawan,CIKU,CIKU,Ciku,CIKU / Sapodilla,major,0.0,0.0,0.0,0.0,0.0,statistik_tanaman_buah_2017.pdf,146,0.0
2017,Sabah,Nabawan/Pensiangan,Nabawan,DOKONG,DOKONG,Dokong,DOKONG / (Dokong),major,0.0,0.0,0.0,0.0,0.0,statistik_tanaman_buah_2017.pdf,147,0.0
2017,Sabah,Nabawan/Pensiangan,Nabawan,DUKU,DUKU,Duku,DUKU / (Duku),major,0.0,0.0,0.0,0.0,0.0,statistik_tanaman_buah_2017.pdf,147,0.0
2017,Sabah,Nabawan/Pensiangan,Nabawan,DURIAN,DURIAN,Durian,DURIAN / (Durian),major,194.3,26.0,176.0,2332.0,6.769230769230769,statistik_tanaman_buah_2017.pdf,148,6.789686579652941
2017,Sabah,Nabawan/Pensiangan,Nabawan,JAMBU_BATU,JAMBU BATU,Guava,JAMBU BATU / Guava,major,0.0,0.0,0.0,0.0,0.0,statistik_tanaman_buah_2017.pdf,148,0.0
2017,Sabah,Nabawan/Pensiangan,Nabawan,LANGSAT,LANGSAT,Langsat,LANGSAT / (Langsat),major,3.4,1.0,6.5,16.6,6.5,statistik_tanaman_buah_2017.pdf,149,6.8170189255189175
2017,Sabah,Nabawan/Pensiangan,Nabawan,LIMAU_BESAR,LIMAU BESAR,Pomelo,LIMAU BESAR / Pomelo,major,0.0,0.0,0.0,0.0,0.0,statistik_tanaman_buah_2017.pdf,149,0.0
2017,Sabah,Nabawan/Pensiangan,Nabawan,LIMAU_MANIS,LIMAU MANIS,Sweet Orange,LIMAU MANIS / Sweet Orange,major,0.0,0.0,0.0,0.0,0.0,statistik_tanaman_buah_2017.pdf,150,0.0
2017,Sabah,Nabawan/Pensiangan,Nabawan,MANGGA,MANGGA,Mango,MANGGA / Mango,major,6.2,2.0,5.5,49.1,2.75,statistik_tanaman_buah_2017.pdf,150,2.711754629629631
2017,Sabah,Nabawan/Pensiangan,Nabawan,MANGGIS,MANGGIS,Mangosteen,MANGGIS / Mangosteen,major,21.3,8.0,66.0,277.2,8.25,statistik_tanaman_buah_2017.pdf,151,8.177575055732472
2017,Sabah,Nabawan/Pensiangan,Nabawan,MATA_NAGA,MATA NAGA,Dragon Fruit,MATA NAGA / Dragon Fruit,major,0.0,0.0,0.0,0.0,0.0,statistik_tanaman_buah_2017.pdf,151,0.0
2017,Sabah,Nabawan/Pensiangan,Nabawan,NANAS,NANAS,Pineapple,NANAS / Pineapple,major,2.2,1.6,15.7,30.8,9.812499999999998,statistik_tanaman_buah_2017.pdf,152,9.744854895104893
2017,Sabah,Nabawan/Pensiangan,Nabawan,NANGKA,NANGKA,Jackfruit,NANGKA / Jackfruit,major,0.4,0.4,4.6,9.6,11.499999999999998,statistik_tanaman_buah_2017.pdf,152,11.427388888888888
2017,Sabah,Nabawan/Pensiangan,Nabawan,PISANG,PISANG,Banana,PISANG / Banana,major,19.2,5.3,55.6,96.2,10.49056603773585,statistik_tanaman_buah_2017.pdf,153,9.950355786381097
2017,Sabah,Nabawan/Pensiangan,Nabawan,PULASAN,PULASAN,Pulasan,PULASAN / (Pulasan),major,0.0,0.0,0.0,0.0,0.0,statistik_tanaman_buah_2017.pdf,153,0.0
2017,Sabah,Nabawan/Pensiangan,Pensiangan,RAMBUTAN,RAMBUTAN,Rambutan,RAMBUTAN / (Rambutan),major,32.5,15.0,40.0,113.0,2.6666666666666665,statistik_tanaman_buah_2017.pdf,154,2.6833861074597634
2017,Sabah,Nabawan/Pensiangan,Pensiangan,SALAK,SALAK,Salak,SALAK / (Salak),major,0.0,0.0,0.0,0.0,0.0,statistik_tanaman_buah_2017.pdf,154,0.0
2017,Sabah,Nabawan/Pensiangan,Pensiangan,TEMBIKAI,TEMBIKAI,Watermelon,TEMBIKAI / Water-melon,major,0.0,0.0,0.0,0.0,0.0,statistik_tanaman_buah_2017.pdf,155,0.0
2017,Sabah,Papar,Papar,BELIMBING,BELIMBING,Starfruit,BELIMBING / Starfruit,major,4.0,0.0,0.0,0.0,0.0,statistik_tanaman_buah_2017.pdf,145,0.0
2017,Sabah,Papar,Papar,BETIK,BETIK,Papaya,BETIK / Papaya,major,2.0,1.0,1.0,1.4,1.0,statistik_tanaman_buah_2017.pdf,145,0.9621415343915348
2017,Sabah,Papar,Papar,CEMPEDAK,CEMPEDAK,Cempedak,CEMPEDAK / (Cempedak),major,40.0,0.0,0.0,0.0,0.0,statistik_tanaman_buah_2017.pdf,146,0.0
2017,Sabah,Papar,Papar,CIKU,CIKU,Ciku,CIKU / Sapodilla,major,0.0,0.0,0.0,0.0,0.0,statistik_tanaman_buah_2017.pdf,146,0.0
2017,Sabah,Papar,Papar,DOKONG,DOKONG,Dokong,DOKONG / (Dokong),major,0.0,0.0,0.0,0.0,0.0,statistik_tanaman_buah_2017.pdf,147,0.0
2017,Sabah,Papar,Papar,DUKU,DUKU,Duku,DUKU / (Duku),major,3.0,0.0,0.0,0.0,0.0,statistik_tanaman_buah_2017.pdf,147,0.0
2017,Sabah,Papar,Papar,DURIAN,DURIAN,Durian,DURIAN / (Durian),major,168.0,40.0,200.0,2650.0,5.0,statistik_tanaman_buah_2017.pdf,148,5.160888230651014
2017,Sabah,Papar,Papar,JAMBU_BATU,JAMBU BATU,Guava,JAMBU BATU / Guava,major,65.0,40.0,195.0,487.5,4.875,statistik_tanaman_buah_2017.pdf,148,4.934683618176085
2017,Sabah,Papar,Papar,LANGSAT,LANGSAT,Langsat,LANGSAT / (Langsat),major,55.0,0.0,0.0,0.0,0.0,statistik_tanaman_buah_2017.pdf,149,0.0
2017,Sabah,Papar,Papar,LIMAU_BESAR,LIMAU BESAR,Pomelo,LIMAU BESAR / Pomelo,major,0.0,0.0,0.0,0.0,0.0,statistik_tanaman_buah_2017.pdf,149,0.0
2017,Sabah,Papar,Papar,LIMAU_MANIS,LIMAU MANIS,Sweet Orange,LIMAU MANIS / Sweet Orange,major,12.0,8.0,16.0,46.4,2.0,statistik_tanaman_buah_2017.pdf,150,2.076954183522999
2017,Sabah,Papar,Papar,MANGGA,MANGGA,Mango,MANGGA / Mango,major,110.0,30.0,36.0,321.6,1.2,statistik_tanaman_buah_2017.pdf,150,1.3111625802724531
2017,Sabah,Papar,Papar,MANGGIS,MANGGIS,Mangosteen,MANGGIS / Mangosteen,major,20.0,0.0,0.0,0.0,0.0,statistik_tanaman_buah_2017.pdf,151,0.0
2017,Sabah,Papar,Papar,MATA_NAGA,MATA NAGA,Dragon Fruit,MATA NAGA / Dragon Fruit,major,8.0,0.0,0.0,0.0,0.0,statistik_tanaman_buah_2017.pdf,151,0.0
2017,Sabah,Papar,Papar,NANAS,NANAS,Pineapple,NANAS / Pineapple,major,3.0,3.0,10.0,19.6,3.333333333333333,statistik_tanaman_buah_2017.pdf,152,3.3928252175296523
2017,Sabah,Papar,Papar,NANGKA,NANGKA,Jackfruit,NANGKA / Jackfruit,major,10.0,9.0,31.0,64.7,3.4444444444444446,statistik_tanaman_buah_2017.pdf,152,3.4835275249041433
2017,Sabah,Papar,Papar,PISANG,PISANG,Banana,PISANG / Banana,major,89.0,75.0,545.0,942.9,7.266666666666667,statistik_tanaman_buah_2017.pdf,153,6.954946613169555
2017,Sabah,Papar,Papar,PULASAN,PULASAN,Pulasan,PULASAN / (Pulasan),major,0.0,0.0,0.0,0.0,0.0,statistik_tanaman_buah_2017.pdf,153,0.0
2017,Sabah,Papar,Papar,RAMBUTAN,RAMBUTAN,Rambutan,RAMBUTAN / (Rambutan),major,60.0,0.0,0.0,0.0,0.0,statistik_tanaman_buah_2017.pdf,154,0.0
2017,Sabah,Papar,Papar,SALAK,SALAK,Salak,SALAK / (Salak),major,0.0,0.0,0.0,0.0,0.0,statistik_tanaman_buah_2017.pdf,154,0.0
2017,Sabah,Papar,Papar,TEMBIKAI,TEMBIKAI,Watermelon,TEMBIKAI / Water-melon,major,197.0,197.0,1832.0,2418.2,9.299492385786802,statistik_tanaman_buah_2017.pdf,155,10.349926646836915
2017,Sabah,Penampang,Penampang,BELIMBING,BELIMBING,Starfruit,BELIMBING / Starfruit,major,0.0,0.0,0.0,0.0,0.0,statistik_tanaman_buah_2017.pdf,145,0.0
2017,Sabah,Penampang,Penampang,BETIK,BETIK,Papaya,BETIK / Papaya,major,0.0,0.0,0.0,0.0,0.0,statistik_tanaman_buah_2017.pdf,145,0.0
2017,Sabah,Penampang,Penampang,CEMPEDAK,CEMPEDAK,Cempedak,CEMPEDAK / (Cempedak),major,4.0,0.5,0.5,1.7,1.0,statistik_tanaman_buah_2017.pdf,146,1.0176944444444445
2017,Sabah,Penampang,Penampang,CIKU,CIKU,Ciku,CIKU / Sapodilla,major,0.0,0.0,0.0,0.0,0.0,statistik_tanaman_buah_2017.pdf,146,0.0
2017,Sabah,Penampang,Penampang,DOKONG,DOKONG,Dokong,DOKONG / (Dokong),major,0.0,0.0,0.0,0.0,0.0,statistik_tanaman_buah_2017.pdf,147,0.0
2017,Sabah,Penampang,Penampang,DUKU,DUKU,Duku,DUKU / (Duku),major,3.5,0.0,0.0,0.0,0.0,statistik_tanaman_buah_2017.pdf,147,0.0
2017,Sabah,Penampang,Penampang,DURIAN,DURIAN,Durian,DURIAN / (Durian),major,19.6,3.5,14.0,185.5,4.0,statistik_tanaman_buah_2017.pdf,148,4.035741544566543
2017,Sabah,Penampang,Penampang,JAMBU_BATU,JAMBU BATU,Guava,JAMBU BATU / Guava,major,0.0,0.0,0.0,0.0,0.0,statistik_tanaman_buah_2017.pdf,148,0.0
2017,Sabah,Penampang,Penampang,LANGSAT,LANGSAT,Langsat,LANGSAT / (Langsat),major,6.0,2.5,2.5,6.4,1.0,statistik_tanaman_buah_2017.pdf,149,0.9784181207456063
2017,Sabah,Penampang,Penampang,LIMAU_BESAR,LIMAU BESAR,Pomelo,LIMAU BESAR / Pomelo,major,0.0,0.0,0.0,0.0,0.0,statistik_tanaman_buah_2017.pdf,149,0.0
2017,Sabah,Penampang,Penampang,LIMAU_MANIS,LIMAU MANIS,Sweet Orange,LIMAU MANIS / Sweet Orange,major,0.0,0.0,0.0,0.0,0.0,statistik_tanaman_buah_2017.pdf,150,0.0
2017,Sabah,Penampang,Penampang,MANGGA,MANGGA,Mango,MANGGA / Mango,major,1.8,1.1,1.1,9.8,1.0,statistik_tanaman_buah_2017.pdf,150,1.0336151811151812
2017,Sabah,Penampang,Penampang,MANGGIS,MANGGIS,Mangosteen,MANGGIS / Mangosteen,major,2.9,2.0,2.0,8.4,1.0,statistik_tanaman_buah_2017.pdf,151,1.0063967604033395
2017,Sabah,Penampang,Penampang,MATA_NAGA,MATA NAGA,Dragon Fruit,MATA NAGA / Dragon Fruit,major,1.3,0.8,8.0,31.6,10.0,statistik_tanaman_buah_2017.pdf,151,9.862226190476193
2017,Sabah,Penampang,Penampang,NANAS,NANAS,Pineapple,NANAS / Pineapple,major,129.6,48.0,444.8,872.9,9.266666666666667,statistik_tanaman_buah_2017.pdf,152,9.29442138785263
2017,Sabah,Penampang,Penampang,NANGKA,NANGKA,Jackfruit,NANGKA / Jackfruit,major,0.6,0.1,2.1,4.4,21.0,statistik_tanaman_buah_2017.pdf,152,17.374166666666667
2017,Sabah,Penampang,Penampang,PISANG,PISANG,Banana,PISANG / Banana,major,2.4,2.0,17.7,30.6,8.85,statistik_tanaman_buah_2017.pdf,153,8.499480208509551
2017,Sabah,Penampang,Penampang,PULASAN,PULASAN,Pulasan,PULASAN / (Pulasan),major,0.0,0.0,0.0,0.0,0.0,statistik_tanaman_buah_2017.pdf,153,0.0
2017,Sabah,Penampang,Penampang,RAMBUTAN,RAMBUTAN,Rambutan,RAMBUTAN / (Rambutan),major,8.5,3.5,8.5,24.0,2.4285714285714284,statistik_tanaman_buah_2017.pdf,154,2.3895775793897744
2017,Sabah,Penampang,Penampang,SALAK,SALAK,Salak,SALAK / (Salak),major,0.0,0.0,0.0,0.0,0.0,statistik_tanaman_buah_2017.pdf,154,0.0
2017,Sabah,Penampang,Penampang,TEMBIKAI,TEMBIKAI,Watermelon,TEMBIKAI / Water-melon,major,0.0,0.0,0.0,0.0,0.0,statistik_tanaman_buah_2017.pdf,155,0.0
2017,Sabah,Pitas,Pitas,BELIMBING,BELIMBING,Starfruit,BELIMBING / Starfruit,major,0.1,0.1,0.2,0.4,2.0,statistik_tanaman_buah_2017.pdf,145,1.752
2017,Sabah,Pitas,Pitas,BETIK,BETIK,Papaya,BETIK / Papaya,major,0.4,0.4,4.0,5.7,10.0,statistik_tanaman_buah_2017.pdf,145,9.903555555555554
2017,Sabah,Pitas,Pitas,CEMPEDAK,CEMPEDAK,Cempedak,CEMPEDAK / (Cempedak),major,28.0,28.0,281.0,927.3,10.035714285714286,statistik_tanaman_buah_2017.pdf,146,9.92594898185615
2017,Sabah,Pitas,Pitas,CIKU,CIKU,Ciku,CIKU / Sapodilla,major,0.0,0.0,0.0,0.0,0.0,statistik_tanaman_buah_2017.pdf,146,0.0
2017,Sabah,Pitas,Pitas,DOKONG,DOKONG,Dokong,DOKONG / (Dokong),major,0.0,0.0,0.0,0.0,0.0,statistik_tanaman_buah_2017.pdf,147,0.0
2017,Sabah,Pitas,Pitas,DUKU,DUKU,Duku,DUKU / (Duku),major,0.0,0.0,0.0,0.0,0.0,statistik_tanaman_buah_2017.pdf,147,0.0
2017,Sabah,Pitas,Pitas,DURIAN,DURIAN,Durian,DURIAN / (Durian),major,7.0,3.0,27.0,357.8,9.0,statistik_tanaman_buah_2017.pdf,148,8.900256275653911
2017,Sabah,Pitas,Pitas,JAMBU_BATU,JAMBU BATU,Guava,JAMBU BATU / Guava,major,0.0,0.0,0.0,0.0,0.0,statistik_tanaman_buah_2017.pdf,148,0.0
2017,Sabah,Pitas,Pitas,LANGSAT,LANGSAT,Langsat,LANGSAT / (Langsat),major,10.4,0.0,0.0,0.0,0.0,statistik_tanaman_buah_2017.pdf,149,0.0
2017,Sabah,Pitas,Pitas,LIMAU_BESAR,LIMAU BESAR,Pomelo,LIMAU BESAR / Pomelo,major,0.0,0.0,0.0,0.0,0.0,statistik_tanaman_buah_2017.pdf,149,0.0
2017,Sabah,Pitas,Pitas,LIMAU_MANIS,LIMAU MANIS,Sweet Orange,LIMAU MANIS / Sweet Orange,major,0.0,0.0,0.0,0.0,0.0,statistik_tanaman_buah_2017.pdf,150,0.0
2017,Sabah,Pitas,Pitas,MANGGA,MANGGA,Mango,MANGGA / Mango,major,32.4,25.0,180.0,1608.0,7.2,statistik_tanaman_buah_2017.pdf,150,7.038687894241848
2017,Sabah,Pitas,Pitas,MANGGIS,MANGGIS,Mangosteen,MANGGIS / Mangosteen,major,3.4,3.0,14.0,58.8,4.666666666666667,statistik_tanaman_buah_2017.pdf,151,4.90132825340842
2017,Sabah,Pitas,Pitas,MATA_NAGA,MATA NAGA,Dragon Fruit,MATA NAGA / Dragon Fruit,major,1.0,0.8,3.3,13.0,4.124999999999999,statistik_tanaman_buah_2017.pdf,151,4.163187830687833
2017,Sabah,Pitas,Pitas,NANAS,NANAS,Pineapple,NANAS / Pineapple,major,12.3,12.0,120.0,235.5,10.0,statistik_tanaman_buah_2017.pdf,152,10.073965194305906
2017,Sabah,Pitas,Pitas,NANGKA,NANGKA,Jackfruit,NANGKA / Jackfruit,major,3.8,3.8,57.0,119.0,15.0,statistik_tanaman_buah_2017.pdf,152,14.846502927581623
2017,Sabah,Pitas,Pitas,PISANG,PISANG,Banana,PISANG / Banana,major,172.7,132.0,1361.0,2354.5,10.31060606060606,statistik_tanaman_buah_2017.pdf,153,10.552317206746876
2017,Sabah,Pitas,Pitas,PULASAN,PULASAN,Pulasan,PULASAN / (Pulasan),major,0.0,0.0,0.0,0.0,0.0,statistik_tanaman_buah_2017.pdf,153,0.0
2017,Sabah,Pitas,Pitas,RAMBUTAN,RAMBUTAN,Rambutan,RAMBUTAN / (Rambutan),major,22.0,15.0,64.0,180.8,4.266666666666667,statistik_tanaman_buah_2017.pdf,154,4.281925473880665
2017,Sabah,Pitas,Pitas,SALAK,SALAK,Salak,SALAK / (Salak),major,0.0,0.0,0.0,0.0,0.0,statistik_tanaman_buah_2017.pdf,154,0.0
2017,Sabah,Pitas,Pitas,TEMBIKAI,TEMBIKAI,Watermelon,TEMBIKAI / Water-melon,major,0.0,0.0,0.0,0.0,0.0,statistik_tanaman_buah_2017.pdf,155,0.0
2017,Sabah,Putatan,Putatan,BELIMBING,BELIMBING,Starfruit,BELIMBING / Starfruit,major,0.0,0.0,0.0,0.0,0.0,statistik_tanaman_buah_2017.pdf,145,0.0
2017,Sabah,Putatan,Putatan,BETIK,BETIK,Papaya,BETIK / Papaya,major,0.0,0.0,0.0,0.0,0.0,statistik_tanaman_buah_2017.pdf,145,0.0
2017,Sabah,Putatan,Putatan,CEMPEDAK,CEMPEDAK,Cempedak,CEMPEDAK / (Cempedak),major,0.0,0.0,0.0,0.0,0.0,statistik_tanaman_buah_2017.pdf,146,0.0
2017,Sabah,Putatan,Putatan,CIKU,CIKU,Ciku,CIKU / Sapodilla,major,0.0,0.0,0.0,0.0,0.0,statistik_tanaman_buah_2017.pdf,146,0.0
2017,Sabah,Putatan,Putatan,DOKONG,DOKONG,Dokong,DOKONG / (Dokong),major,0.0,0.0,0.0,0.0,0.0,statistik_tanaman_buah_2017.pdf,147,0.0
2017,Sabah,Putatan,Putatan,DUKU,DUKU,Duku,DUKU / (Duku),major,0.0,0.0,0.0,0.0,0.0,statistik_tanaman_buah_2017.pdf,147,0.0
2017,Sabah,Putatan,Putatan,DURIAN,DURIAN,Durian,DURIAN / (Durian),major,0.0,0.0,0.0,0.0,0.0,statistik_tanaman_buah_2017.pdf,148,0.0
2017,Sabah,Putatan,Putatan,JAMBU_BATU,JAMBU BATU,Guava,JAMBU BATU / Guava,major,1.4,1.4,1.1,2.8,0.7857142857142858,statistik_tanaman_buah_2017.pdf,148,0.8041308506308514
2017,Sabah,Putatan,Putatan,LANGSAT,LANGSAT,Langsat,LANGSAT / (Langsat),major,0.0,0.0,0.0,0.0,0.0,statistik_tanaman_buah_2017.pdf,149,0.0
2017,Sabah,Putatan,Putatan,LIMAU_BESAR,LIMAU BESAR,Pomelo,LIMAU BESAR / Pomelo,major,0.0,0.0,0.0,0.0,0.0,statistik_tanaman_buah_2017.pdf,149,0.0
2017,Sabah,Putatan,Putatan,LIMAU_MANIS,LIMAU MANIS,Sweet Orange,LIMAU MANIS / Sweet Orange,major,0.0,0.0,0.0,0.0,0.0,statistik_tanaman_buah_2017.pdf,150,0.0
2017,Sabah,Putatan,Putatan,MANGGA,MANGGA,Mango,MANGGA / Mango,major,0.0,0.0,0.0,0.0,0.0,statistik_tanaman_buah_2017.pdf,150,0.0
2017,Sabah,Putatan,Putatan,MANGGIS,MANGGIS,Mangosteen,MANGGIS / Mangosteen,major,0.0,0.0,0.0,0.0,0.0,statistik_tanaman_buah_2017.pdf,151,0.0
2017,Sabah,Putatan,Putatan,MATA_NAGA,MATA NAGA,Dragon Fruit,MATA NAGA / Dragon Fruit,major,0.0,0.0,0.0,0.0,0.0,statistik_tanaman_buah_2017.pdf,151,0.0
2017,Sabah,Putatan,Putatan,NANAS,NANAS,Pineapple,NANAS / Pineapple,major,0.3,0.0,0.0,0.0,0.0,statistik_tanaman_buah_2017.pdf,152,0.0
2017,Sabah,Putatan,Putatan,NANGKA,NANGKA,Jackfruit,NANGKA / Jackfruit,major,0.0,0.0,0.0,0.0,0.0,statistik_tanaman_buah_2017.pdf,152,0.0
2017,Sabah,Putatan,Putatan,PISANG,PISANG,Banana,PISANG / Banana,major,4.0,2.0,33.5,58.0,16.75,statistik_tanaman_buah_2017.pdf,153,15.466735857141384
2017,Sabah,Putatan,Putatan,PULASAN,PULASAN,Pulasan,PULASAN / (Pulasan),major,0.0,0.0,0.0,0.0,0.0,statistik_tanaman_buah_2017.pdf,153,0.0
2017,Sabah,Putatan,Putatan,RAMBUTAN,RAMBUTAN,Rambutan,RAMBUTAN / (Rambutan),major,0.0,0.0,0.0,0.0,0.0,statistik_tanaman_buah_2017.pdf,154,0.0
2017,Sabah,Putatan,Putatan,SALAK,SALAK,Salak,SALAK / (Salak),major,0.0,0.0,0.0,0.0,0.0,statistik_tanaman_buah_2017.pdf,154,0.0
2017,Sabah,Putatan,Putatan,TEMBIKAI,TEMBIKAI,Watermelon,TEMBIKAI / Water-melon,major,0.0,0.0,0.0,0.0,0.0,statistik_tanaman_buah_2017.pdf,155,0.0
2017,Sabah,Ranau,Ranau,BELIMBING,BELIMBING,Starfruit,BELIMBING / Starfruit,major,5.0,5.0,15.0,33.0,3.0,statistik_tanaman_buah_2017.pdf,145,2.968554741680967
2017,Sabah,Ranau,Ranau,BETIK,BETIK,Papaya,BETIK / Papaya,major,16.0,16.0,232.0,332.5,14.5,statistik_tanaman_buah_2017.pdf,145,14.701933057251706
2017,Sabah,Ranau,Ranau,CEMPEDAK,CEMPEDAK,Cempedak,CEMPEDAK / (Cempedak),major,110.9,20.0,33.0,108.9,1.65,statistik_tanaman_buah_2017.pdf,146,1.7320575289409692
2017,Sabah,Ranau,Ranau,CIKU,CIKU,Ciku,CIKU / Sapodilla,major,0.0,0.0,0.0,0.0,0.0,statistik_tanaman_buah_2017.pdf,146,0.0
2017,Sabah,Ranau,Ranau,DOKONG,DOKONG,Dokong,DOKONG / (Dokong),major,5.0,5.0,5.4,9.2,1.08,statistik_tanaman_buah_2017.pdf,147,1.072566316260943
2017,Sabah,Ranau,Ranau,DUKU,DUKU,Duku,DUKU / (Duku),major,26.0,6.5,8.9,22.9,1.3692307692307693,statistik_tanaman_buah_2017.pdf,147,1.4239231766078135
2017,Sabah,Ranau,Ranau,DURIAN,DURIAN,Durian,DURIAN / (Durian),major,1362.1,77.0,416.0,5512.0,5.402597402597403,statistik_tanaman_buah_2017.pdf,148,5.322166534720182
2017,Sabah,Ranau,Ranau,JAMBU_BATU,JAMBU BATU,Guava,JAMBU BATU / Guava,major,3.0,3.0,29.7,74.3,9.9,statistik_tanaman_buah_2017.pdf,148,10.526708926633361
2017,Sabah,Ranau,Ranau,LANGSAT,LANGSAT,Langsat,LANGSAT / (Langsat),major,380.8,15.0,133.0,339.2,8.866666666666667,statistik_tanaman_buah_2017.pdf,149,8.757030440775555
2017,Sabah,Ranau,Ranau,LIMAU_BESAR,LIMAU BESAR,Pomelo,LIMAU BESAR / Pomelo,major,5.0,5.0,31.0,68.2,6.2,statistik_tanaman_buah_2017.pdf,149,6.1468518564318195
2017,Sabah,Ranau,Ranau,LIMAU_MANIS,LIMAU MANIS,Sweet Orange,LIMAU MANIS / Sweet Orange,major,5.0,5.0,28.4,82.4,5.68,statistik_tanaman_buah_2017.pdf,150,5.691820435695602
2017,Sabah,Ranau,Ranau,MANGGA,MANGGA,Mango,MANGGA / Mango,major,55.3,41.0,175.0,1563.3,4.2682926829268295,statistik_tanaman_buah_2017.pdf,150,4.293816915971183
2017,Sabah,Ranau,Ranau,MANGGIS,MANGGIS,Mangosteen,MANGGIS / Mangosteen,major,29.6,1.5,17.0,71.4,11.333333333333334,statistik_tanaman_buah_2017.pdf,151,7.930077311626852
2017,Sabah,Ranau,Ranau,MATA_NAGA,MATA NAGA,Dragon Fruit,MATA NAGA / Dragon Fruit,major,0.0,0.0,0.0,0.0,0.0,statistik_tanaman_buah_2017.pdf,151,0.0
2017,Sabah,Ranau,Ranau,NANAS,NANAS,Pineapple,NANAS / Pineapple,major,23.4,23.1,213.0,418.0,9.22077922077922,statistik_tanaman_buah_2017.pdf,152,9.337149422114695
2017,Sabah,Ranau,Ranau,NANGKA,NANGKA,Jackfruit,NANGKA / Jackfruit,major,33.6,33.6,200.0,417.5,5.9523809523809526,statistik_tanaman_buah_2017.pdf,152,5.999888428589723
2017,Sabah,Ranau,Ranau,PISANG,PISANG,Banana,PISANG / Banana,major,111.0,111.0,1305.9,2259.2,11.764864864864863,statistik_tanaman_buah_2017.pdf,153,11.795927218361038
2017,Sabah,Ranau,Ranau,PULASAN,PULASAN,Pulasan,PULASAN / (Pulasan),major,0.0,0.0,0.0,0.0,0.0,statistik_tanaman_buah_2017.pdf,153,0.0
2017,Sabah,Ranau,Ranau,RAMBUTAN,RAMBUTAN,Rambutan,RAMBUTAN / (Rambutan),major,188.5,0.0,0.0,0.0,0.0,statistik_tanaman_buah_2017.pdf,154,0.0
2017,Sabah,Ranau,Ranau,SALAK,SALAK,Salak,SALAK / (Salak),major,1.0,1.0,2.3,3.4,2.3,statistik_tanaman_buah_2017.pdf,154,2.3330714285714316
2017,Sabah,Ranau,Ranau,TEMBIKAI,TEMBIKAI,Watermelon,TEMBIKAI / Water-melon,major,2.5,2.5,19.5,25.7,7.8,statistik_tanaman_buah_2017.pdf,155,7.947377946284338
2017,Sabah,Sandakan,Sandakan,BELIMBING,BELIMBING,Starfruit,BELIMBING / Starfruit,major,5.0,5.0,45.0,99.0,9.0,statistik_tanaman_buah_2017.pdf,145,8.991210571610535
2017,Sabah,Sandakan,Sandakan,BETIK,BETIK,Papaya,BETIK / Papaya,major,3.8,3.8,40.0,57.3,10.526315789473683,statistik_tanaman_buah_2017.pdf,145,10.583375724527787
2017,Sabah,Sandakan,Sandakan,CEMPEDAK,CEMPEDAK,Cempedak,CEMPEDAK / (Cempedak),major,3.0,3.0,21.0,69.3,7.0,statistik_tanaman_buah_2017.pdf,146,7.201442789250973
2017,Sabah,Sandakan,Sandakan,CIKU,CIKU,Ciku,CIKU / Sapodilla,major,2.8,1.0,7.5,18.0,7.5,statistik_tanaman_buah_2017.pdf,146,7.854090261590266
2017,Sabah,Sandakan,Sandakan,DOKONG,DOKONG,Dokong,DOKONG / (Dokong),major,6.1,6.1,30.5,51.9,5.0,statistik_tanaman_buah_2017.pdf,147,5.1050329127936624
2017,Sabah,Sandakan,Sandakan,DUKU,DUKU,Duku,DUKU / (Duku),major,36.8,36.8,179.3,461.7,4.872282608695653,statistik_tanaman_buah_2017.pdf,147,4.960080445107241
2017,Sabah,Sandakan,Sandakan,DURIAN,DURIAN,Durian,DURIAN / (Durian),major,80.0,80.0,480.0,6360.0,6.0,statistik_tanaman_buah_2017.pdf,148,6.225397062197565
2017,Sabah,Sandakan,Sandakan,JAMBU_BATU,JAMBU BATU,Guava,JAMBU BATU / Guava,major,8.5,6.0,42.0,105.0,7.0,statistik_tanaman_buah_2017.pdf,148,7.013904815816732
2017,Sabah,Sandakan,Sandakan,LANGSAT,LANGSAT,Langsat,LANGSAT / (Langsat),major,50.0,50.0,250.0,637.5,5.0,statistik_tanaman_buah_2017.pdf,149,5.2429782956548285
2017,Sabah,Sandakan,Sandakan,LIMAU_BESAR,LIMAU BESAR,Pomelo,LIMAU BESAR / Pomelo,major,7.1,7.1,70.0,154.0,9.859154929577466,statistik_tanaman_buah_2017.pdf,149,9.874398047107169
2017,Sabah,Sandakan,Sandakan,LIMAU_MANIS,LIMAU MANIS,Sweet Orange,LIMAU MANIS / Sweet Orange,major,1.5,1.5,10.0,29.0,6.666666666666667,statistik_tanaman_buah_2017.pdf,150,6.719234704408102
2017,Sabah,Sandakan,Sandakan,MANGGA,MANGGA,Mango,MANGGA / Mango,major,105.0,103.0,515.0,4600.7,5.0,statistik_tanaman_buah_2017.pdf,150,5.420665904231765
2017,Sabah,Sandakan,Sandakan,MANGGIS,MANGGIS,Mangosteen,MANGGIS / Mangosteen,major,28.1,28.1,140.0,588.0,4.98220640569395,statistik_tanaman_buah_2017.pdf,151,5.05673007595651
2017,Sabah,Sandakan,Sandakan,MATA_NAGA,MATA NAGA,Dragon Fruit,MATA NAGA / Dragon Fruit,major,5.0,5.0,50.0,197.5,10.0,statistik_tanaman_buah_2017.pdf,151,10.025461096647723
2017,Sabah,Sandakan,Sandakan,NANAS,NANAS,Pineapple,NANAS / Pineapple,major,2.5,2.5,28.0,55.0,11.2,statistik_tanaman_buah_2017.pdf,152,11.060125248216652
2017,Sabah,Sandakan,Sandakan,NANGKA,NANGKA,Jackfruit,NANGKA / Jackfruit,major,7.5,3.5,35.0,73.1,10.0,statistik_tanaman_buah_2017.pdf,152,9.965568715502924
2017,Sabah,Sandakan,Sandakan,PISANG,PISANG,Banana,PISANG / Banana,major,36.0,36.0,334.5,578.7,9.291666666666666,statistik_tanaman_buah_2017.pdf,153,9.417630778067805
2017,Sabah,Sandakan,Sandakan,PULASAN,PULASAN,Pulasan,PULASAN / (Pulasan),major,0.0,0.0,0.0,0.0,0.0,statistik_tanaman_buah_2017.pdf,153,0.0
2017,Sabah,Sandakan,Sandakan,RAMBUTAN,RAMBUTAN,Rambutan,RAMBUTAN / (Rambutan),major,102.8,100.0,900.0,2542.5,9.0,statistik_tanaman_buah_2017.pdf,154,9.441337914915424
2017,Sabah,Sandakan,Sandakan,SALAK,SALAK,Salak,SALAK / (Salak),major,60.0,60.0,500.0,749.5,8.333333333333334,statistik_tanaman_buah_2017.pdf,154,8.350952889724727
2017,Sabah,Sandakan,Sandakan,TEMBIKAI,TEMBIKAI,Watermelon,TEMBIKAI / Water-melon,major,5.0,5.0,60.0,79.2,12.0,statistik_tanaman_buah_2017.pdf,155,12.032287880114021
2017,Sabah,Semporna,Semporna,BELIMBING,BELIMBING,Starfruit,BELIMBING / Starfruit,major,0.0,0.0,0.0,0.0,0.0,statistik_tanaman_buah_2017.pdf,145,0.0
2017,Sabah,Semporna,Semporna,BETIK,BETIK,Papaya,BETIK / Papaya,major,5.4,5.0,56.9,81.6,11.38,statistik_tanaman_buah_2017.pdf,145,11.288929540451374
2017,Sabah,Semporna,Semporna,CEMPEDAK,CEMPEDAK,Cempedak,CEMPEDAK / (Cempedak),major,0.0,0.0,0.0,0.0,0.0,statistik_tanaman_buah_2017.pdf,146,0.0
2017,Sabah,Semporna,Semporna,CIKU,CIKU,Ciku,CIKU / Sapodilla,major,0.0,0.0,0.0,0.0,0.0,statistik_tanaman_buah_2017.pdf,146,0.0
2017,Sabah,Semporna,Semporna,DOKONG,DOKONG,Dokong,DOKONG / (Dokong),major,0.0,0.0,0.0,0.0,0.0,statistik_tanaman_buah_2017.pdf,147,0.0
2017,Sabah,Semporna,Semporna,DUKU,DUKU,Duku,DUKU / (Duku),major,0.0,0.0,0.0,0.0,0.0,statistik_tanaman_buah_2017.pdf,147,0.0
2017,Sabah,Semporna,Semporna,DURIAN,DURIAN,Durian,DURIAN / (Durian),major,0.0,0.0,0.0,0.0,0.0,statistik_tanaman_buah_2017.pdf,148,0.0
2017,Sabah,Semporna,Semporna,JAMBU_BATU,JAMBU BATU,Guava,JAMBU BATU / Guava,major,29.6,29.6,363.0,907.5,12.263513513513512,statistik_tanaman_buah_2017.pdf,148,13.029835620746807
2017,Sabah,Semporna,Semporna,LANGSAT,LANGSAT,Langsat,LANGSAT / (Langsat),major,21.4,0.0,0.0,0.0,0.0,statistik_tanaman_buah_2017.pdf,149,0.0
2017,Sabah,Semporna,Semporna,LIMAU_BESAR,LIMAU BESAR,Pomelo,LIMAU BESAR / Pomelo,major,0.0,0.0,0.0,0.0,0.0,statistik_tanaman_buah_2017.pdf,149,0.0
2017,Sabah,Semporna,Semporna,LIMAU_MANIS,LIMAU MANIS,Sweet Orange,LIMAU MANIS / Sweet Orange,major,0.0,0.0,0.0,0.0,0.0,statistik_tanaman_buah_2017.pdf,150,0.0
2017,Sabah,Semporna,Semporna,MANGGA,MANGGA,Mango,MANGGA / Mango,major,72.5,14.6,43.8,391.3,3.0,statistik_tanaman_buah_2017.pdf,150,3.0036666522872224
2017,Sabah,Semporna,Semporna,MANGGIS,MANGGIS,Mangosteen,MANGGIS / Mangosteen,major,0.0,0.0,0.0,0.0,0.0,statistik_tanaman_buah_2017.pdf,151,0.0
2017,Sabah,Semporna,Semporna,MATA_NAGA,MATA NAGA,Dragon Fruit,MATA NAGA / Dragon Fruit,major,0.0,0.0,0.0,0.0,0.0,statistik_tanaman_buah_2017.pdf,151,0.0
2017,Sabah,Semporna,Semporna,NANAS,NANAS,Pineapple,NANAS / Pineapple,major,0.0,0.0,0.0,0.0,0.0,statistik_tanaman_buah_2017.pdf,152,0.0
2017,Sabah,Semporna,Semporna,NANGKA,NANGKA,Jackfruit,NANGKA / Jackfruit,major,0.0,0.0,0.0,0.0,0.0,statistik_tanaman_buah_2017.pdf,152,0.0
2017,Sabah,Semporna,Semporna,PISANG,PISANG,Banana,PISANG / Banana,major,117.6,117.6,1582.0,2736.9,13.452380952380953,statistik_tanaman_buah_2017.pdf,153,13.815190203334515
2017,Sabah,Semporna,Semporna,PULASAN,PULASAN,Pulasan,PULASAN / (Pulasan),major,0.0,0.0,0.0,0.0,0.0,statistik_tanaman_buah_2017.pdf,153,0.0
2017,Sabah,Semporna,Semporna,RAMBUTAN,RAMBUTAN,Rambutan,RAMBUTAN / (Rambutan),major,77.5,0.0,0.0,0.0,0.0,statistik_tanaman_buah_2017.pdf,154,0.0
2017,Sabah,Semporna,Semporna,SALAK,SALAK,Salak,SALAK / (Salak),major,0.0,0.0,0.0,0.0,0.0,statistik_tanaman_buah_2017.pdf,154,0.0
2017,Sabah,Semporna,Semporna,TEMBIKAI,TEMBIKAI,Watermelon,TEMBIKAI / Water-melon,major,0.0,0.0,0.0,0.0,0.0,statistik_tanaman_buah_2017.pdf,155,0.0
2017,Sabah,Sipitang,Sipitang,BELIMBING,BELIMBING,Starfruit,BELIMBING / Starfruit,major,0.1,0.0,0.0,0.0,0.0,statistik_tanaman_buah_2017.pdf,145,0.0
2017,Sabah,Sipitang,Sipitang,BETIK,BETIK,Papaya,BETIK / Papaya,major,0.0,0.0,0.0,0.0,0.0,statistik_tanaman_buah_2017.pdf,145,0.0
2017,Sabah,Sipitang,Sipitang,CEMPEDAK,CEMPEDAK,Cempedak,CEMPEDAK / (Cempedak),major,213.2,74.6,154.5,509.9,2.071045576407507,statistik_tanaman_buah_2017.pdf,146,2.3732507505730123
2017,Sabah,Sipitang,Sipitang,CIKU,CIKU,Ciku,CIKU / Sapodilla,major,1.1,0.1,0.3,0.7,3.0,statistik_tanaman_buah_2017.pdf,146,2.7214722222222223
2017,Sabah,Sipitang,Sipitang,DOKONG,DOKONG,Dokong,DOKONG / (Dokong),major,4.6,1.4,7.7,13.1,5.500000000000001,statistik_tanaman_buah_2017.pdf,147,5.584684940984941
2017,Sabah,Sipitang,Sipitang,DUKU,DUKU,Duku,DUKU / (Duku),major,17.8,4.3,25.1,64.6,5.837209302325582,statistik_tanaman_buah_2017.pdf,147,5.744920199521316
2017,Sabah,Sipitang,Sipitang,DURIAN,DURIAN,Durian,DURIAN / (Durian),major,600.8,327.0,2043.6,27077.7,6.249541284403669,statistik_tanaman_buah_2017.pdf,148,6.7847084558023445
2017,Sabah,Sipitang,Sipitang,JAMBU_BATU,JAMBU BATU,Guava,JAMBU BATU / Guava,major,1.3,1.3,12.0,30.0,9.23076923076923,statistik_tanaman_buah_2017.pdf,148,9.172717131724466
2017,Sabah,Sipitang,Sipitang,LANGSAT,LANGSAT,Langsat,LANGSAT / (Langsat),major,87.8,22.6,90.4,230.5,4.0,statistik_tanaman_buah_2017.pdf,149,4.049982757730806
2017,Sabah,Sipitang,Sipitang,LIMAU_BESAR,LIMAU BESAR,Pomelo,LIMAU BESAR / Pomelo,major,2.5,0.0,0.0,0.0,0.0,statistik_tanaman_buah_2017.pdf,149,0.0
2017,Sabah,Sipitang,Sipitang,LIMAU_MANIS,LIMAU MANIS,Sweet Orange,LIMAU MANIS / Sweet Orange,major,8.4,8.4,18.5,53.7,2.202380952380952,statistik_tanaman_buah_2017.pdf,150,2.2646164039873367
2017,Sabah,Sipitang,Sipitang,MANGGA,MANGGA,Mango,MANGGA / Mango,major,5.0,1.8,3.5,31.3,1.9444444444444444,statistik_tanaman_buah_2017.pdf,150,2.0014337739555184
2017,Sabah,Sipitang,Sipitang,MANGGIS,MANGGIS,Mangosteen,MANGGIS / Mangosteen,major,8.0,1.8,2.2,9.2,1.2222222222222223,statistik_tanaman_buah_2017.pdf,151,1.214547258540681
2017,Sabah,Sipitang,Sipitang,MATA_NAGA,MATA NAGA,Dragon Fruit,MATA NAGA / Dragon Fruit,major,0.0,0.0,0.0,0.0,0.0,statistik_tanaman_buah_2017.pdf,151,0.0
2017,Sabah,Sipitang,Sipitang,NANAS,NANAS,Pineapple,NANAS / Pineapple,major,13.3,11.1,132.0,259.1,11.891891891891891,statistik_tanaman_buah_2017.pdf,152,12.027712200882025
2017,Sabah,Sipitang,Sipitang,NANGKA,NANGKA,Jackfruit,NANGKA / Jackfruit,major,1.0,0.0,0.0,0.0,0.0,statistik_tanaman_buah_2017.pdf,152,0.0
2017,Sabah,Sipitang,Sipitang,PISANG,PISANG,Banana,PISANG / Banana,major,278.3,218.8,4160.4,7197.5,19.014625228519197,statistik_tanaman_buah_2017.pdf,153,17.979128517649006
2017,Sabah,Sipitang,Sipitang,PULASAN,PULASAN,Pulasan,PULASAN / (Pulasan),major,0.0,0.0,0.0,0.0,0.0,statistik_tanaman_buah_2017.pdf,153,0.0
2017,Sabah,Sipitang,Sipitang,RAMBUTAN,RAMBUTAN,Rambutan,RAMBUTAN / (Rambutan),major,120.0,80.0,176.0,497.2,2.2,statistik_tanaman_buah_2017.pdf,154,2.381077754671642
2017,Sabah,Sipitang,Sipitang,SALAK,SALAK,Salak,SALAK / (Salak),major,0.0,0.0,0.0,0.0,0.0,statistik_tanaman_buah_2017.pdf,154,0.0
2017,Sabah,Sipitang,Sipitang,TEMBIKAI,TEMBIKAI,Watermelon,TEMBIKAI / Water-melon,major,17.8,17.8,368.9,486.9,20.724719101123597,statistik_tanaman_buah_2017.pdf,155,20.399875167546274
2017,Sabah,Sook,Sook,BELIMBING,BELIMBING,Starfruit,BELIMBING / Starfruit,major,2.9,2.9,11.6,25.5,4.0,statistik_tanaman_buah_2017.pdf,145,4.307624749462682
2017,Sabah,Sook,Sook,BETIK,BETIK,Papaya,BETIK / Papaya,major,13.7,5.0,15.0,21.5,3.0,statistik_tanaman_buah_2017.pdf,145,3.380756924032971
2017,Sabah,Sook,Sook,CEMPEDAK,CEMPEDAK,Cempedak,CEMPEDAK / (Cempedak),major,18.0,0.0,0.0,0.0,0.0,statistik_tanaman_buah_2017.pdf,146,0.0
2017,Sabah,Sook,Sook,CIKU,CIKU,Ciku,CIKU / Sapodilla,major,0.0,0.0,0.0,0.0,0.0,statistik_tanaman_buah_2017.pdf,146,0.0
2017,Sabah,Sook,Sook,DOKONG,DOKONG,Dokong,DOKONG / (Dokong),major,0.0,0.0,0.0,0.0,0.0,statistik_tanaman_buah_2017.pdf,147,0.0
2017,Sabah,Sook,Sook,DUKU,DUKU,Duku,DUKU / (Duku),major,1.0,0.0,0.0,0.0,0.0,statistik_tanaman_buah_2017.pdf,147,0.0
2017,Sabah,Sook,Sook,DURIAN,DURIAN,Durian,DURIAN / (Durian),major,56.8,30.0,67.5,894.4,2.25,statistik_tanaman_buah_2017.pdf,148,2.275381975206126
2017,Sabah,Sook,Sook,JAMBU_BATU,JAMBU BATU,Guava,JAMBU BATU / Guava,major,5.0,0.0,0.0,0.0,0.0,statistik_tanaman_buah_2017.pdf,148,0.0
2017,Sabah,Sook,Sook,LANGSAT,LANGSAT,Langsat,LANGSAT / (Langsat),major,20.0,0.0,0.0,0.0,0.0,statistik_tanaman_buah_2017.pdf,149,0.0
2017,Sabah,Sook,Sook,LIMAU_BESAR,LIMAU BESAR,Pomelo,LIMAU BESAR / Pomelo,major,3.5,0.0,0.0,0.0,0.0,statistik_tanaman_buah_2017.pdf,149,0.0
2017,Sabah,Sook,Sook,LIMAU_MANIS,LIMAU MANIS,Sweet Orange,LIMAU MANIS / Sweet Orange,major,9.6,0.0,0.0,0.0,0.0,statistik_tanaman_buah_2017.pdf,150,0.0
2017,Sabah,Sook,Sook,MANGGA,MANGGA,Mango,MANGGA / Mango,major,10.7,0.0,0.0,0.0,0.0,statistik_tanaman_buah_2017.pdf,150,0.0
2017,Sabah,Sook,Sook,MANGGIS,MANGGIS,Mangosteen,MANGGIS / Mangosteen,major,11.7,0.0,0.0,0.0,0.0,statistik_tanaman_buah_2017.pdf,151,0.0
2017,Sabah,Sook,Sook,MATA_NAGA,MATA NAGA,Dragon Fruit,MATA NAGA / Dragon Fruit,major,2.0,2.0,15.0,59.3,7.5,statistik_tanaman_buah_2017.pdf,151,7.547093616325199
2017,Sabah,Sook,Sook,NANAS,NANAS,Pineapple,NANAS / Pineapple,major,35.7,30.0,174.0,341.5,5.8,statistik_tanaman_buah_2017.pdf,152,5.743947590025546
2017,Sabah,Sook,Sook,NANGKA,NANGKA,Jackfruit,NANGKA / Jackfruit,major,14.0,0.0,0.0,0.0,0.0,statistik_tanaman_buah_2017.pdf,152,0.0
2017,Sabah,Sook,Sook,PISANG,PISANG,Banana,PISANG / Banana,major,102.6,69.8,1116.8,1932.1,16.0,statistik_tanaman_buah_2017.pdf,153,15.015744001483997
2017,Sabah,Sook,Sook,PULASAN,PULASAN,Pulasan,PULASAN / (Pulasan),major,0.0,0.0,0.0,0.0,0.0,statistik_tanaman_buah_2017.pdf,153,0.0
2017,Sabah,Sook,Sook,RAMBUTAN,RAMBUTAN,Rambutan,RAMBUTAN / (Rambutan),major,41.5,41.5,72.6,205.1,1.7493975903614456,statistik_tanaman_buah_2017.pdf,154,1.933550101053345
2017,Sabah,Sook,Sook,SALAK,SALAK,Salak,SALAK / (Salak),major,0.0,0.0,0.0,0.0,0.0,statistik_tanaman_buah_2017.pdf,154,0.0
2017,Sabah,Sook,Sook,TEMBIKAI,TEMBIKAI,Watermelon,TEMBIKAI / Water-melon,major,4.0,4.0,25.0,33.0,6.25,statistik_tanaman_buah_2017.pdf,155,6.9989687518010655
2017,Sabah,Tambunan,Tambunan,BELIMBING,BELIMBING,Starfruit,BELIMBING / Starfruit,major,0.6,0.6,1.2,2.6,2.0,statistik_tanaman_buah_2017.pdf,145,1.9942063492063493
2017,Sabah,Tambunan,Tambunan,BETIK,BETIK,Papaya,BETIK / Papaya,major,0.2,0.2,0.6,0.9,3.0,statistik_tanaman_buah_2017.pdf,145,2.949444444444444
2017,Sabah,Tambunan,Tambunan,CEMPEDAK,CEMPEDAK,Cempedak,CEMPEDAK / (Cempedak),major,7.3,1.2,1.6,5.3,1.3333333333333337,statistik_tanaman_buah_2017.pdf,146,1.3557379426129408
2017,Sabah,Tambunan,Tambunan,CIKU,CIKU,Ciku,CIKU / Sapodilla,major,0.0,0.0,0.0,0.0,0.0,statistik_tanaman_buah_2017.pdf,146,0.0
2017,Sabah,Tambunan,Tambunan,DOKONG,DOKONG,Dokong,DOKONG / (Dokong),major,0.0,0.0,0.0,0.0,0.0,statistik_tanaman_buah_2017.pdf,147,0.0
2017,Sabah,Tambunan,Tambunan,DUKU,DUKU,Duku,DUKU / (Duku),major,0.0,0.0,0.0,0.0,0.0,statistik_tanaman_buah_2017.pdf,147,0.0
2017,Sabah,Tambunan,Tambunan,DURIAN,DURIAN,Durian,DURIAN / (Durian),major,48.9,9.2,55.0,728.8,5.978260869565218,statistik_tanaman_buah_2017.pdf,148,6.062603853967836
2017,Sabah,Tambunan,Tambunan,JAMBU_BATU,JAMBU BATU,Guava,JAMBU BATU / Guava,major,9.0,0.2,1.5,3.8,7.5,statistik_tanaman_buah_2017.pdf,148,7.810190476190473
2017,Sabah,Tambunan,Tambunan,LANGSAT,LANGSAT,Langsat,LANGSAT / (Langsat),major,4.9,3.0,24.0,61.2,8.0,statistik_tanaman_buah_2017.pdf,149,8.003984322992945
2017,Sabah,Tambunan,Tambunan,LIMAU_BESAR,LIMAU BESAR,Pomelo,LIMAU BESAR / Pomelo,major,0.7,0.7,3.0,6.6,4.285714285714286,statistik_tanaman_buah_2017.pdf,149,4.3968320105820125
2017,Sabah,Tambunan,Tambunan,LIMAU_MANIS,LIMAU MANIS,Sweet Orange,LIMAU MANIS / Sweet Orange,major,2.7,0.0,0.0,0.0,0.0,statistik_tanaman_buah_2017.pdf,150,0.0
2017,Sabah,Tambunan,Tambunan,MANGGA,MANGGA,Mango,MANGGA / Mango,major,6.3,5.0,20.0,178.7,4.0,statistik_tanaman_buah_2017.pdf,150,4.003972632129774
2017,Sabah,Tambunan,Tambunan,MANGGIS,MANGGIS,Mangosteen,MANGGIS / Mangosteen,major,5.5,5.5,49.5,207.9,9.0,statistik_tanaman_buah_2017.pdf,151,9.185160263532305
2017,Sabah,Tambunan,Tambunan,MATA_NAGA,MATA NAGA,Dragon Fruit,MATA NAGA / Dragon Fruit,major,0.2,0.0,0.0,0.0,0.0,statistik_tanaman_buah_2017.pdf,151,0.0
2017,Sabah,Tambunan,Tambunan,NANAS,NANAS,Pineapple,NANAS / Pineapple,major,48.6,5.0,6.2,12.2,1.24,statistik_tanaman_buah_2017.pdf,152,1.2602953740863125
2017,Sabah,Tambunan,Tambunan,NANGKA,NANGKA,Jackfruit,NANGKA / Jackfruit,major,2.1,1.4,13.0,27.1,9.285714285714286,statistik_tanaman_buah_2017.pdf,152,9.191999847374818
2017,Sabah,Tambunan,Tambunan,PISANG,PISANG,Banana,PISANG / Banana,major,33.4,23.0,322.7,558.3,14.030434782608696,statistik_tanaman_buah_2017.pdf,153,14.116188182006972
2017,Sabah,Tambunan,Tambunan,PULASAN,PULASAN,Pulasan,PULASAN / (Pulasan),major,0.0,0.0,0.0,0.0,0.0,statistik_tanaman_buah_2017.pdf,153,0.0
2017,Sabah,Tambunan,Tambunan,RAMBUTAN,RAMBUTAN,Rambutan,RAMBUTAN / (Rambutan),major,14.9,7.0,14.0,39.6,2.0,statistik_tanaman_buah_2017.pdf,154,2.0601439590317003
2017,Sabah,Tambunan,Tambunan,SALAK,SALAK,Salak,SALAK / (Salak),major,0.0,0.0,0.0,0.0,0.0,statistik_tanaman_buah_2017.pdf,154,0.0
2017,Sabah,Tambunan,Tambunan,TEMBIKAI,TEMBIKAI,Watermelon,TEMBIKAI / Water-melon,major,0.0,0.0,0.0,0.0,0.0,statistik_tanaman_buah_2017.pdf,155,0.0
2017,Sabah,Tawau,Tawau,BELIMBING,BELIMBING,Starfruit,BELIMBING / Starfruit,major,7.0,7.0,84.6,186.1,12.085714285714284,statistik_tanaman_buah_2017.pdf,145,12.131395999945887
2017,Sabah,Tawau,Tawau,BETIK,BETIK,Papaya,BETIK / Papaya,major,8.6,8.3,160.9,230.6,19.385542168674696,statistik_tanaman_buah_2017.pdf,145,19.062955202526872
2017,Sabah,Tawau,Tawau,CEMPEDAK,CEMPEDAK,Cempedak,CEMPEDAK / (Cempedak),major,121.0,89.0,178.0,587.4,2.0,statistik_tanaman_buah_2017.pdf,146,2.3057531048270636
2017,Sabah,Tawau,Tawau,CIKU,CIKU,Ciku,CIKU / Sapodilla,major,0.0,0.0,0.0,0.0,0.0,statistik_tanaman_buah_2017.pdf,146,0.0
2017,Sabah,Tawau,Tawau,DOKONG,DOKONG,Dokong,DOKONG / (Dokong),major,16.3,13.5,20.3,34.5,1.5037037037037038,statistik_tanaman_buah_2017.pdf,147,1.5500896130514967
2017,Sabah,Tawau,Tawau,DUKU,DUKU,Duku,DUKU / (Duku),major,14.0,11.5,24.5,63.1,2.130434782608696,statistik_tanaman_buah_2017.pdf,147,2.209698751656626
2017,Sabah,Tawau,Tawau,DURIAN,DURIAN,Durian,DURIAN / (Durian),major,300.0,0.0,0.0,0.0,0.0,statistik_tanaman_buah_2017.pdf,148,0.0
2017,Sabah,Tawau,Tawau,JAMBU_BATU,JAMBU BATU,Guava,JAMBU BATU / Guava,major,20.0,20.0,295.5,738.8,14.775,statistik_tanaman_buah_2017.pdf,148,15.102184341231965
2017,Sabah,Tawau,Tawau,LANGSAT,LANGSAT,Langsat,LANGSAT / (Langsat),major,72.0,15.0,13.5,34.4,0.9,statistik_tanaman_buah_2017.pdf,149,0.9021525508208347
2017,Sabah,Tawau,Tawau,LIMAU_BESAR,LIMAU BESAR,Pomelo,LIMAU BESAR / Pomelo,major,15.0,9.0,30.7,67.5,3.411111111111111,statistik_tanaman_buah_2017.pdf,149,3.4258318331355135
2017,Sabah,Tawau,Tawau,LIMAU_MANIS,LIMAU MANIS,Sweet Orange,LIMAU MANIS / Sweet Orange,major,0.0,0.0,0.0,0.0,0.0,statistik_tanaman_buah_2017.pdf,150,0.0
2017,Sabah,Tawau,Tawau,MANGGA,MANGGA,Mango,MANGGA / Mango,major,145.0,117.5,531.8,4750.7,4.52595744680851,statistik_tanaman_buah_2017.pdf,150,4.478680885667424
2017,Sabah,Tawau,Tawau,MANGGIS,MANGGIS,Mangosteen,MANGGIS / Mangosteen,major,55.8,0.0,0.0,0.0,0.0,statistik_tanaman_buah_2017.pdf,151,0.0
2017,Sabah,Tawau,Tawau,MATA_NAGA,MATA NAGA,Dragon Fruit,MATA NAGA / Dragon Fruit,major,0.0,0.0,0.0,0.0,0.0,statistik_tanaman_buah_2017.pdf,151,0.0
2017,Sabah,Tawau,Tawau,NANAS,NANAS,Pineapple,NANAS / Pineapple,major,24.7,22.3,330.0,647.6,14.798206278026903,statistik_tanaman_buah_2017.pdf,152,14.901204993062093
2017,Sabah,Tawau,Tawau,NANGKA,NANGKA,Jackfruit,NANGKA / Jackfruit,major,52.0,45.0,614.0,1281.7,13.644444444444444,statistik_tanaman_buah_2017.pdf,152,13.599765053948998
2017,Sabah,Tawau,Tawau,PISANG,PISANG,Banana,PISANG / Banana,major,194.0,180.8,2735.1,4731.7,15.127765486725664,statistik_tanaman_buah_2017.pdf,153,15.085435635204357
2017,Sabah,Tawau,Tawau,PULASAN,PULASAN,Pulasan,PULASAN / (Pulasan),major,0.0,0.0,0.0,0.0,0.0,statistik_tanaman_buah_2017.pdf,153,0.0
2017,Sabah,Tawau,Tawau,RAMBUTAN,RAMBUTAN,Rambutan,RAMBUTAN / (Rambutan),major,270.0,66.0,484.0,1367.3,7.333333333333333,statistik_tanaman_buah_2017.pdf,154,7.38245666286268
2017,Sabah,Tawau,Tawau,SALAK,SALAK,Salak,SALAK / (Salak),major,68.0,68.0,646.8,969.6,9.511764705882351,statistik_tanaman_buah_2017.pdf,154,10.803498785208896
2017,Sabah,Tawau,Tawau,TEMBIKAI,TEMBIKAI,Watermelon,TEMBIKAI / Water-melon,major,95.7,95.7,1431.7,1889.8,14.960292580982236,statistik_tanaman_buah_2017.pdf,155,14.97567737812618
2017,Sabah,Telupid,Telupid,BELIMBING,BELIMBING,Starfruit,BELIMBING / Starfruit,major,0.0,0.0,0.0,0.0,0.0,statistik_tanaman_buah_2017.pdf,145,0.0
2017,Sabah,Telupid,Telupid,BETIK,BETIK,Papaya,BETIK / Papaya,major,0.0,0.0,0.0,0.0,0.0,statistik_tanaman_buah_2017.pdf,145,0.0
2017,Sabah,Telupid,Telupid,CEMPEDAK,CEMPEDAK,Cempedak,CEMPEDAK / (Cempedak),major,3.0,1.0,1.4,4.6,1.4,statistik_tanaman_buah_2017.pdf,146,1.3786141636141627
2017,Sabah,Telupid,Telupid,CIKU,CIKU,Ciku,CIKU / Sapodilla,major,0.0,0.0,0.0,0.0,0.0,statistik_tanaman_buah_2017.pdf,146,0.0
2017,Sabah,Telupid,Telupid,DOKONG,DOKONG,Dokong,DOKONG / (Dokong),major,0.0,0.0,0.0,0.0,0.0,statistik_tanaman_buah_2017.pdf,147,0.0
2017,Sabah,Telupid,Telupid,DUKU,DUKU,Duku,DUKU / (Duku),major,3.0,0.0,0.0,0.0,0.0,statistik_tanaman_buah_2017.pdf,147,0.0
2017,Sabah,Telupid,Telupid,DURIAN,DURIAN,Durian,DURIAN / (Durian),major,31.0,0.0,0.0,0.0,0.0,statistik_tanaman_buah_2017.pdf,148,0.0
2017,Sabah,Telupid,Telupid,JAMBU_BATU,JAMBU BATU,Guava,JAMBU BATU / Guava,major,0.0,0.0,0.0,0.0,0.0,statistik_tanaman_buah_2017.pdf,148,0.0
2017,Sabah,Telupid,Telupid,LANGSAT,LANGSAT,Langsat,LANGSAT / (Langsat),major,4.0,0.0,0.0,0.0,0.0,statistik_tanaman_buah_2017.pdf,149,0.0
2017,Sabah,Telupid,Telupid,LIMAU_BESAR,LIMAU BESAR,Pomelo,LIMAU BESAR / Pomelo,major,0.0,0.0,0.0,0.0,0.0,statistik_tanaman_buah_2017.pdf,149,0.0
2017,Sabah,Telupid,Telupid,LIMAU_MANIS,LIMAU MANIS,Sweet Orange,LIMAU MANIS / Sweet Orange,major,0.0,0.0,0.0,0.0,0.0,statistik_tanaman_buah_2017.pdf,150,0.0
2017,Sabah,Telupid,Telupid,MANGGA,MANGGA,Mango,MANGGA / Mango,major,4.0,1.0,0.8,7.1,0.8,statistik_tanaman_buah_2017.pdf,150,0.7688595848595842
2017,Sabah,Telupid,Telupid,MANGGIS,MANGGIS,Mangosteen,MANGGIS / Mangosteen,major,0.0,0.0,0.0,0.0,0.0,statistik_tanaman_buah_2017.pdf,151,0.0
2017,Sabah,Telupid,Telupid,MATA_NAGA,MATA NAGA,Dragon Fruit,MATA NAGA / Dragon Fruit,major,0.0,0.0,0.0,0.0,0.0,statistik_tanaman_buah_2017.pdf,151,0.0
2017,Sabah,Telupid,Telupid,NANAS,NANAS,Pineapple,NANAS / Pineapple,major,3.0,0.4,2.0,3.9,5.0,statistik_tanaman_buah_2017.pdf,152,5.06213888888889
2017,Sabah,Telupid,Telupid,NANGKA,NANGKA,Jackfruit,NANGKA / Jackfruit,major,1.0,0.9,3.3,6.9,3.6666666666666665,statistik_tanaman_buah_2017.pdf,152,3.777555555555551
2017,Sabah,Telupid,Telupid,PISANG,PISANG,Banana,PISANG / Banana,major,28.3,18.2,236.8,409.7,13.010989010989013,statistik_tanaman_buah_2017.pdf,153,12.7981452025102
2017,Sabah,Telupid,Telupid,PULASAN,PULASAN,Pulasan,PULASAN / (Pulasan),major,0.0,0.0,0.0,0.0,0.0,statistik_tanaman_buah_2017.pdf,153,0.0
2017,Sabah,Telupid,Telupid,RAMBUTAN,RAMBUTAN,Rambutan,RAMBUTAN / (Rambutan),major,12.0,0.0,0.0,0.0,0.0,statistik_tanaman_buah_2017.pdf,154,0.0
2017,Sabah,Telupid,Telupid,SALAK,SALAK,Salak,SALAK / (Salak),major,0.0,0.0,0.0,0.0,0.0,statistik_tanaman_buah_2017.pdf,154,0.0
2017,Sabah,Telupid,Telupid,TEMBIKAI,TEMBIKAI,Watermelon,TEMBIKAI / Water-melon,major,0.0,0.0,0.0,0.0,0.0,statistik_tanaman_buah_2017.pdf,155,0.0
2017,Sabah,Tenom,Tenom,BELIMBING,BELIMBING,Starfruit,BELIMBING / Starfruit,major,2.6,2.6,23.2,51.0,8.923076923076923,statistik_tanaman_buah_2017.pdf,145,8.97816806301182
2017,Sabah,Tenom,Tenom,BETIK,BETIK,Papaya,BETIK / Papaya,major,111.6,103.6,4612.1,6610.7,44.51833976833977,statistik_tanaman_buah_2017.pdf,145,41.12354142925222
2017,Sabah,Tenom,Tenom,CEMPEDAK,CEMPEDAK,Cempedak,CEMPEDAK / (Cempedak),major,4.7,4.7,108.0,356.4,22.97872340425532,statistik_tanaman_buah_2017.pdf,146,19.29294606547737
2017,Sabah,Tenom,Tenom,CIKU,CIKU,Ciku,CIKU / Sapodilla,major,0.0,0.0,0.0,0.0,0.0,statistik_tanaman_buah_2017.pdf,146,0.0
2017,Sabah,Tenom,Tenom,DOKONG,DOKONG,Dokong,DOKONG / (Dokong),major,9.2,7.2,132.0,224.4,18.33333333333333,statistik_tanaman_buah_2017.pdf,147,15.837012159952259
2017,Sabah,Tenom,Tenom,DUKU,DUKU,Duku,DUKU / (Duku),major,2.0,2.0,40.0,103.0,20.0,statistik_tanaman_buah_2017.pdf,147,18.713224016883494
2017,Sabah,Tenom,Tenom,DURIAN,DURIAN,Durian,DURIAN / (Durian),major,122.7,81.2,795.8,10544.4,9.800492610837438,statistik_tanaman_buah_2017.pdf,148,9.893011725433299
2017,Sabah,Tenom,Tenom,JAMBU_BATU,JAMBU BATU,Guava,JAMBU BATU / Guava,major,34.2,32.2,173.0,432.5,5.372670807453416,statistik_tanaman_buah_2017.pdf,148,5.387417402503865
2017,Sabah,Tenom,Tenom,LANGSAT,LANGSAT,Langsat,LANGSAT / (Langsat),major,21.2,21.2,186.6,475.8,8.80188679245283,statistik_tanaman_buah_2017.pdf,149,8.705444478194385
2017,Sabah,Tenom,Tenom,LIMAU_BESAR,LIMAU BESAR,Pomelo,LIMAU BESAR / Pomelo,major,378.3,282.0,4388.0,9653.6,15.560283687943262,statistik_tanaman_buah_2017.pdf,149,17.900850704413244
2017,Sabah,Tenom,Tenom,LIMAU_MANIS,LIMAU MANIS,Sweet Orange,LIMAU MANIS / Sweet Orange,major,3.0,1.8,5.2,15.1,2.888888888888889,statistik_tanaman_buah_2017.pdf,150,2.8518857928563928
2017,Sabah,Tenom,Tenom,MANGGA,MANGGA,Mango,MANGGA / Mango,major,1.0,1.0,3.0,26.8,3.0,statistik_tanaman_buah_2017.pdf,150,3.014819624819625
2017,Sabah,Tenom,Tenom,MANGGIS,MANGGIS,Mangosteen,MANGGIS / Mangosteen,major,15.6,15.6,182.3,765.7,11.685897435897436,statistik_tanaman_buah_2017.pdf,151,11.84131974460754
2017,Sabah,Tenom,Tenom,MATA_NAGA,MATA NAGA,Dragon Fruit,MATA NAGA / Dragon Fruit,major,0.0,0.0,0.0,0.0,0.0,statistik_tanaman_buah_2017.pdf,151,0.0
2017,Sabah,Tenom,Tenom,NANAS,NANAS,Pineapple,NANAS / Pineapple,major,1.0,0.0,0.0,0.0,0.0,statistik_tanaman_buah_2017.pdf,152,0.0
2017,Sabah,Tenom,Tenom,NANGKA,NANGKA,Jackfruit,NANGKA / Jackfruit,major,0.0,0.0,0.0,0.0,0.0,statistik_tanaman_buah_2017.pdf,152,0.0
2017,Sabah,Tenom,Tenom,PISANG,PISANG,Banana,PISANG / Banana,major,361.1,304.0,20285.2,35093.4,66.72763157894737,statistik_tanaman_buah_2017.pdf,153,54.885495274613376
2017,Sabah,Tenom,Tenom,PULASAN,PULASAN,Pulasan,PULASAN / (Pulasan),major,0.0,0.0,0.0,0.0,0.0,statistik_tanaman_buah_2017.pdf,153,0.0
2017,Sabah,Tenom,Tenom,RAMBUTAN,RAMBUTAN,Rambutan,RAMBUTAN / (Rambutan),major,3.1,2.9,17.9,50.6,6.172413793103448,statistik_tanaman_buah_2017.pdf,154,6.200806821291753
2017,Sabah,Tenom,Tenom,SALAK,SALAK,Salak,SALAK / (Salak),major,0.0,0.0,0.0,0.0,0.0,statistik_tanaman_buah_2017.pdf,154,0.0
2017,Sabah,Tenom,Tenom,TEMBIKAI,TEMBIKAI,Watermelon,TEMBIKAI / Water-melon,major,0.8,0.5,9.2,12.1,18.4,statistik_tanaman_buah_2017.pdf,155,16.783989417989407
2017,Sabah,Tongod,Tongod,BELIMBING,BELIMBING,Starfruit,BELIMBING / Starfruit,major,0.0,0.0,0.0,0.0,0.0,statistik_tanaman_buah_2017.pdf,145,0.0
2017,Sabah,Tongod,Tongod,BETIK,BETIK,Papaya,BETIK / Papaya,major,0.0,0.0,0.0,0.0,0.0,statistik_tanaman_buah_2017.pdf,145,0.0
2017,Sabah,Tongod,Tongod,CEMPEDAK,CEMPEDAK,Cempedak,CEMPEDAK / (Cempedak),major,42.9,0.0,0.0,0.0,0.0,statistik_tanaman_buah_2017.pdf,146,0.0
2017,Sabah,Tongod,Tongod,CIKU,CIKU,Ciku,CIKU / Sapodilla,major,0.0,0.0,0.0,0.0,0.0,statistik_tanaman_buah_2017.pdf,146,0.0
2017,Sabah,Tongod,Tongod,DOKONG,DOKONG,Dokong,DOKONG / (Dokong),major,0.0,0.0,0.0,0.0,0.0,statistik_tanaman_buah_2017.pdf,147,0.0
2017,Sabah,Tongod,Tongod,DUKU,DUKU,Duku,DUKU / (Duku),major,0.0,0.0,0.0,0.0,0.0,statistik_tanaman_buah_2017.pdf,147,0.0
2017,Sabah,Tongod,Tongod,DURIAN,DURIAN,Durian,DURIAN / (Durian),major,218.7,0.0,0.0,0.0,0.0,statistik_tanaman_buah_2017.pdf,148,0.0
2017,Sabah,Tongod,Tongod,JAMBU_BATU,JAMBU BATU,Guava,JAMBU BATU / Guava,major,0.0,0.0,0.0,0.0,0.0,statistik_tanaman_buah_2017.pdf,148,0.0
2017,Sabah,Tongod,Tongod,LANGSAT,LANGSAT,Langsat,LANGSAT / (Langsat),major,44.6,0.0,0.0,0.0,0.0,statistik_tanaman_buah_2017.pdf,149,0.0
2017,Sabah,Tongod,Tongod,LIMAU_BESAR,LIMAU BESAR,Pomelo,LIMAU BESAR / Pomelo,major,0.0,0.0,0.0,0.0,0.0,statistik_tanaman_buah_2017.pdf,149,0.0
2017,Sabah,Tongod,Tongod,LIMAU_MANIS,LIMAU MANIS,Sweet Orange,LIMAU MANIS / Sweet Orange,major,2.0,1.0,0.6,1.7,0.6,statistik_tanaman_buah_2017.pdf,150,0.6370370370370346
2017,Sabah,Tongod,Tongod,MANGGA,MANGGA,Mango,MANGGA / Mango,major,0.0,0.0,0.0,0.0,0.0,statistik_tanaman_buah_2017.pdf,150,0.0
2017,Sabah,Tongod,Tongod,MANGGIS,MANGGIS,Mangosteen,MANGGIS / Mangosteen,major,0.0,0.0,0.0,0.0,0.0,statistik_tanaman_buah_2017.pdf,151,0.0
2017,Sabah,Tongod,Tongod,MATA_NAGA,MATA NAGA,Dragon Fruit,MATA NAGA / Dragon Fruit,major,0.0,0.0,0.0,0.0,0.0,statistik_tanaman_buah_2017.pdf,151,0.0
2017,Sabah,Tongod,Tongod,NANAS,NANAS,Pineapple,NANAS / Pineapple,major,15.0,5.0,4.3,8.4,0.86,statistik_tanaman_buah_2017.pdf,152,0.912950374455609
2017,Sabah,Tongod,Tongod,NANGKA,NANGKA,Jackfruit,NANGKA / Jackfruit,major,0.0,0.0,0.0,0.0,0.0,statistik_tanaman_buah_2017.pdf,152,0.0
2017,Sabah,Tongod,Tongod,PISANG,PISANG,Banana,PISANG / Banana,major,23.0,20.5,234.2,405.2,11.42439024390244,statistik_tanaman_buah_2017.pdf,153,11.290241173625255
2017,Sabah,Tongod,Tongod,PULASAN,PULASAN,Pulasan,PULASAN / (Pulasan),major,0.0,0.0,0.0,0.0,0.0,statistik_tanaman_buah_2017.pdf,153,0.0
2017,Sabah,Tongod,Tongod,RAMBUTAN,RAMBUTAN,Rambutan,RAMBUTAN / (Rambutan),major,70.7,0.0,0.0,0.0,0.0,statistik_tanaman_buah_2017.pdf,154,0.0
2017,Sabah,Tongod,Tongod,SALAK,SALAK,Salak,SALAK / (Salak),major,0.0,0.0,0.0,0.0,0.0,statistik_tanaman_buah_2017.pdf,154,0.0
2017,Sabah,Tongod,Tongod,TEMBIKAI,TEMBIKAI,Watermelon,TEMBIKAI / Water-melon,major,0.0,0.0,0.0,0.0,0.0,statistik_tanaman_buah_2017.pdf,155,0.0
2017,Sabah,Tuaran,Tuaran,BELIMBING,BELIMBING,Starfruit,BELIMBING / Starfruit,major,1.4,1.2,14.3,31.5,11.916666666666668,statistik_tanaman_buah_2017.pdf,145,11.080318986568951
2017,Sabah,Tuaran,Tuaran,BETIK,BETIK,Papaya,BETIK / Papaya,major,1.0,1.0,16.9,24.2,16.9,statistik_tanaman_buah_2017.pdf,145,16.56534990253411
2017,Sabah,Tuaran,Tuaran,CEMPEDAK,CEMPEDAK,Cempedak,CEMPEDAK / (Cempedak),major,162.6,161.9,1213.9,4005.9,7.497838171710933,statistik_tanaman_buah_2017.pdf,146,7.705803635243762
2017,Sabah,Tuaran,Tuaran,CIKU,CIKU,Ciku,CIKU / Sapodilla,major,0.2,0.2,0.5,1.2,2.5,statistik_tanaman_buah_2017.pdf,146,2.49
2017,Sabah,Tuaran,Tuaran,DOKONG,DOKONG,Dokong,DOKONG / (Dokong),major,0.0,0.0,0.0,0.0,0.0,statistik_tanaman_buah_2017.pdf,147,0.0
2017,Sabah,Tuaran,Tuaran,DUKU,DUKU,Duku,DUKU / (Duku),major,0.0,0.0,0.0,0.0,0.0,statistik_tanaman_buah_2017.pdf,147,0.0
2017,Sabah,Tuaran,Tuaran,DURIAN,DURIAN,Durian,DURIAN / (Durian),major,296.6,202.0,1212.0,16059.0,6.0,statistik_tanaman_buah_2017.pdf,148,6.347853404305222
2017,Sabah,Tuaran,Tuaran,JAMBU_BATU,JAMBU BATU,Guava,JAMBU BATU / Guava,major,7.0,5.0,50.7,126.8,10.14,statistik_tanaman_buah_2017.pdf,148,10.063544628689087
2017,Sabah,Tuaran,Tuaran,LANGSAT,LANGSAT,Langsat,LANGSAT / (Langsat),major,183.6,178.5,1339.0,3414.5,7.50140056022409,statistik_tanaman_buah_2017.pdf,149,7.627842920797721
2017,Sabah,Tuaran,Tuaran,LIMAU_BESAR,LIMAU BESAR,Pomelo,LIMAU BESAR / Pomelo,major,0.0,0.0,0.0,0.0,0.0,statistik_tanaman_buah_2017.pdf,149,0.0
2017,Sabah,Tuaran,Tuaran,LIMAU_MANIS,LIMAU MANIS,Sweet Orange,LIMAU MANIS / Sweet Orange,major,0.0,0.0,0.0,0.0,0.0,statistik_tanaman_buah_2017.pdf,150,0.0
2017,Sabah,Tuaran,Tuaran,MANGGA,MANGGA,Mango,MANGGA / Mango,major,150.1,126.0,1002.0,8951.2,7.952380952380952,statistik_tanaman_buah_2017.pdf,150,8.12744265525994
2017,Sabah,Tuaran,Tuaran,MANGGIS,MANGGIS,Mangosteen,MANGGIS / Mangosteen,major,3.5,3.5,41.4,173.9,11.828571428571427,statistik_tanaman_buah_2017.pdf,151,12.292989127180329
2017,Sabah,Tuaran,Tuaran,MATA_NAGA,MATA NAGA,Dragon Fruit,MATA NAGA / Dragon Fruit,major,0.0,0.0,0.0,0.0,0.0,statistik_tanaman_buah_2017.pdf,151,0.0
2017,Sabah,Tuaran,Tuaran,NANAS,NANAS,Pineapple,NANAS / Pineapple,major,333.9,325.5,8213.0,16118.0,25.231950844854072,statistik_tanaman_buah_2017.pdf,152,25.28482744776087
2017,Sabah,Tuaran,Tuaran,NANGKA,NANGKA,Jackfruit,NANGKA / Jackfruit,major,26.2,26.0,375.0,782.8,14.423076923076923,statistik_tanaman_buah_2017.pdf,152,14.455752840335272
2017,Sabah,Tuaran,Tuaran,PISANG,PISANG,Banana,PISANG / Banana,major,200.8,195.0,3263.0,5645.0,16.733333333333334,statistik_tanaman_buah_2017.pdf,153,16.412458929033676
2017,Sabah,Tuaran,Tuaran,PULASAN,PULASAN,Pulasan,PULASAN / (Pulasan),major,0.0,0.0,0.0,0.0,0.0,statistik_tanaman_buah_2017.pdf,153,0.0
2017,Sabah,Tuaran,Tuaran,RAMBUTAN,RAMBUTAN,Rambutan,RAMBUTAN / (Rambutan),major,154.4,148.0,1626.5,4594.9,10.989864864864863,statistik_tanaman_buah_2017.pdf,154,11.228712765898967
2017,Sabah,Tuaran,Tuaran,SALAK,SALAK,Salak,SALAK / (Salak),major,0.0,0.0,0.0,0.0,0.0,statistik_tanaman_buah_2017.pdf,154,0.0
2017,Sabah,Tuaran,Tuaran,TEMBIKAI,TEMBIKAI,Watermelon,TEMBIKAI / Water-melon,major,5.6,5.6,106.2,140.2,18.964285714285715,statistik_tanaman_buah_2017.pdf,155,18.259639813622883
2018,Sabah,Beaufort,Beaufort,BELIMBING,BELIMBING,Starfruit,BELIMBING / Starfruit,major,0.0,0.0,0.0,0.0,0.0,statistik_tanaman_buah_2018_v2.pdf,138,0.0
2018,Sabah,Beaufort,Beaufort,BETIK,BETIK,Papaya,BETIK / Papaya,major,0.0,0.0,0.0,0.0,0.0,statistik_tanaman_buah_2018_v2.pdf,138,0.0
2018,Sabah,Beaufort,Beaufort,CEMPEDAK,CEMPEDAK,Cempedak,CEMPEDAK / (Cempedak),major,140.0,73.5,268.3,965.9,3.650340136054422,statistik_tanaman_buah_2018_v2.pdf,139,3.625810763347174
2018,Sabah,Beaufort,Beaufort,CIKU,CIKU,Ciku,CIKU / Sapodilla,major,0.0,0.0,0.0,0.0,0.0,statistik_tanaman_buah_2018_v2.pdf,139,0.0
2018,Sabah,Beaufort,Beaufort,DOKONG,DOKONG,Dokong,DOKONG / (Dokong),major,0.5,0.5,3.3,6.1,6.6,statistik_tanaman_buah_2018_v2.pdf,140,6.84400793650791
2018,Sabah,Beaufort,Beaufort,DUKU,DUKU,Duku,DUKU / (Duku),major,3.0,3.0,28.2,46.5,9.4,statistik_tanaman_buah_2018_v2.pdf,140,9.366020580404124
2018,Sabah,Beaufort,Beaufort,DURIAN,DURIAN,Durian,DURIAN / (Durian),major,213.6,70.8,346.9,6272.0,4.899717514124293,statistik_tanaman_buah_2018_v2.pdf,141,4.913372141981214
2018,Sabah,Beaufort,Beaufort,JAMBU_BATU,JAMBU BATU,Guava,JAMBU BATU / Guava,major,0.0,0.0,0.0,0.0,0.0,statistik_tanaman_buah_2018_v2.pdf,141,0.0
2018,Sabah,Beaufort,Beaufort,LANGSAT,LANGSAT,Langsat,LANGSAT / (Langsat),major,48.0,41.2,276.0,703.8,6.699029126213592,statistik_tanaman_buah_2018_v2.pdf,142,6.628724349712226
2018,Sabah,Beaufort,Beaufort,LIMAU_BESAR,LIMAU BESAR,Pomelo,LIMAU BESAR / Pomelo,major,3.0,3.0,25.3,54.4,8.433333333333334,statistik_tanaman_buah_2018_v2.pdf,142,8.413559358858036
2018,Sabah,Beaufort,Beaufort,LIMAU_MANIS,LIMAU MANIS,Sweet Orange,LIMAU MANIS / Sweet Orange,major,6.4,6.4,24.7,53.1,3.859375,statistik_tanaman_buah_2018_v2.pdf,143,3.85560254650403
2018,Sabah,Beaufort,Beaufort,MANGGA,MANGGA,Mango,MANGGA / Mango,major,32.6,25.8,43.9,403.9,1.7015503875968991,statistik_tanaman_buah_2018_v2.pdf,143,1.81268067166906
2018,Sabah,Beaufort,Beaufort,MANGGIS,MANGGIS,Mangosteen,MANGGIS / Mangosteen,major,39.7,36.0,234.0,655.2,6.5,statistik_tanaman_buah_2018_v2.pdf,144,6.640784809194876
2018,Sabah,Beaufort,Beaufort,MATA_NAGA,MATA NAGA,Dragon Fruit,MATA NAGA / Dragon Fruit,major,0.0,0.0,0.0,0.0,0.0,statistik_tanaman_buah_2018_v2.pdf,144,0.0
2018,Sabah,Beaufort,Beaufort,NANAS,NANAS,Pineapple,NANAS / Pineapple,major,37.9,34.9,280.4,522.2,8.034383954154727,statistik_tanaman_buah_2018_v2.pdf,145,7.766151876932095
2018,Sabah,Beaufort,Beaufort,NANGKA,NANGKA,Jackfruit,NANGKA / Jackfruit,major,8.0,8.0,52.7,110.0,6.5875,statistik_tanaman_buah_2018_v2.pdf,145,6.680994027404582
2018,Sabah,Beaufort,Beaufort,PISANG,PISANG,Banana,PISANG / Banana,major,49.8,41.8,243.5,406.6,5.8253588516746415,statistik_tanaman_buah_2018_v2.pdf,146,5.870723883426667
2018,Sabah,Beaufort,Beaufort,PULASAN,PULASAN,Pulasan,PULASAN / (Pulasan),major,0.0,0.0,0.0,0.0,0.0,statistik_tanaman_buah_2018_v2.pdf,146,0.0
2018,Sabah,Beaufort,Beaufort,RAMBUTAN,RAMBUTAN,Rambutan,RAMBUTAN / (Rambutan),major,100.2,95.2,580.7,1238.8,6.099789915966387,statistik_tanaman_buah_2018_v2.pdf,147,6.1667325633271455
2018,Sabah,Beaufort,Beaufort,SALAK,SALAK,Salak,SALAK / (Salak),major,0.0,0.0,0.0,0.0,0.0,statistik_tanaman_buah_2018_v2.pdf,147,0.0
2018,Sabah,Beaufort,Beaufort,TEMBIKAI,TEMBIKAI,Watermelon,TEMBIKAI / Water-melon,major,12.0,12.0,227.2,303.9,18.933333333333334,statistik_tanaman_buah_2018_v2.pdf,148,18.337063779638115
2018,Sabah,Beluran,Beluran,BELIMBING,BELIMBING,Starfruit,BELIMBING / Starfruit,major,0.0,0.0,0.0,0.0,0.0,statistik_tanaman_buah_2018_v2.pdf,138,0.0
2018,Sabah,Beluran,Beluran,BETIK,BETIK,Papaya,BETIK / Papaya,major,1.0,1.0,4.2,6.0,4.2,statistik_tanaman_buah_2018_v2.pdf,138,4.049929292929309
2018,Sabah,Beluran,Beluran,CEMPEDAK,CEMPEDAK,Cempedak,CEMPEDAK / (Cempedak),major,29.5,29.5,160.0,576.0,5.423728813559322,statistik_tanaman_buah_2018_v2.pdf,139,5.440912945789811
2018,Sabah,Beluran,Beluran,CIKU,CIKU,Ciku,CIKU / Sapodilla,major,0.0,0.0,0.0,0.0,0.0,statistik_tanaman_buah_2018_v2.pdf,139,0.0
2018,Sabah,Beluran,Beluran,DOKONG,DOKONG,Dokong,DOKONG / (Dokong),major,0.0,0.0,0.0,0.0,0.0,statistik_tanaman_buah_2018_v2.pdf,140,0.0
2018,Sabah,Beluran,Beluran,DUKU,DUKU,Duku,DUKU / (Duku),major,0.0,0.0,0.0,0.0,0.0,statistik_tanaman_buah_2018_v2.pdf,140,0.0
2018,Sabah,Beluran,Beluran,DURIAN,DURIAN,Durian,DURIAN / (Durian),major,40.6,15.3,150.0,2712.0,9.80392156862745,statistik_tanaman_buah_2018_v2.pdf,141,9.804748237957215
2018,Sabah,Beluran,Beluran,JAMBU_BATU,JAMBU BATU,Guava,JAMBU BATU / Guava,major,0.0,0.0,0.0,0.0,0.0,statistik_tanaman_buah_2018_v2.pdf,141,0.0
2018,Sabah,Beluran,Beluran,LANGSAT,LANGSAT,Langsat,LANGSAT / (Langsat),major,40.0,40.0,180.0,459.0,4.5,statistik_tanaman_buah_2018_v2.pdf,142,4.630310464376501
2018,Sabah,Beluran,Beluran,LIMAU_BESAR,LIMAU BESAR,Pomelo,LIMAU BESAR / Pomelo,major,0.8,0.8,7.0,15.1,8.75,statistik_tanaman_buah_2018_v2.pdf,142,9.05663593813594
2018,Sabah,Beluran,Beluran,LIMAU_MANIS,LIMAU MANIS,Sweet Orange,LIMAU MANIS / Sweet Orange,major,1.3,1.3,6.0,12.9,4.615384615384615,statistik_tanaman_buah_2018_v2.pdf,143,4.659868658574531
2018,Sabah,Beluran,Beluran,MANGGA,MANGGA,Mango,MANGGA / Mango,major,45.2,40.0,90.0,828.0,2.25,statistik_tanaman_buah_2018_v2.pdf,143,2.345715024074937
2018,Sabah,Beluran,Beluran,MANGGIS,MANGGIS,Mangosteen,MANGGIS / Mangosteen,major,2.0,1.5,4.0,11.2,2.6666666666666665,statistik_tanaman_buah_2018_v2.pdf,144,2.686124861249854
2018,Sabah,Beluran,Beluran,MATA_NAGA,MATA NAGA,Dragon Fruit,MATA NAGA / Dragon Fruit,major,30.3,0.0,0.0,0.0,0.0,statistik_tanaman_buah_2018_v2.pdf,144,0.0
2018,Sabah,Beluran,Beluran,NANAS,NANAS,Pineapple,NANAS / Pineapple,major,12.0,10.0,114.6,213.4,11.46,statistik_tanaman_buah_2018_v2.pdf,145,11.283093206077927
2018,Sabah,Beluran,Beluran,NANGKA,NANGKA,Jackfruit,NANGKA / Jackfruit,major,23.0,20.5,190.0,396.6,9.268292682926829,statistik_tanaman_buah_2018_v2.pdf,145,9.206986222996631
2018,Sabah,Beluran,Beluran,PISANG,PISANG,Banana,PISANG / Banana,major,70.7,67.7,1094.0,1827.0,16.159527326440177,statistik_tanaman_buah_2018_v2.pdf,146,16.16035137692577
2018,Sabah,Beluran,Beluran,PULASAN,PULASAN,Pulasan,PULASAN / (Pulasan),major,0.0,0.0,0.0,0.0,0.0,statistik_tanaman_buah_2018_v2.pdf,146,0.0
2018,Sabah,Beluran,Beluran,RAMBUTAN,RAMBUTAN,Rambutan,RAMBUTAN / (Rambutan),major,70.6,69.2,680.0,1450.7,9.826589595375722,statistik_tanaman_buah_2018_v2.pdf,147,10.363814814782158
2018,Sabah,Beluran,Beluran,SALAK,SALAK,Salak,SALAK / (Salak),major,0.0,0.0,0.0,0.0,0.0,statistik_tanaman_buah_2018_v2.pdf,147,0.0
2018,Sabah,Beluran,Beluran,TEMBIKAI,TEMBIKAI,Watermelon,TEMBIKAI / Water-melon,major,1.0,1.0,5.0,6.7,5.0,statistik_tanaman_buah_2018_v2.pdf,148,4.949700595700597
2018,Sabah,Keningau,Keningau,BELIMBING,BELIMBING,Starfruit,BELIMBING / Starfruit,major,0.0,0.0,0.0,0.0,0.0,statistik_tanaman_buah_2018_v2.pdf,138,0.0
2018,Sabah,Keningau,Keningau,BETIK,BETIK,Papaya,BETIK / Papaya,major,61.4,58.4,788.1,1116.5,13.49486301369863,statistik_tanaman_buah_2018_v2.pdf,138,15.396587908842879
2018,Sabah,Keningau,Keningau,CEMPEDAK,CEMPEDAK,Cempedak,CEMPEDAK / (Cempedak),major,6.0,3.0,6.0,21.6,2.0,statistik_tanaman_buah_2018_v2.pdf,139,2.0596273642666185
2018,Sabah,Keningau,Keningau,CIKU,CIKU,Ciku,CIKU / Sapodilla,major,1.5,1.0,0.4,1.1,0.4,statistik_tanaman_buah_2018_v2.pdf,139,0.3898055555555566
2018,Sabah,Keningau,Keningau,DOKONG,DOKONG,Dokong,DOKONG / (Dokong),major,0.0,0.0,0.0,0.0,0.0,statistik_tanaman_buah_2018_v2.pdf,140,0.0
2018,Sabah,Keningau,Keningau,DUKU,DUKU,Duku,DUKU / (Duku),major,0.0,0.0,0.0,0.0,0.0,statistik_tanaman_buah_2018_v2.pdf,140,0.0
2018,Sabah,Keningau,Keningau,DURIAN,DURIAN,Durian,DURIAN / (Durian),major,358.7,110.0,682.0,12330.6,6.2,statistik_tanaman_buah_2018_v2.pdf,141,5.870037778867039
2018,Sabah,Keningau,Keningau,JAMBU_BATU,JAMBU BATU,Guava,JAMBU BATU / Guava,major,3.2,3.2,58.6,133.3,18.3125,statistik_tanaman_buah_2018_v2.pdf,141,17.812669813902573
2018,Sabah,Keningau,Keningau,LANGSAT,LANGSAT,Langsat,LANGSAT / (Langsat),major,3.2,3.0,9.0,23.0,3.0,statistik_tanaman_buah_2018_v2.pdf,142,3.067763181155938
2018,Sabah,Keningau,Keningau,LIMAU_BESAR,LIMAU BESAR,Pomelo,LIMAU BESAR / Pomelo,major,1.6,1.6,4.0,8.6,2.5,statistik_tanaman_buah_2018_v2.pdf,142,2.4856558811558807
2018,Sabah,Keningau,Keningau,LIMAU_MANIS,LIMAU MANIS,Sweet Orange,LIMAU MANIS / Sweet Orange,major,1.6,1.6,3.2,6.9,2.0,statistik_tanaman_buah_2018_v2.pdf,143,2.078733974358974
2018,Sabah,Keningau,Keningau,MANGGA,MANGGA,Mango,MANGGA / Mango,major,6.0,6.0,12.8,117.8,2.1333333333333333,statistik_tanaman_buah_2018_v2.pdf,143,2.2063597326510442
2018,Sabah,Keningau,Keningau,MANGGIS,MANGGIS,Mangosteen,MANGGIS / Mangosteen,major,8.0,4.0,14.0,39.2,3.5,statistik_tanaman_buah_2018_v2.pdf,144,3.4589543346330585
2018,Sabah,Keningau,Keningau,MATA_NAGA,MATA NAGA,Dragon Fruit,MATA NAGA / Dragon Fruit,major,2.0,2.0,4.9,22.3,2.45,statistik_tanaman_buah_2018_v2.pdf,144,2.4462422839506206
2018,Sabah,Keningau,Keningau,NANAS,NANAS,Pineapple,NANAS / Pineapple,major,28.0,24.0,194.6,362.4,8.108333333333333,statistik_tanaman_buah_2018_v2.pdf,145,8.21078069177018
2018,Sabah,Keningau,Keningau,NANGKA,NANGKA,Jackfruit,NANGKA / Jackfruit,major,0.0,0.0,0.0,0.0,0.0,statistik_tanaman_buah_2018_v2.pdf,145,0.0
2018,Sabah,Keningau,Keningau,PISANG,PISANG,Banana,PISANG / Banana,major,71.6,58.0,1282.5,2141.8,22.11206896551724,statistik_tanaman_buah_2018_v2.pdf,146,20.865935658203277
2018,Sabah,Keningau,Keningau,PULASAN,PULASAN,Pulasan,PULASAN / (Pulasan),major,0.0,0.0,0.0,0.0,0.0,statistik_tanaman_buah_2018_v2.pdf,146,0.0
2018,Sabah,Keningau,Keningau,RAMBUTAN,RAMBUTAN,Rambutan,RAMBUTAN / (Rambutan),major,20.0,20.0,67.5,144.0,3.375,statistik_tanaman_buah_2018_v2.pdf,147,3.4160478323127874
2018,Sabah,Keningau,Keningau,SALAK,SALAK,Salak,SALAK / (Salak),major,0.0,0.0,0.0,0.0,0.0,statistik_tanaman_buah_2018_v2.pdf,147,0.0
2018,Sabah,Keningau,Keningau,TEMBIKAI,TEMBIKAI,Watermelon,TEMBIKAI / Water-melon,major,2.4,2.4,29.2,39.1,12.166666666666666,statistik_tanaman_buah_2018_v2.pdf,148,12.085386370418439
2018,Sabah,Kinabatangan,Kinabatangan,BELIMBING,BELIMBING,Starfruit,BELIMBING / Starfruit,major,0.0,0.0,0.0,0.0,0.0,statistik_tanaman_buah_2018_v2.pdf,138,0.0
2018,Sabah,Kinabatangan,Kinabatangan,BETIK,BETIK,Papaya,BETIK / Papaya,major,0.0,0.0,0.0,0.0,0.0,statistik_tanaman_buah_2018_v2.pdf,138,0.0
2018,Sabah,Kinabatangan,Kinabatangan,CEMPEDAK,CEMPEDAK,Cempedak,CEMPEDAK / (Cempedak),major,7.0,3.0,4.5,16.2,1.5,statistik_tanaman_buah_2018_v2.pdf,139,1.43632440998408
2018,Sabah,Kinabatangan,Kinabatangan,CIKU,CIKU,Ciku,CIKU / Sapodilla,major,0.0,0.0,0.0,0.0,0.0,statistik_tanaman_buah_2018_v2.pdf,139,0.0
2018,Sabah,Kinabatangan,Kinabatangan,DOKONG,DOKONG,Dokong,DOKONG / (Dokong),major,0.0,0.0,0.0,0.0,0.0,statistik_tanaman_buah_2018_v2.pdf,140,0.0
2018,Sabah,Kinabatangan,Kinabatangan,DUKU,DUKU,Duku,DUKU / (Duku),major,0.0,0.0,0.0,0.0,0.0,statistik_tanaman_buah_2018_v2.pdf,140,0.0
2018,Sabah,Kinabatangan,Kinabatangan,DURIAN,DURIAN,Durian,DURIAN / (Durian),major,115.4,49.0,42.2,763.0,0.8612244897959185,statistik_tanaman_buah_2018_v2.pdf,141,1.00789215614371
2018,Sabah,Kinabatangan,Kinabatangan,JAMBU_BATU,JAMBU BATU,Guava,JAMBU BATU / Guava,major,0.0,0.0,0.0,0.0,0.0,statistik_tanaman_buah_2018_v2.pdf,141,0.0
2018,Sabah,Kinabatangan,Kinabatangan,LANGSAT,LANGSAT,Langsat,LANGSAT / (Langsat),major,8.4,1.0,0.6,1.5,0.6,statistik_tanaman_buah_2018_v2.pdf,142,0.6017777777777746
2018,Sabah,Kinabatangan,Kinabatangan,LIMAU_BESAR,LIMAU BESAR,Pomelo,LIMAU BESAR / Pomelo,major,0.0,0.0,0.0,0.0,0.0,statistik_tanaman_buah_2018_v2.pdf,142,0.0
2018,Sabah,Kinabatangan,Kinabatangan,LIMAU_MANIS,LIMAU MANIS,Sweet Orange,LIMAU MANIS / Sweet Orange,major,0.0,0.0,0.0,0.0,0.0,statistik_tanaman_buah_2018_v2.pdf,143,0.0
2018,Sabah,Kinabatangan,Kinabatangan,MANGGA,MANGGA,Mango,MANGGA / Mango,major,5.8,1.0,0.6,5.5,0.6,statistik_tanaman_buah_2018_v2.pdf,143,0.6074444444444415
2018,Sabah,Kinabatangan,Kinabatangan,MANGGIS,MANGGIS,Mangosteen,MANGGIS / Mangosteen,major,0.0,0.0,0.0,0.0,0.0,statistik_tanaman_buah_2018_v2.pdf,144,0.0
2018,Sabah,Kinabatangan,Kinabatangan,MATA_NAGA,MATA NAGA,Dragon Fruit,MATA NAGA / Dragon Fruit,major,0.0,0.0,0.0,0.0,0.0,statistik_tanaman_buah_2018_v2.pdf,144,0.0
2018,Sabah,Kinabatangan,Kinabatangan,NANAS,NANAS,Pineapple,NANAS / Pineapple,major,2.0,0.0,0.0,0.0,0.0,statistik_tanaman_buah_2018_v2.pdf,145,0.0
2018,Sabah,Kinabatangan,Kinabatangan,NANGKA,NANGKA,Jackfruit,NANGKA / Jackfruit,major,37.0,1.0,0.9,1.9,0.9,statistik_tanaman_buah_2018_v2.pdf,145,0.8942598697598722
2018,Sabah,Kinabatangan,Kinabatangan,PISANG,PISANG,Banana,PISANG / Banana,major,22.0,22.0,481.0,803.3,21.863636363636363,statistik_tanaman_buah_2018_v2.pdf,146,20.48032882967859
2018,Sabah,Kinabatangan,Kinabatangan,PULASAN,PULASAN,Pulasan,PULASAN / (Pulasan),major,0.0,0.0,0.0,0.0,0.0,statistik_tanaman_buah_2018_v2.pdf,146,0.0
2018,Sabah,Kinabatangan,Kinabatangan,RAMBUTAN,RAMBUTAN,Rambutan,RAMBUTAN / (Rambutan),major,28.4,10.0,5.5,11.7,0.55,statistik_tanaman_buah_2018_v2.pdf,147,0.5568494701886364
2018,Sabah,Kinabatangan,Kinabatangan,SALAK,SALAK,Salak,SALAK / (Salak),major,0.0,0.0,0.0,0.0,0.0,statistik_tanaman_buah_2018_v2.pdf,147,0.0
2018,Sabah,Kinabatangan,Kinabatangan,TEMBIKAI,TEMBIKAI,Watermelon,TEMBIKAI / Water-melon,major,0.0,0.0,0.0,0.0,0.0,statistik_tanaman_buah_2018_v2.pdf,148,0.0
2018,Sabah,Kota Belud,Kota Belud,BELIMBING,BELIMBING,Starfruit,BELIMBING / Starfruit,major,6.5,6.5,35.5,74.6,5.461538461538462,statistik_tanaman_buah_2018_v2.pdf,138,5.4898710945811295
2018,Sabah,Kota Belud,Kota Belud,BETIK,BETIK,Papaya,BETIK / Papaya,major,9.2,9.0,141.5,200.5,15.72222222222222,statistik_tanaman_buah_2018_v2.pdf,138,15.682587397085467
2018,Sabah,Kota Belud,Kota Belud,CEMPEDAK,CEMPEDAK,Cempedak,CEMPEDAK / (Cempedak),major,124.0,4.0,40.0,144.0,10.0,statistik_tanaman_buah_2018_v2.pdf,139,9.917058762684048
2018,Sabah,Kota Belud,Kota Belud,CIKU,CIKU,Ciku,CIKU / Sapodilla,major,2.5,0.0,0.0,0.0,0.0,statistik_tanaman_buah_2018_v2.pdf,139,0.0
2018,Sabah,Kota Belud,Kota Belud,DOKONG,DOKONG,Dokong,DOKONG / (Dokong),major,0.5,0.0,0.0,0.0,0.0,statistik_tanaman_buah_2018_v2.pdf,140,0.0
2018,Sabah,Kota Belud,Kota Belud,DUKU,DUKU,Duku,DUKU / (Duku),major,1.0,0.0,0.0,0.0,0.0,statistik_tanaman_buah_2018_v2.pdf,140,0.0
2018,Sabah,Kota Belud,Kota Belud,DURIAN,DURIAN,Durian,DURIAN / (Durian),major,234.0,100.0,540.0,9763.2,5.4,statistik_tanaman_buah_2018_v2.pdf,141,5.597549208825644
2018,Sabah,Kota Belud,Kota Belud,JAMBU_BATU,JAMBU BATU,Guava,JAMBU BATU / Guava,major,1.8,1.8,8.9,20.2,4.944444444444445,statistik_tanaman_buah_2018_v2.pdf,141,4.922738307501457
2018,Sabah,Kota Belud,Kota Belud,LANGSAT,LANGSAT,Langsat,LANGSAT / (Langsat),major,113.0,65.0,90.0,229.5,1.3846153846153846,statistik_tanaman_buah_2018_v2.pdf,142,1.989536135613824
2018,Sabah,Kota Belud,Kota Belud,LIMAU_BESAR,LIMAU BESAR,Pomelo,LIMAU BESAR / Pomelo,major,3.0,3.0,0.5,1.1,0.1666666666666666,statistik_tanaman_buah_2018_v2.pdf,142,0.2862129629629633
2018,Sabah,Kota Belud,Kota Belud,LIMAU_MANIS,LIMAU MANIS,Sweet Orange,LIMAU MANIS / Sweet Orange,major,1.0,0.0,0.0,0.0,0.0,statistik_tanaman_buah_2018_v2.pdf,143,0.0
2018,Sabah,Kota Belud,Kota Belud,MANGGA,MANGGA,Mango,MANGGA / Mango,major,159.0,159.0,180.0,1656.0,1.1320754716981132,statistik_tanaman_buah_2018_v2.pdf,143,1.713045355561201
2018,Sabah,Kota Belud,Kota Belud,MANGGIS,MANGGIS,Mangosteen,MANGGIS / Mangosteen,major,10.0,5.0,5.0,14.0,1.0,statistik_tanaman_buah_2018_v2.pdf,144,1.0686160438355514
2018,Sabah,Kota Belud,Kota Belud,MATA_NAGA,MATA NAGA,Dragon Fruit,MATA NAGA / Dragon Fruit,major,5.5,5.5,10.0,45.5,1.818181818181818,statistik_tanaman_buah_2018_v2.pdf,144,1.8307664335664333
2018,Sabah,Kota Belud,Kota Belud,NANAS,NANAS,Pineapple,NANAS / Pineapple,major,220.0,50.0,685.0,1275.8,13.7,statistik_tanaman_buah_2018_v2.pdf,145,12.98881370331796
2018,Sabah,Kota Belud,Kota Belud,NANGKA,NANGKA,Jackfruit,NANGKA / Jackfruit,major,47.0,15.0,245.0,511.4,16.333333333333332,statistik_tanaman_buah_2018_v2.pdf,145,16.12789945163448
2018,Sabah,Kota Belud,Kota Belud,PISANG,PISANG,Banana,PISANG / Banana,major,696.0,636.0,7909.5,13208.9,12.43632075471698,statistik_tanaman_buah_2018_v2.pdf,146,13.108925771982165
2018,Sabah,Kota Belud,Kota Belud,PULASAN,PULASAN,Pulasan,PULASAN / (Pulasan),major,0.0,0.0,0.0,0.0,0.0,statistik_tanaman_buah_2018_v2.pdf,146,0.0
2018,Sabah,Kota Belud,Kota Belud,RAMBUTAN,RAMBUTAN,Rambutan,RAMBUTAN / (Rambutan),major,140.0,70.0,387.8,827.3,5.54,statistik_tanaman_buah_2018_v2.pdf,147,5.485955642819756
2018,Sabah,Kota Belud,Kota Belud,SALAK,SALAK,Salak,SALAK / (Salak),major,0.0,0.0,0.0,0.0,0.0,statistik_tanaman_buah_2018_v2.pdf,147,0.0
2018,Sabah,Kota Belud,Kota Belud,TEMBIKAI,TEMBIKAI,Watermelon,TEMBIKAI / Water-melon,major,8.6,8.6,170.4,227.9,19.813953488372096,statistik_tanaman_buah_2018_v2.pdf,148,19.57316618982876
2018,Sabah,Kota Kinabalu,Kota Kinabalu,BELIMBING,BELIMBING,Starfruit,BELIMBING / Starfruit,major,0.0,0.0,0.0,0.0,0.0,statistik_tanaman_buah_2018_v2.pdf,138,0.0
2018,Sabah,Kota Kinabalu,Kota Kinabalu,BETIK,BETIK,Papaya,BETIK / Papaya,major,0.0,0.0,0.0,0.0,0.0,statistik_tanaman_buah_2018_v2.pdf,138,0.0
2018,Sabah,Kota Kinabalu,Kota Kinabalu,CEMPEDAK,CEMPEDAK,Cempedak,CEMPEDAK / (Cempedak),major,3.1,0.0,0.0,0.0,0.0,statistik_tanaman_buah_2018_v2.pdf,139,0.0
2018,Sabah,Kota Kinabalu,Kota Kinabalu,CIKU,CIKU,Ciku,CIKU / Sapodilla,major,0.0,0.0,0.0,0.0,0.0,statistik_tanaman_buah_2018_v2.pdf,139,0.0
2018,Sabah,Kota Kinabalu,Kota Kinabalu,DOKONG,DOKONG,Dokong,DOKONG / (Dokong),major,0.0,0.0,0.0,0.0,0.0,statistik_tanaman_buah_2018_v2.pdf,140,0.0
2018,Sabah,Kota Kinabalu,Kota Kinabalu,DUKU,DUKU,Duku,DUKU / (Duku),major,0.0,0.0,0.0,0.0,0.0,statistik_tanaman_buah_2018_v2.pdf,140,0.0
2018,Sabah,Kota Kinabalu,Kota Kinabalu,DURIAN,DURIAN,Durian,DURIAN / (Durian),major,34.1,11.0,152.0,2748.2,13.818181818181818,statistik_tanaman_buah_2018_v2.pdf,141,13.246594119583913
2018,Sabah,Kota Kinabalu,Kota Kinabalu,JAMBU_BATU,JAMBU BATU,Guava,JAMBU BATU / Guava,major,0.0,0.0,0.0,0.0,0.0,statistik_tanaman_buah_2018_v2.pdf,141,0.0
2018,Sabah,Kota Kinabalu,Kota Kinabalu,LANGSAT,LANGSAT,Langsat,LANGSAT / (Langsat),major,12.6,0.0,0.0,0.0,0.0,statistik_tanaman_buah_2018_v2.pdf,142,0.0
2018,Sabah,Kota Kinabalu,Kota Kinabalu,LIMAU_BESAR,LIMAU BESAR,Pomelo,LIMAU BESAR / Pomelo,major,0.0,0.0,0.0,0.0,0.0,statistik_tanaman_buah_2018_v2.pdf,142,0.0
2018,Sabah,Kota Kinabalu,Kota Kinabalu,LIMAU_MANIS,LIMAU MANIS,Sweet Orange,LIMAU MANIS / Sweet Orange,major,0.0,0.0,0.0,0.0,0.0,statistik_tanaman_buah_2018_v2.pdf,143,0.0
2018,Sabah,Kota Kinabalu,Kota Kinabalu,MANGGA,MANGGA,Mango,MANGGA / Mango,major,0.3,0.2,0.3,2.8,1.4999999999999998,statistik_tanaman_buah_2018_v2.pdf,143,2.408888888888888
2018,Sabah,Kota Kinabalu,Kota Kinabalu,MANGGIS,MANGGIS,Mangosteen,MANGGIS / Mangosteen,major,6.5,0.0,0.0,0.0,0.0,statistik_tanaman_buah_2018_v2.pdf,144,0.0
2018,Sabah,Kota Kinabalu,Kota Kinabalu,MATA_NAGA,MATA NAGA,Dragon Fruit,MATA NAGA / Dragon Fruit,major,0.1,0.1,0.1,0.5,1.0,statistik_tanaman_buah_2018_v2.pdf,144,1.0266666666666666
2018,Sabah,Kota Kinabalu,Kota Kinabalu,NANAS,NANAS,Pineapple,NANAS / Pineapple,major,12.1,3.2,19.4,36.1,6.062499999999999,statistik_tanaman_buah_2018_v2.pdf,145,6.042687199793674
2018,Sabah,Kota Kinabalu,Kota Kinabalu,NANGKA,NANGKA,Jackfruit,NANGKA / Jackfruit,major,1.5,1.0,10.0,20.9,10.0,statistik_tanaman_buah_2018_v2.pdf,145,9.986419191919191
2018,Sabah,Kota Kinabalu,Kota Kinabalu,PISANG,PISANG,Banana,PISANG / Banana,major,0.0,0.0,0.0,0.0,0.0,statistik_tanaman_buah_2018_v2.pdf,146,0.0
2018,Sabah,Kota Kinabalu,Kota Kinabalu,PULASAN,PULASAN,Pulasan,PULASAN / (Pulasan),major,0.0,0.0,0.0,0.0,0.0,statistik_tanaman_buah_2018_v2.pdf,146,0.0
2018,Sabah,Kota Kinabalu,Kota Kinabalu,RAMBUTAN,RAMBUTAN,Rambutan,RAMBUTAN / (Rambutan),major,6.5,0.4,2.8,6.0,6.999999999999999,statistik_tanaman_buah_2018_v2.pdf,147,7.24422222222222
2018,Sabah,Kota Kinabalu,Kota Kinabalu,SALAK,SALAK,Salak,SALAK / (Salak),major,0.0,0.0,0.0,0.0,0.0,statistik_tanaman_buah_2018_v2.pdf,147,0.0
2018,Sabah,Kota Kinabalu,Kota Kinabalu,TEMBIKAI,TEMBIKAI,Watermelon,TEMBIKAI / Water-melon,major,0.0,0.0,0.0,0.0,0.0,statistik_tanaman_buah_2018_v2.pdf,148,0.0
2018,Sabah,Kota Marudu,Kota Marudu,BELIMBING,BELIMBING,Starfruit,BELIMBING / Starfruit,major,0.6,0.6,4.0,8.4,6.666666666666667,statistik_tanaman_buah_2018_v2.pdf,138,6.6950198412698585
2018,Sabah,Kota Marudu,Kota Marudu,BETIK,BETIK,Papaya,BETIK / Papaya,major,0.9,0.7,1.1,1.6,1.5714285714285716,statistik_tanaman_buah_2018_v2.pdf,138,1.5850608465608436
2018,Sabah,Kota Marudu,Kota Marudu,CEMPEDAK,CEMPEDAK,Cempedak,CEMPEDAK / (Cempedak),major,12.4,11.8,40.0,144.0,3.389830508474576,statistik_tanaman_buah_2018_v2.pdf,139,3.4158533500200354
2018,Sabah,Kota Marudu,Kota Marudu,CIKU,CIKU,Ciku,CIKU / Sapodilla,major,0.4,0.4,1.0,2.9,2.5,statistik_tanaman_buah_2018_v2.pdf,139,2.453499999999999
2018,Sabah,Kota Marudu,Kota Marudu,DOKONG,DOKONG,Dokong,DOKONG / (Dokong),major,0.0,0.0,0.0,0.0,0.0,statistik_tanaman_buah_2018_v2.pdf,140,0.0
2018,Sabah,Kota Marudu,Kota Marudu,DUKU,DUKU,Duku,DUKU / (Duku),major,0.0,0.0,0.0,0.0,0.0,statistik_tanaman_buah_2018_v2.pdf,140,0.0
2018,Sabah,Kota Marudu,Kota Marudu,DURIAN,DURIAN,Durian,DURIAN / (Durian),major,62.4,40.5,120.0,2169.6,2.962962962962963,statistik_tanaman_buah_2018_v2.pdf,141,3.0212774471468564
2018,Sabah,Kota Marudu,Kota Marudu,JAMBU_BATU,JAMBU BATU,Guava,JAMBU BATU / Guava,major,0.0,0.0,0.0,0.0,0.0,statistik_tanaman_buah_2018_v2.pdf,141,0.0
2018,Sabah,Kota Marudu,Kota Marudu,LANGSAT,LANGSAT,Langsat,LANGSAT / (Langsat),major,24.2,22.2,90.0,229.5,4.054054054054054,statistik_tanaman_buah_2018_v2.pdf,142,4.158293348890654
2018,Sabah,Kota Marudu,Kota Marudu,LIMAU_BESAR,LIMAU BESAR,Pomelo,LIMAU BESAR / Pomelo,major,2.2,2.2,8.0,17.2,3.636363636363636,statistik_tanaman_buah_2018_v2.pdf,142,3.6477997200263492
2018,Sabah,Kota Marudu,Kota Marudu,LIMAU_MANIS,LIMAU MANIS,Sweet Orange,LIMAU MANIS / Sweet Orange,major,2.7,2.2,8.5,18.3,3.8636363636363633,statistik_tanaman_buah_2018_v2.pdf,143,3.9600741638079406
2018,Sabah,Kota Marudu,Kota Marudu,MANGGA,MANGGA,Mango,MANGGA / Mango,major,15.7,5.0,12.0,110.4,2.4,statistik_tanaman_buah_2018_v2.pdf,143,2.419355553457878
2018,Sabah,Kota Marudu,Kota Marudu,MANGGIS,MANGGIS,Mangosteen,MANGGIS / Mangosteen,major,8.2,4.0,10.0,28.0,2.5,statistik_tanaman_buah_2018_v2.pdf,144,2.5239105270684212
2018,Sabah,Kota Marudu,Kota Marudu,MATA_NAGA,MATA NAGA,Dragon Fruit,MATA NAGA / Dragon Fruit,major,0.0,0.0,0.0,0.0,0.0,statistik_tanaman_buah_2018_v2.pdf,144,0.0
2018,Sabah,Kota Marudu,Kota Marudu,NANAS,NANAS,Pineapple,NANAS / Pineapple,major,3.7,2.1,9.5,17.7,4.523809523809524,statistik_tanaman_buah_2018_v2.pdf,145,4.573808485861137
2018,Sabah,Kota Marudu,Kota Marudu,NANGKA,NANGKA,Jackfruit,NANGKA / Jackfruit,major,12.0,8.9,40.0,83.5,4.4943820224719095,statistik_tanaman_buah_2018_v2.pdf,145,4.477592778652675
2018,Sabah,Kota Marudu,Kota Marudu,PISANG,PISANG,Banana,PISANG / Banana,major,342.9,330.0,4115.0,6872.1,12.469696969696969,statistik_tanaman_buah_2018_v2.pdf,146,14.02491687097548
2018,Sabah,Kota Marudu,Kota Marudu,PULASAN,PULASAN,Pulasan,PULASAN / (Pulasan),major,0.0,0.0,0.0,0.0,0.0,statistik_tanaman_buah_2018_v2.pdf,146,0.0
2018,Sabah,Kota Marudu,Kota Marudu,RAMBUTAN,RAMBUTAN,Rambutan,RAMBUTAN / (Rambutan),major,21.7,19.8,40.0,85.3,2.0202020202020203,statistik_tanaman_buah_2018_v2.pdf,147,2.093757693989698
2018,Sabah,Kota Marudu,Kota Marudu,SALAK,SALAK,Salak,SALAK / (Salak),major,0.0,0.0,0.0,0.0,0.0,statistik_tanaman_buah_2018_v2.pdf,147,0.0
2018,Sabah,Kota Marudu,Kota Marudu,TEMBIKAI,TEMBIKAI,Watermelon,TEMBIKAI / Water-melon,major,6.4,6.4,40.0,53.5,6.25,statistik_tanaman_buah_2018_v2.pdf,148,7.241195182935307
2018,Sabah,Kuala Penyu,Kuala Penyu,BELIMBING,BELIMBING,Starfruit,BELIMBING / Starfruit,major,0.0,0.0,0.0,0.0,0.0,statistik_tanaman_buah_2018_v2.pdf,138,0.0
2018,Sabah,Kuala Penyu,Kuala Penyu,BETIK,BETIK,Papaya,BETIK / Papaya,major,0.0,0.0,0.0,0.0,0.0,statistik_tanaman_buah_2018_v2.pdf,138,0.0
2018,Sabah,Kuala Penyu,Kuala Penyu,CEMPEDAK,CEMPEDAK,Cempedak,CEMPEDAK / (Cempedak),major,4.5,3.6,12.5,45.0,3.4722222222222223,statistik_tanaman_buah_2018_v2.pdf,139,3.494906294093214
2018,Sabah,Kuala Penyu,Kuala Penyu,CIKU,CIKU,Ciku,CIKU / Sapodilla,major,0.0,0.0,0.0,0.0,0.0,statistik_tanaman_buah_2018_v2.pdf,139,0.0
2018,Sabah,Kuala Penyu,Kuala Penyu,DOKONG,DOKONG,Dokong,DOKONG / (Dokong),major,0.0,0.0,0.0,0.0,0.0,statistik_tanaman_buah_2018_v2.pdf,140,0.0
2018,Sabah,Kuala Penyu,Kuala Penyu,DUKU,DUKU,Duku,DUKU / (Duku),major,0.0,0.0,0.0,0.0,0.0,statistik_tanaman_buah_2018_v2.pdf,140,0.0
2018,Sabah,Kuala Penyu,Kuala Penyu,DURIAN,DURIAN,Durian,DURIAN / (Durian),major,27.5,13.0,39.0,705.1,3.0,statistik_tanaman_buah_2018_v2.pdf,141,2.9103299839712378
2018,Sabah,Kuala Penyu,Kuala Penyu,JAMBU_BATU,JAMBU BATU,Guava,JAMBU BATU / Guava,major,0.0,0.0,0.0,0.0,0.0,statistik_tanaman_buah_2018_v2.pdf,141,0.0
2018,Sabah,Kuala Penyu,Kuala Penyu,LANGSAT,LANGSAT,Langsat,LANGSAT / (Langsat),major,0.0,0.0,0.0,0.0,0.0,statistik_tanaman_buah_2018_v2.pdf,142,0.0
2018,Sabah,Kuala Penyu,Kuala Penyu,LIMAU_BESAR,LIMAU BESAR,Pomelo,LIMAU BESAR / Pomelo,major,0.0,0.0,0.0,0.0,0.0,statistik_tanaman_buah_2018_v2.pdf,142,0.0
2018,Sabah,Kuala Penyu,Kuala Penyu,LIMAU_MANIS,LIMAU MANIS,Sweet Orange,LIMAU MANIS / Sweet Orange,major,0.0,0.0,0.0,0.0,0.0,statistik_tanaman_buah_2018_v2.pdf,143,0.0
2018,Sabah,Kuala Penyu,Kuala Penyu,MANGGA,MANGGA,Mango,MANGGA / Mango,major,142.3,16.0,24.4,224.5,1.525,statistik_tanaman_buah_2018_v2.pdf,143,1.6889405972268774
2018,Sabah,Kuala Penyu,Kuala Penyu,MANGGIS,MANGGIS,Mangosteen,MANGGIS / Mangosteen,major,0.0,0.0,0.0,0.0,0.0,statistik_tanaman_buah_2018_v2.pdf,144,0.0
2018,Sabah,Kuala Penyu,Kuala Penyu,MATA_NAGA,MATA NAGA,Dragon Fruit,MATA NAGA / Dragon Fruit,major,2.0,2.0,0.2,0.9,0.1,statistik_tanaman_buah_2018_v2.pdf,144,0.18800925925925982
2018,Sabah,Kuala Penyu,Kuala Penyu,NANAS,NANAS,Pineapple,NANAS / Pineapple,major,0.0,0.0,0.0,0.0,0.0,statistik_tanaman_buah_2018_v2.pdf,145,0.0
2018,Sabah,Kuala Penyu,Kuala Penyu,NANGKA,NANGKA,Jackfruit,NANGKA / Jackfruit,major,0.0,0.0,0.0,0.0,0.0,statistik_tanaman_buah_2018_v2.pdf,145,0.0
2018,Sabah,Kuala Penyu,Kuala Penyu,PISANG,PISANG,Banana,PISANG / Banana,major,23.1,17.1,196.0,327.3,11.461988304093566,statistik_tanaman_buah_2018_v2.pdf,146,11.271101368837634
2018,Sabah,Kuala Penyu,Kuala Penyu,PULASAN,PULASAN,Pulasan,PULASAN / (Pulasan),major,0.0,0.0,0.0,0.0,0.0,statistik_tanaman_buah_2018_v2.pdf,146,0.0
2018,Sabah,Kuala Penyu,Kuala Penyu,RAMBUTAN,RAMBUTAN,Rambutan,RAMBUTAN / (Rambutan),major,9.0,2.9,24.2,51.6,8.344827586206897,statistik_tanaman_buah_2018_v2.pdf,147,8.358876837207987
2018,Sabah,Kuala Penyu,Kuala Penyu,SALAK,SALAK,Salak,SALAK / (Salak),major,0.0,0.0,0.0,0.0,0.0,statistik_tanaman_buah_2018_v2.pdf,147,0.0
2018,Sabah,Kuala Penyu,Kuala Penyu,TEMBIKAI,TEMBIKAI,Watermelon,TEMBIKAI / Water-melon,major,6.0,4.4,74.4,99.5,16.90909090909091,statistik_tanaman_buah_2018_v2.pdf,148,16.325810128156863
2018,Sabah,Kudat,Kudat,BELIMBING,BELIMBING,Starfruit,BELIMBING / Starfruit,major,1.0,1.0,0.8,1.7,0.8,statistik_tanaman_buah_2018_v2.pdf,138,0.7420251322751311
2018,Sabah,Kudat,Kudat,BETIK,BETIK,Papaya,BETIK / Papaya,major,1.5,1.5,1.2,1.7,0.7999999999999999,statistik_tanaman_buah_2018_v2.pdf,138,0.8229237891737881
2018,Sabah,Kudat,Kudat,CEMPEDAK,CEMPEDAK,Cempedak,CEMPEDAK / (Cempedak),major,4.6,4.0,10.0,36.0,2.5,statistik_tanaman_buah_2018_v2.pdf,139,2.514796922862712
2018,Sabah,Kudat,Kudat,CIKU,CIKU,Ciku,CIKU / Sapodilla,major,0.1,0.1,0.1,0.3,1.0,statistik_tanaman_buah_2018_v2.pdf,139,1.0
2018,Sabah,Kudat,Kudat,DOKONG,DOKONG,Dokong,DOKONG / (Dokong),major,0.0,0.0,0.0,0.0,0.0,statistik_tanaman_buah_2018_v2.pdf,140,0.0
2018,Sabah,Kudat,Kudat,DUKU,DUKU,Duku,DUKU / (Duku),major,0.0,0.0,0.0,0.0,0.0,statistik_tanaman_buah_2018_v2.pdf,140,0.0
2018,Sabah,Kudat,Kudat,DURIAN,DURIAN,Durian,DURIAN / (Durian),major,13.7,3.5,4.7,85.0,1.342857142857143,statistik_tanaman_buah_2018_v2.pdf,141,1.3434450047338036
2018,Sabah,Kudat,Kudat,JAMBU_BATU,JAMBU BATU,Guava,JAMBU BATU / Guava,major,0.9,0.8,3.1,7.1,3.875,statistik_tanaman_buah_2018_v2.pdf,141,4.068113756613757
2018,Sabah,Kudat,Kudat,LANGSAT,LANGSAT,Langsat,LANGSAT / (Langsat),major,0.3,0.0,0.0,0.0,0.0,statistik_tanaman_buah_2018_v2.pdf,142,0.0
2018,Sabah,Kudat,Kudat,LIMAU_BESAR,LIMAU BESAR,Pomelo,LIMAU BESAR / Pomelo,major,0.2,0.1,0.3,0.6,3.0,statistik_tanaman_buah_2018_v2.pdf,142,2.73
2018,Sabah,Kudat,Kudat,LIMAU_MANIS,LIMAU MANIS,Sweet Orange,LIMAU MANIS / Sweet Orange,major,0.0,0.0,0.0,0.0,0.0,statistik_tanaman_buah_2018_v2.pdf,143,0.0
2018,Sabah,Kudat,Kudat,MANGGA,MANGGA,Mango,MANGGA / Mango,major,24.5,17.0,50.0,460.0,2.9411764705882355,statistik_tanaman_buah_2018_v2.pdf,143,2.945257916908971
2018,Sabah,Kudat,Kudat,MANGGIS,MANGGIS,Mangosteen,MANGGIS / Mangosteen,major,0.5,0.0,0.0,0.0,0.0,statistik_tanaman_buah_2018_v2.pdf,144,0.0
2018,Sabah,Kudat,Kudat,MATA_NAGA,MATA NAGA,Dragon Fruit,MATA NAGA / Dragon Fruit,major,5.4,0.6,5.1,23.2,8.5,statistik_tanaman_buah_2018_v2.pdf,144,8.229653198653198
2018,Sabah,Kudat,Kudat,NANAS,NANAS,Pineapple,NANAS / Pineapple,major,3.5,3.0,6.0,11.2,2.0,statistik_tanaman_buah_2018_v2.pdf,145,2.012670773322101
2018,Sabah,Kudat,Kudat,NANGKA,NANGKA,Jackfruit,NANGKA / Jackfruit,major,7.1,3.5,7.9,16.5,2.257142857142857,statistik_tanaman_buah_2018_v2.pdf,145,2.248165789702645
2018,Sabah,Kudat,Kudat,PISANG,PISANG,Banana,PISANG / Banana,major,204.7,120.4,602.0,1005.3,5.0,statistik_tanaman_buah_2018_v2.pdf,146,5.553143995789399
2018,Sabah,Kudat,Kudat,PULASAN,PULASAN,Pulasan,PULASAN / (Pulasan),major,0.0,0.0,0.0,0.0,0.0,statistik_tanaman_buah_2018_v2.pdf,146,0.0
2018,Sabah,Kudat,Kudat,RAMBUTAN,RAMBUTAN,Rambutan,RAMBUTAN / (Rambutan),major,8.7,4.0,16.0,34.1,4.0,statistik_tanaman_buah_2018_v2.pdf,147,3.9902523205477602
2018,Sabah,Kudat,Kudat,SALAK,SALAK,Salak,SALAK / (Salak),major,0.0,0.0,0.0,0.0,0.0,statistik_tanaman_buah_2018_v2.pdf,147,0.0
2018,Sabah,Kudat,Kudat,TEMBIKAI,TEMBIKAI,Watermelon,TEMBIKAI / Water-melon,major,0.0,0.0,0.0,0.0,0.0,statistik_tanaman_buah_2018_v2.pdf,148,0.0
2018,Sabah,Kunak,Kunak,BELIMBING,BELIMBING,Starfruit,BELIMBING / Starfruit,major,0.0,0.0,0.0,0.0,0.0,statistik_tanaman_buah_2018_v2.pdf,138,0.0
2018,Sabah,Kunak,Kunak,BETIK,BETIK,Papaya,BETIK / Papaya,major,1.4,0.4,2.0,2.8,5.0,statistik_tanaman_buah_2018_v2.pdf,138,5.009777777777779
2018,Sabah,Kunak,Kunak,CEMPEDAK,CEMPEDAK,Cempedak,CEMPEDAK / (Cempedak),major,2.0,0.0,0.0,0.0,0.0,statistik_tanaman_buah_2018_v2.pdf,139,0.0
2018,Sabah,Kunak,Kunak,CIKU,CIKU,Ciku,CIKU / Sapodilla,major,0.0,0.0,0.0,0.0,0.0,statistik_tanaman_buah_2018_v2.pdf,139,0.0
2018,Sabah,Kunak,Kunak,DOKONG,DOKONG,Dokong,DOKONG / (Dokong),major,0.0,0.0,0.0,0.0,0.0,statistik_tanaman_buah_2018_v2.pdf,140,0.0
2018,Sabah,Kunak,Kunak,DUKU,DUKU,Duku,DUKU / (Duku),major,0.0,0.0,0.0,0.0,0.0,statistik_tanaman_buah_2018_v2.pdf,140,0.0
2018,Sabah,Kunak,Kunak,DURIAN,DURIAN,Durian,DURIAN / (Durian),major,56.2,1.8,0.8,14.5,0.4444444444444445,statistik_tanaman_buah_2018_v2.pdf,141,0.5071084841084843
2018,Sabah,Kunak,Kunak,JAMBU_BATU,JAMBU BATU,Guava,JAMBU BATU / Guava,major,0.0,0.0,0.0,0.0,0.0,statistik_tanaman_buah_2018_v2.pdf,141,0.0
2018,Sabah,Kunak,Kunak,LANGSAT,LANGSAT,Langsat,LANGSAT / (Langsat),major,5.0,2.5,2.0,5.1,0.8,statistik_tanaman_buah_2018_v2.pdf,142,0.8145363247863285
2018,Sabah,Kunak,Kunak,LIMAU_BESAR,LIMAU BESAR,Pomelo,LIMAU BESAR / Pomelo,major,0.0,0.0,0.0,0.0,0.0,statistik_tanaman_buah_2018_v2.pdf,142,0.0
2018,Sabah,Kunak,Kunak,LIMAU_MANIS,LIMAU MANIS,Sweet Orange,LIMAU MANIS / Sweet Orange,major,0.0,0.0,0.0,0.0,0.0,statistik_tanaman_buah_2018_v2.pdf,143,0.0
2018,Sabah,Kunak,Kunak,MANGGA,MANGGA,Mango,MANGGA / Mango,major,20.0,1.0,2.0,18.4,2.0,statistik_tanaman_buah_2018_v2.pdf,143,1.989555555555556
2018,Sabah,Kunak,Kunak,MANGGIS,MANGGIS,Mangosteen,MANGGIS / Mangosteen,major,0.0,0.0,0.0,0.0,0.0,statistik_tanaman_buah_2018_v2.pdf,144,0.0
2018,Sabah,Kunak,Kunak,MATA_NAGA,MATA NAGA,Dragon Fruit,MATA NAGA / Dragon Fruit,major,1.0,0.5,0.5,2.3,1.0,statistik_tanaman_buah_2018_v2.pdf,144,1.012861111111111
2018,Sabah,Kunak,Kunak,NANAS,NANAS,Pineapple,NANAS / Pineapple,major,2.0,2.0,7.3,13.6,3.65,statistik_tanaman_buah_2018_v2.pdf,145,3.675511445046771
2018,Sabah,Kunak,Kunak,NANGKA,NANGKA,Jackfruit,NANGKA / Jackfruit,major,0.0,0.0,0.0,0.0,0.0,statistik_tanaman_buah_2018_v2.pdf,145,0.0
2018,Sabah,Kunak,Kunak,PISANG,PISANG,Banana,PISANG / Banana,major,37.0,10.0,79.0,131.9,7.9,statistik_tanaman_buah_2018_v2.pdf,146,7.9367393032746225
2018,Sabah,Kunak,Kunak,PULASAN,PULASAN,Pulasan,PULASAN / (Pulasan),major,0.0,0.0,0.0,0.0,0.0,statistik_tanaman_buah_2018_v2.pdf,146,0.0
2018,Sabah,Kunak,Kunak,RAMBUTAN,RAMBUTAN,Rambutan,RAMBUTAN / (Rambutan),major,5.0,0.0,0.0,0.0,0.0,statistik_tanaman_buah_2018_v2.pdf,147,0.0
2018,Sabah,Kunak,Kunak,SALAK,SALAK,Salak,SALAK / (Salak),major,4.0,2.0,7.0,11.9,3.5,statistik_tanaman_buah_2018_v2.pdf,147,3.540540231953955
2018,Sabah,Kunak,Kunak,TEMBIKAI,TEMBIKAI,Watermelon,TEMBIKAI / Water-melon,major,8.0,8.0,16.8,22.5,2.1,statistik_tanaman_buah_2018_v2.pdf,148,2.126232705446893
2018,Sabah,Lahad Datu,Lahad Datu,BELIMBING,BELIMBING,Starfruit,BELIMBING / Starfruit,major,1.0,1.0,2.3,4.8,2.3,statistik_tanaman_buah_2018_v2.pdf,138,2.335499999999997
2018,Sabah,Lahad Datu,Lahad Datu,BETIK,BETIK,Papaya,BETIK / Papaya,major,13.0,11.7,125.6,177.9,10.735042735042736,statistik_tanaman_buah_2018_v2.pdf,138,10.790346350029955
2018,Sabah,Lahad Datu,Lahad Datu,CEMPEDAK,CEMPEDAK,Cempedak,CEMPEDAK / (Cempedak),major,15.0,0.0,0.0,0.0,0.0,statistik_tanaman_buah_2018_v2.pdf,139,0.0
2018,Sabah,Lahad Datu,Lahad Datu,CIKU,CIKU,Ciku,CIKU / Sapodilla,major,1.0,1.0,0.9,2.6,0.9,statistik_tanaman_buah_2018_v2.pdf,139,0.920666666666668
2018,Sabah,Lahad Datu,Lahad Datu,DOKONG,DOKONG,Dokong,DOKONG / (Dokong),major,0.0,0.0,0.0,0.0,0.0,statistik_tanaman_buah_2018_v2.pdf,140,0.0
2018,Sabah,Lahad Datu,Lahad Datu,DUKU,DUKU,Duku,DUKU / (Duku),major,1.0,0.0,0.0,0.0,0.0,statistik_tanaman_buah_2018_v2.pdf,140,0.0
2018,Sabah,Lahad Datu,Lahad Datu,DURIAN,DURIAN,Durian,DURIAN / (Durian),major,205.0,9.9,2.0,36.2,0.202020202020202,statistik_tanaman_buah_2018_v2.pdf,141,0.4185879725031985
2018,Sabah,Lahad Datu,Lahad Datu,JAMBU_BATU,JAMBU BATU,Guava,JAMBU BATU / Guava,major,15.0,15.0,152.6,347.2,10.173333333333334,statistik_tanaman_buah_2018_v2.pdf,141,10.352481042963904
2018,Sabah,Lahad Datu,Lahad Datu,LANGSAT,LANGSAT,Langsat,LANGSAT / (Langsat),major,71.6,0.0,0.0,0.0,0.0,statistik_tanaman_buah_2018_v2.pdf,142,0.0
2018,Sabah,Lahad Datu,Lahad Datu,LIMAU_BESAR,LIMAU BESAR,Pomelo,LIMAU BESAR / Pomelo,major,2.0,2.0,9.4,20.2,4.7,statistik_tanaman_buah_2018_v2.pdf,142,4.679403958614503
2018,Sabah,Lahad Datu,Lahad Datu,LIMAU_MANIS,LIMAU MANIS,Sweet Orange,LIMAU MANIS / Sweet Orange,major,16.0,16.0,38.9,83.6,2.43125,statistik_tanaman_buah_2018_v2.pdf,143,2.47218355509758
2018,Sabah,Lahad Datu,Lahad Datu,MANGGA,MANGGA,Mango,MANGGA / Mango,major,18.0,18.0,39.1,359.7,2.1722222222222225,statistik_tanaman_buah_2018_v2.pdf,143,2.2334828192969898
2018,Sabah,Lahad Datu,Lahad Datu,MANGGIS,MANGGIS,Mangosteen,MANGGIS / Mangosteen,major,6.0,0.0,0.0,0.0,0.0,statistik_tanaman_buah_2018_v2.pdf,144,0.0
2018,Sabah,Lahad Datu,Lahad Datu,MATA_NAGA,MATA NAGA,Dragon Fruit,MATA NAGA / Dragon Fruit,major,6.1,6.1,42.5,193.4,6.967213114754099,statistik_tanaman_buah_2018_v2.pdf,144,7.078196782276285
2018,Sabah,Lahad Datu,Lahad Datu,NANAS,NANAS,Pineapple,NANAS / Pineapple,major,0.2,0.2,1.3,2.4,6.5,statistik_tanaman_buah_2018_v2.pdf,145,6.84972222222222
2018,Sabah,Lahad Datu,Lahad Datu,NANGKA,NANGKA,Jackfruit,NANGKA / Jackfruit,major,5.0,5.0,18.2,38.0,3.64,statistik_tanaman_buah_2018_v2.pdf,145,3.6368770376493056
2018,Sabah,Lahad Datu,Lahad Datu,PISANG,PISANG,Banana,PISANG / Banana,major,100.0,100.0,1710.0,2855.7,17.1,statistik_tanaman_buah_2018_v2.pdf,146,17.20674953851038
2018,Sabah,Lahad Datu,Lahad Datu,PULASAN,PULASAN,Pulasan,PULASAN / (Pulasan),major,0.0,0.0,0.0,0.0,0.0,statistik_tanaman_buah_2018_v2.pdf,146,0.0
2018,Sabah,Lahad Datu,Lahad Datu,RAMBUTAN,RAMBUTAN,Rambutan,RAMBUTAN / (Rambutan),major,80.0,0.0,0.0,0.0,0.0,statistik_tanaman_buah_2018_v2.pdf,147,0.0
2018,Sabah,Lahad Datu,Lahad Datu,SALAK,SALAK,Salak,SALAK / (Salak),major,2.0,2.0,6.7,11.4,3.35,statistik_tanaman_buah_2018_v2.pdf,147,3.43995296551462
2018,Sabah,Lahad Datu,Lahad Datu,TEMBIKAI,TEMBIKAI,Watermelon,TEMBIKAI / Water-melon,major,9.0,9.0,62.9,84.1,6.988888888888889,statistik_tanaman_buah_2018_v2.pdf,148,7.530532388735181
2018,Sabah,Matunggong,Matunggong,BELIMBING,BELIMBING,Starfruit,BELIMBING / Starfruit,major,0.0,0.0,0.0,0.0,0.0,statistik_tanaman_buah_2018_v2.pdf,138,0.0
2018,Sabah,Matunggong,Matunggong,BETIK,BETIK,Papaya,BETIK / Papaya,major,0.0,0.0,0.0,0.0,0.0,statistik_tanaman_buah_2018_v2.pdf,138,0.0
2018,Sabah,Matunggong,Matunggong,CEMPEDAK,CEMPEDAK,Cempedak,CEMPEDAK / (Cempedak),major,7.0,7.0,29.0,104.4,4.142857142857143,statistik_tanaman_buah_2018_v2.pdf,139,4.125770454314197
2018,Sabah,Matunggong,Matunggong,CIKU,CIKU,Ciku,CIKU / Sapodilla,major,0.0,0.0,0.0,0.0,0.0,statistik_tanaman_buah_2018_v2.pdf,139,0.0
2018,Sabah,Matunggong,Matunggong,DOKONG,DOKONG,Dokong,DOKONG / (Dokong),major,0.0,0.0,0.0,0.0,0.0,statistik_tanaman_buah_2018_v2.pdf,140,0.0
2018,Sabah,Matunggong,Matunggong,DUKU,DUKU,Duku,DUKU / (Duku),major,0.0,0.0,0.0,0.0,0.0,statistik_tanaman_buah_2018_v2.pdf,140,0.0
2018,Sabah,Matunggong,Matunggong,DURIAN,DURIAN,Durian,DURIAN / (Durian),major,3.7,3.7,8.2,148.3,2.216216216216216,statistik_tanaman_buah_2018_v2.pdf,141,2.2168503638058383
2018,Sabah,Matunggong,Matunggong,JAMBU_BATU,JAMBU BATU,Guava,JAMBU BATU / Guava,major,0.0,0.0,0.0,0.0,0.0,statistik_tanaman_buah_2018_v2.pdf,141,0.0
2018,Sabah,Matunggong,Matunggong,LANGSAT,LANGSAT,Langsat,LANGSAT / (Langsat),major,5.0,5.0,9.0,23.0,1.8,statistik_tanaman_buah_2018_v2.pdf,142,1.78663699909049
2018,Sabah,Matunggong,Matunggong,LIMAU_BESAR,LIMAU BESAR,Pomelo,LIMAU BESAR / Pomelo,major,6.0,6.0,36.0,77.4,6.0,statistik_tanaman_buah_2018_v2.pdf,142,6.080603340172965
2018,Sabah,Matunggong,Matunggong,LIMAU_MANIS,LIMAU MANIS,Sweet Orange,LIMAU MANIS / Sweet Orange,major,4.0,4.0,9.6,20.6,2.4,statistik_tanaman_buah_2018_v2.pdf,143,2.4021407171290803
2018,Sabah,Matunggong,Matunggong,MANGGA,MANGGA,Mango,MANGGA / Mango,major,23.0,23.0,55.0,506.0,2.391304347826087,statistik_tanaman_buah_2018_v2.pdf,143,2.426068607371664
2018,Sabah,Matunggong,Matunggong,MANGGIS,MANGGIS,Mangosteen,MANGGIS / Mangosteen,major,0.0,0.0,0.0,0.0,0.0,statistik_tanaman_buah_2018_v2.pdf,144,0.0
2018,Sabah,Matunggong,Matunggong,MATA_NAGA,MATA NAGA,Dragon Fruit,MATA NAGA / Dragon Fruit,major,0.0,0.0,0.0,0.0,0.0,statistik_tanaman_buah_2018_v2.pdf,144,0.0
2018,Sabah,Matunggong,Matunggong,NANAS,NANAS,Pineapple,NANAS / Pineapple,major,4.0,4.0,39.0,72.6,9.75,statistik_tanaman_buah_2018_v2.pdf,145,10.033028160749916
2018,Sabah,Matunggong,Matunggong,NANGKA,NANGKA,Jackfruit,NANGKA / Jackfruit,major,34.0,32.0,277.0,578.2,8.65625,statistik_tanaman_buah_2018_v2.pdf,145,8.66643658721787
2018,Sabah,Matunggong,Matunggong,PISANG,PISANG,Banana,PISANG / Banana,major,127.0,124.0,1197.6,2000.0,9.658064516129032,statistik_tanaman_buah_2018_v2.pdf,146,9.828259707933755
2018,Sabah,Matunggong,Matunggong,PULASAN,PULASAN,Pulasan,PULASAN / (Pulasan),major,0.0,0.0,0.0,0.0,0.0,statistik_tanaman_buah_2018_v2.pdf,146,0.0
2018,Sabah,Matunggong,Matunggong,RAMBUTAN,RAMBUTAN,Rambutan,RAMBUTAN / (Rambutan),major,9.0,9.0,64.0,136.5,7.111111111111111,statistik_tanaman_buah_2018_v2.pdf,147,7.135671102007092
2018,Sabah,Matunggong,Matunggong,SALAK,SALAK,Salak,SALAK / (Salak),major,0.0,0.0,0.0,0.0,0.0,statistik_tanaman_buah_2018_v2.pdf,147,0.0
2018,Sabah,Matunggong,Matunggong,TEMBIKAI,TEMBIKAI,Watermelon,TEMBIKAI / Water-melon,major,0.0,0.0,0.0,0.0,0.0,statistik_tanaman_buah_2018_v2.pdf,148,0.0
2018,Sabah,Nabawan/Pensiangan,Nabawan,BELIMBING,BELIMBING,Starfruit,BELIMBING / Starfruit,major,0.0,0.0,0.0,0.0,0.0,statistik_tanaman_buah_2018_v2.pdf,138,0.0
2018,Sabah,Nabawan/Pensiangan,Nabawan,BETIK,BETIK,Papaya,BETIK / Papaya,major,0.0,0.0,0.0,0.0,0.0,statistik_tanaman_buah_2018_v2.pdf,138,0.0
2018,Sabah,Nabawan/Pensiangan,Nabawan,CEMPEDAK,CEMPEDAK,Cempedak,CEMPEDAK / (Cempedak),major,16.7,14.0,20.0,72.0,1.4285714285714286,statistik_tanaman_buah_2018_v2.pdf,139,1.4591360425771394
2018,Sabah,Nabawan/Pensiangan,Nabawan,CIKU,CIKU,Ciku,CIKU / Sapodilla,major,0.0,0.0,0.0,0.0,0.0,statistik_tanaman_buah_2018_v2.pdf,139,0.0
2018,Sabah,Nabawan/Pensiangan,Nabawan,DOKONG,DOKONG,Dokong,DOKONG / (Dokong),major,0.0,0.0,0.0,0.0,0.0,statistik_tanaman_buah_2018_v2.pdf,140,0.0
2018,Sabah,Nabawan/Pensiangan,Nabawan,DUKU,DUKU,Duku,DUKU / (Duku),major,0.0,0.0,0.0,0.0,0.0,statistik_tanaman_buah_2018_v2.pdf,140,0.0
2018,Sabah,Nabawan/Pensiangan,Nabawan,DURIAN,DURIAN,Durian,DURIAN / (Durian),major,199.3,36.0,220.0,3977.6,6.111111111111111,statistik_tanaman_buah_2018_v2.pdf,141,6.08959310122992
2018,Sabah,Nabawan/Pensiangan,Nabawan,JAMBU_BATU,JAMBU BATU,Guava,JAMBU BATU / Guava,major,0.0,0.0,0.0,0.0,0.0,statistik_tanaman_buah_2018_v2.pdf,141,0.0
2018,Sabah,Nabawan/Pensiangan,Nabawan,LANGSAT,LANGSAT,Langsat,LANGSAT / (Langsat),major,3.4,1.9,10.1,25.8,5.315789473684211,statistik_tanaman_buah_2018_v2.pdf,142,5.246623827198643
2018,Sabah,Nabawan/Pensiangan,Nabawan,LIMAU_BESAR,LIMAU BESAR,Pomelo,LIMAU BESAR / Pomelo,major,0.0,0.0,0.0,0.0,0.0,statistik_tanaman_buah_2018_v2.pdf,142,0.0
2018,Sabah,Nabawan/Pensiangan,Nabawan,LIMAU_MANIS,LIMAU MANIS,Sweet Orange,LIMAU MANIS / Sweet Orange,major,0.0,0.0,0.0,0.0,0.0,statistik_tanaman_buah_2018_v2.pdf,143,0.0
2018,Sabah,Nabawan/Pensiangan,Nabawan,MANGGA,MANGGA,Mango,MANGGA / Mango,major,6.2,4.5,8.0,73.6,1.7777777777777777,statistik_tanaman_buah_2018_v2.pdf,143,1.7658618194394342
2018,Sabah,Nabawan/Pensiangan,Nabawan,MANGGIS,MANGGIS,Mangosteen,MANGGIS / Mangosteen,major,21.3,8.0,69.0,193.2,8.625,statistik_tanaman_buah_2018_v2.pdf,144,8.475615447427606
2018,Sabah,Nabawan/Pensiangan,Nabawan,MATA_NAGA,MATA NAGA,Dragon Fruit,MATA NAGA / Dragon Fruit,major,0.0,0.0,0.0,0.0,0.0,statistik_tanaman_buah_2018_v2.pdf,144,0.0
2018,Sabah,Nabawan/Pensiangan,Nabawan,NANAS,NANAS,Pineapple,NANAS / Pineapple,major,2.2,1.7,6.9,12.9,4.058823529411765,statistik_tanaman_buah_2018_v2.pdf,145,3.99604159600288
2018,Sabah,Nabawan/Pensiangan,Nabawan,NANGKA,NANGKA,Jackfruit,NANGKA / Jackfruit,major,0.4,0.3,3.0,6.3,10.0,statistik_tanaman_buah_2018_v2.pdf,145,9.80211111111111
2018,Sabah,Nabawan/Pensiangan,Nabawan,PISANG,PISANG,Banana,PISANG / Banana,major,27.2,5.8,48.5,81.0,8.362068965517242,statistik_tanaman_buah_2018_v2.pdf,146,8.49714970213445
2018,Sabah,Nabawan/Pensiangan,Nabawan,PULASAN,PULASAN,Pulasan,PULASAN / (Pulasan),major,0.0,0.0,0.0,0.0,0.0,statistik_tanaman_buah_2018_v2.pdf,146,0.0
2018,Sabah,Nabawan/Pensiangan,Pensiangan,RAMBUTAN,RAMBUTAN,Rambutan,RAMBUTAN / (Rambutan),major,32.5,22.0,64.0,136.5,2.909090909090909,statistik_tanaman_buah_2018_v2.pdf,147,2.966545672972541
2018,Sabah,Nabawan/Pensiangan,Pensiangan,SALAK,SALAK,Salak,SALAK / (Salak),major,0.0,0.0,0.0,0.0,0.0,statistik_tanaman_buah_2018_v2.pdf,147,0.0
2018,Sabah,Nabawan/Pensiangan,Pensiangan,TEMBIKAI,TEMBIKAI,Watermelon,TEMBIKAI / Water-melon,major,0.0,0.0,0.0,0.0,0.0,statistik_tanaman_buah_2018_v2.pdf,148,0.0
2018,Sabah,Papar,Papar,BELIMBING,BELIMBING,Starfruit,BELIMBING / Starfruit,major,4.0,0.0,0.0,0.0,0.0,statistik_tanaman_buah_2018_v2.pdf,138,0.0
2018,Sabah,Papar,Papar,BETIK,BETIK,Papaya,BETIK / Papaya,major,2.0,1.0,1.5,2.1,1.5,statistik_tanaman_buah_2018_v2.pdf,138,1.4459054741554738
2018,Sabah,Papar,Papar,CEMPEDAK,CEMPEDAK,Cempedak,CEMPEDAK / (Cempedak),major,40.0,0.0,0.0,0.0,0.0,statistik_tanaman_buah_2018_v2.pdf,139,0.0
2018,Sabah,Papar,Papar,CIKU,CIKU,Ciku,CIKU / Sapodilla,major,0.0,0.0,0.0,0.0,0.0,statistik_tanaman_buah_2018_v2.pdf,139,0.0
2018,Sabah,Papar,Papar,DOKONG,DOKONG,Dokong,DOKONG / (Dokong),major,0.0,0.0,0.0,0.0,0.0,statistik_tanaman_buah_2018_v2.pdf,140,0.0
2018,Sabah,Papar,Papar,DUKU,DUKU,Duku,DUKU / (Duku),major,1.0,0.0,0.0,0.0,0.0,statistik_tanaman_buah_2018_v2.pdf,140,0.0
2018,Sabah,Papar,Papar,DURIAN,DURIAN,Durian,DURIAN / (Durian),major,188.0,10.0,30.0,542.4,3.0,statistik_tanaman_buah_2018_v2.pdf,141,3.0152254568439303
2018,Sabah,Papar,Papar,JAMBU_BATU,JAMBU BATU,Guava,JAMBU BATU / Guava,major,65.0,45.0,195.0,443.6,4.333333333333333,statistik_tanaman_buah_2018_v2.pdf,141,4.374955143255988
2018,Sabah,Papar,Papar,LANGSAT,LANGSAT,Langsat,LANGSAT / (Langsat),major,55.0,0.0,0.0,0.0,0.0,statistik_tanaman_buah_2018_v2.pdf,142,0.0
2018,Sabah,Papar,Papar,LIMAU_BESAR,LIMAU BESAR,Pomelo,LIMAU BESAR / Pomelo,major,0.0,0.0,0.0,0.0,0.0,statistik_tanaman_buah_2018_v2.pdf,142,0.0
2018,Sabah,Papar,Papar,LIMAU_MANIS,LIMAU MANIS,Sweet Orange,LIMAU MANIS / Sweet Orange,major,7.0,0.0,0.0,0.0,0.0,statistik_tanaman_buah_2018_v2.pdf,143,0.0
2018,Sabah,Papar,Papar,MANGGA,MANGGA,Mango,MANGGA / Mango,major,110.0,40.0,40.0,368.0,1.0,statistik_tanaman_buah_2018_v2.pdf,143,1.117659007278358
2018,Sabah,Papar,Papar,MANGGIS,MANGGIS,Mangosteen,MANGGIS / Mangosteen,major,20.0,0.0,0.0,0.0,0.0,statistik_tanaman_buah_2018_v2.pdf,144,0.0
2018,Sabah,Papar,Papar,MATA_NAGA,MATA NAGA,Dragon Fruit,MATA NAGA / Dragon Fruit,major,8.0,0.0,0.0,0.0,0.0,statistik_tanaman_buah_2018_v2.pdf,144,0.0
2018,Sabah,Papar,Papar,NANAS,NANAS,Pineapple,NANAS / Pineapple,major,5.0,3.0,28.0,52.2,9.333333333333334,statistik_tanaman_buah_2018_v2.pdf,145,9.157593954475473
2018,Sabah,Papar,Papar,NANGKA,NANGKA,Jackfruit,NANGKA / Jackfruit,major,10.0,10.0,37.0,77.2,3.7,statistik_tanaman_buah_2018_v2.pdf,145,3.8476887013030456
2018,Sabah,Papar,Papar,PISANG,PISANG,Banana,PISANG / Banana,major,95.0,75.0,570.0,951.9,7.6,statistik_tanaman_buah_2018_v2.pdf,146,7.330006533016069
2018,Sabah,Papar,Papar,PULASAN,PULASAN,Pulasan,PULASAN / (Pulasan),major,0.0,0.0,0.0,0.0,0.0,statistik_tanaman_buah_2018_v2.pdf,146,0.0
2018,Sabah,Papar,Papar,RAMBUTAN,RAMBUTAN,Rambutan,RAMBUTAN / (Rambutan),major,60.0,0.0,0.0,0.0,0.0,statistik_tanaman_buah_2018_v2.pdf,147,0.0
2018,Sabah,Papar,Papar,SALAK,SALAK,Salak,SALAK / (Salak),major,0.0,0.0,0.0,0.0,0.0,statistik_tanaman_buah_2018_v2.pdf,147,0.0
2018,Sabah,Papar,Papar,TEMBIKAI,TEMBIKAI,Watermelon,TEMBIKAI / Water-melon,major,180.0,180.0,1382.0,1848.4,7.677777777777778,statistik_tanaman_buah_2018_v2.pdf,148,8.126545719553627
2018,Sabah,Penampang,Penampang,BELIMBING,BELIMBING,Starfruit,BELIMBING / Starfruit,major,0.0,0.0,0.0,0.0,0.0,statistik_tanaman_buah_2018_v2.pdf,138,0.0
2018,Sabah,Penampang,Penampang,BETIK,BETIK,Papaya,BETIK / Papaya,major,0.0,0.0,0.0,0.0,0.0,statistik_tanaman_buah_2018_v2.pdf,138,0.0
2018,Sabah,Penampang,Penampang,CEMPEDAK,CEMPEDAK,Cempedak,CEMPEDAK / (Cempedak),major,4.0,1.0,5.0,18.0,5.0,statistik_tanaman_buah_2018_v2.pdf,139,4.962468512968514
2018,Sabah,Penampang,Penampang,CIKU,CIKU,Ciku,CIKU / Sapodilla,major,0.0,0.0,0.0,0.0,0.0,statistik_tanaman_buah_2018_v2.pdf,139,0.0
2018,Sabah,Penampang,Penampang,DOKONG,DOKONG,Dokong,DOKONG / (Dokong),major,0.0,0.0,0.0,0.0,0.0,statistik_tanaman_buah_2018_v2.pdf,140,0.0
2018,Sabah,Penampang,Penampang,DUKU,DUKU,Duku,DUKU / (Duku),major,0.0,0.0,0.0,0.0,0.0,statistik_tanaman_buah_2018_v2.pdf,140,0.0
2018,Sabah,Penampang,Penampang,DURIAN,DURIAN,Durian,DURIAN / (Durian),major,20.6,5.5,44.0,795.5,8.0,statistik_tanaman_buah_2018_v2.pdf,141,8.439367901255396
2018,Sabah,Penampang,Penampang,JAMBU_BATU,JAMBU BATU,Guava,JAMBU BATU / Guava,major,0.0,0.0,0.0,0.0,0.0,statistik_tanaman_buah_2018_v2.pdf,141,0.0
2018,Sabah,Penampang,Penampang,LANGSAT,LANGSAT,Langsat,LANGSAT / (Langsat),major,6.0,2.0,14.0,35.7,7.0,statistik_tanaman_buah_2018_v2.pdf,142,6.777309352376018
2018,Sabah,Penampang,Penampang,LIMAU_BESAR,LIMAU BESAR,Pomelo,LIMAU BESAR / Pomelo,major,0.0,0.0,0.0,0.0,0.0,statistik_tanaman_buah_2018_v2.pdf,142,0.0
2018,Sabah,Penampang,Penampang,LIMAU_MANIS,LIMAU MANIS,Sweet Orange,LIMAU MANIS / Sweet Orange,major,0.0,0.0,0.0,0.0,0.0,statistik_tanaman_buah_2018_v2.pdf,143,0.0
2018,Sabah,Penampang,Penampang,MANGGA,MANGGA,Mango,MANGGA / Mango,major,1.8,0.6,1.9,17.5,3.1666666666666665,statistik_tanaman_buah_2018_v2.pdf,143,3.206773809523802
2018,Sabah,Penampang,Penampang,MANGGIS,MANGGIS,Mangosteen,MANGGIS / Mangosteen,major,2.9,1.8,7.2,20.2,4.0,statistik_tanaman_buah_2018_v2.pdf,144,4.022714369496035
2018,Sabah,Penampang,Penampang,MATA_NAGA,MATA NAGA,Dragon Fruit,MATA NAGA / Dragon Fruit,major,1.3,1.3,7.8,35.5,6.0,statistik_tanaman_buah_2018_v2.pdf,144,5.950662521688819
2018,Sabah,Penampang,Penampang,NANAS,NANAS,Pineapple,NANAS / Pineapple,major,119.6,35.0,326.4,607.9,9.325714285714286,statistik_tanaman_buah_2018_v2.pdf,145,9.187513148094741
2018,Sabah,Penampang,Penampang,NANGKA,NANGKA,Jackfruit,NANGKA / Jackfruit,major,0.6,0.1,0.8,1.7,8.0,statistik_tanaman_buah_2018_v2.pdf,145,7.242222222222224
2018,Sabah,Penampang,Penampang,PISANG,PISANG,Banana,PISANG / Banana,major,2.4,2.0,10.0,16.7,5.0,statistik_tanaman_buah_2018_v2.pdf,146,4.991065472355879
2018,Sabah,Penampang,Penampang,PULASAN,PULASAN,Pulasan,PULASAN / (Pulasan),major,0.0,0.0,0.0,0.0,0.0,statistik_tanaman_buah_2018_v2.pdf,146,0.0
2018,Sabah,Penampang,Penampang,RAMBUTAN,RAMBUTAN,Rambutan,RAMBUTAN / (Rambutan),major,8.5,6.0,30.0,64.0,5.0,statistik_tanaman_buah_2018_v2.pdf,147,4.983410503154253
2018,Sabah,Penampang,Penampang,SALAK,SALAK,Salak,SALAK / (Salak),major,0.0,0.0,0.0,0.0,0.0,statistik_tanaman_buah_2018_v2.pdf,147,0.0
2018,Sabah,Penampang,Penampang,TEMBIKAI,TEMBIKAI,Watermelon,TEMBIKAI / Water-melon,major,0.0,0.0,0.0,0.0,0.0,statistik_tanaman_buah_2018_v2.pdf,148,0.0
2018,Sabah,Pitas,Pitas,BELIMBING,BELIMBING,Starfruit,BELIMBING / Starfruit,major,0.1,0.1,0.1,0.2,1.0,statistik_tanaman_buah_2018_v2.pdf,138,1.06
2018,Sabah,Pitas,Pitas,BETIK,BETIK,Papaya,BETIK / Papaya,major,0.4,0.4,8.0,11.3,20.0,statistik_tanaman_buah_2018_v2.pdf,138,18.5428492063492
2018,Sabah,Pitas,Pitas,CEMPEDAK,CEMPEDAK,Cempedak,CEMPEDAK / (Cempedak),major,28.0,28.0,140.0,504.0,5.0,statistik_tanaman_buah_2018_v2.pdf,139,5.080499196369415
2018,Sabah,Pitas,Pitas,CIKU,CIKU,Ciku,CIKU / Sapodilla,major,0.0,0.0,0.0,0.0,0.0,statistik_tanaman_buah_2018_v2.pdf,139,0.0
2018,Sabah,Pitas,Pitas,DOKONG,DOKONG,Dokong,DOKONG / (Dokong),major,0.0,0.0,0.0,0.0,0.0,statistik_tanaman_buah_2018_v2.pdf,140,0.0
2018,Sabah,Pitas,Pitas,DUKU,DUKU,Duku,DUKU / (Duku),major,0.0,0.0,0.0,0.0,0.0,statistik_tanaman_buah_2018_v2.pdf,140,0.0
2018,Sabah,Pitas,Pitas,DURIAN,DURIAN,Durian,DURIAN / (Durian),major,13.0,5.0,20.0,361.6,4.0,statistik_tanaman_buah_2018_v2.pdf,141,4.002732872418586
2018,Sabah,Pitas,Pitas,JAMBU_BATU,JAMBU BATU,Guava,JAMBU BATU / Guava,major,0.0,0.0,0.0,0.0,0.0,statistik_tanaman_buah_2018_v2.pdf,141,0.0
2018,Sabah,Pitas,Pitas,LANGSAT,LANGSAT,Langsat,LANGSAT / (Langsat),major,10.4,10.4,52.0,132.6,5.0,statistik_tanaman_buah_2018_v2.pdf,142,5.154506140724569
2018,Sabah,Pitas,Pitas,LIMAU_BESAR,LIMAU BESAR,Pomelo,LIMAU BESAR / Pomelo,major,0.0,0.0,0.0,0.0,0.0,statistik_tanaman_buah_2018_v2.pdf,142,0.0
2018,Sabah,Pitas,Pitas,LIMAU_MANIS,LIMAU MANIS,Sweet Orange,LIMAU MANIS / Sweet Orange,major,0.0,0.0,0.0,0.0,0.0,statistik_tanaman_buah_2018_v2.pdf,143,0.0
2018,Sabah,Pitas,Pitas,MANGGA,MANGGA,Mango,MANGGA / Mango,major,32.4,32.4,71.3,656.0,2.200617283950617,statistik_tanaman_buah_2018_v2.pdf,143,2.25732185431164
2018,Sabah,Pitas,Pitas,MANGGIS,MANGGIS,Mangosteen,MANGGIS / Mangosteen,major,3.4,0.0,0.0,0.0,0.0,statistik_tanaman_buah_2018_v2.pdf,144,0.0
2018,Sabah,Pitas,Pitas,MATA_NAGA,MATA NAGA,Dragon Fruit,MATA NAGA / Dragon Fruit,major,1.0,1.0,1.8,8.2,1.8,statistik_tanaman_buah_2018_v2.pdf,144,1.8181938339438368
2018,Sabah,Pitas,Pitas,NANAS,NANAS,Pineapple,NANAS / Pineapple,major,12.3,12.0,120.0,223.5,10.0,statistik_tanaman_buah_2018_v2.pdf,145,10.094196816393335
2018,Sabah,Pitas,Pitas,NANGKA,NANGKA,Jackfruit,NANGKA / Jackfruit,major,4.8,0.0,0.0,0.0,0.0,statistik_tanaman_buah_2018_v2.pdf,145,0.0
2018,Sabah,Pitas,Pitas,PISANG,PISANG,Banana,PISANG / Banana,major,177.5,155.7,2230.5,3724.9,14.325626204238922,statistik_tanaman_buah_2018_v2.pdf,146,14.123867254199304
2018,Sabah,Pitas,Pitas,PULASAN,PULASAN,Pulasan,PULASAN / (Pulasan),major,0.0,0.0,0.0,0.0,0.0,statistik_tanaman_buah_2018_v2.pdf,146,0.0
2018,Sabah,Pitas,Pitas,RAMBUTAN,RAMBUTAN,Rambutan,RAMBUTAN / (Rambutan),major,22.0,20.0,160.0,341.3,8.0,statistik_tanaman_buah_2018_v2.pdf,147,7.89209975007565
2018,Sabah,Pitas,Pitas,SALAK,SALAK,Salak,SALAK / (Salak),major,0.0,0.0,0.0,0.0,0.0,statistik_tanaman_buah_2018_v2.pdf,147,0.0
2018,Sabah,Pitas,Pitas,TEMBIKAI,TEMBIKAI,Watermelon,TEMBIKAI / Water-melon,major,0.0,0.0,0.0,0.0,0.0,statistik_tanaman_buah_2018_v2.pdf,148,0.0
2018,Sabah,Putatan,Putatan,BELIMBING,BELIMBING,Starfruit,BELIMBING / Starfruit,major,0.0,0.0,0.0,0.0,0.0,statistik_tanaman_buah_2018_v2.pdf,138,0.0
2018,Sabah,Putatan,Putatan,BETIK,BETIK,Papaya,BETIK / Papaya,major,0.0,0.0,0.0,0.0,0.0,statistik_tanaman_buah_2018_v2.pdf,138,0.0
2018,Sabah,Putatan,Putatan,CEMPEDAK,CEMPEDAK,Cempedak,CEMPEDAK / (Cempedak),major,0.0,0.0,0.0,0.0,0.0,statistik_tanaman_buah_2018_v2.pdf,139,0.0
2018,Sabah,Putatan,Putatan,CIKU,CIKU,Ciku,CIKU / Sapodilla,major,0.0,0.0,0.0,0.0,0.0,statistik_tanaman_buah_2018_v2.pdf,139,0.0
2018,Sabah,Putatan,Putatan,DOKONG,DOKONG,Dokong,DOKONG / (Dokong),major,0.0,0.0,0.0,0.0,0.0,statistik_tanaman_buah_2018_v2.pdf,140,0.0
2018,Sabah,Putatan,Putatan,DUKU,DUKU,Duku,DUKU / (Duku),major,0.0,0.0,0.0,0.0,0.0,statistik_tanaman_buah_2018_v2.pdf,140,0.0
2018,Sabah,Putatan,Putatan,DURIAN,DURIAN,Durian,DURIAN / (Durian),major,0.0,0.0,0.0,0.0,0.0,statistik_tanaman_buah_2018_v2.pdf,141,0.0
2018,Sabah,Putatan,Putatan,JAMBU_BATU,JAMBU BATU,Guava,JAMBU BATU / Guava,major,1.4,1.4,1.3,3.0,0.9285714285714288,statistik_tanaman_buah_2018_v2.pdf,141,0.949373015873014
2018,Sabah,Putatan,Putatan,LANGSAT,LANGSAT,Langsat,LANGSAT / (Langsat),major,0.0,0.0,0.0,0.0,0.0,statistik_tanaman_buah_2018_v2.pdf,142,0.0
2018,Sabah,Putatan,Putatan,LIMAU_BESAR,LIMAU BESAR,Pomelo,LIMAU BESAR / Pomelo,major,0.0,0.0,0.0,0.0,0.0,statistik_tanaman_buah_2018_v2.pdf,142,0.0
2018,Sabah,Putatan,Putatan,LIMAU_MANIS,LIMAU MANIS,Sweet Orange,LIMAU MANIS / Sweet Orange,major,0.0,0.0,0.0,0.0,0.0,statistik_tanaman_buah_2018_v2.pdf,143,0.0
2018,Sabah,Putatan,Putatan,MANGGA,MANGGA,Mango,MANGGA / Mango,major,0.0,0.0,0.0,0.0,0.0,statistik_tanaman_buah_2018_v2.pdf,143,0.0
2018,Sabah,Putatan,Putatan,MANGGIS,MANGGIS,Mangosteen,MANGGIS / Mangosteen,major,0.0,0.0,0.0,0.0,0.0,statistik_tanaman_buah_2018_v2.pdf,144,0.0
2018,Sabah,Putatan,Putatan,MATA_NAGA,MATA NAGA,Dragon Fruit,MATA NAGA / Dragon Fruit,major,0.0,0.0,0.0,0.0,0.0,statistik_tanaman_buah_2018_v2.pdf,144,0.0
2018,Sabah,Putatan,Putatan,NANAS,NANAS,Pineapple,NANAS / Pineapple,major,0.3,0.0,0.0,0.0,0.0,statistik_tanaman_buah_2018_v2.pdf,145,0.0
2018,Sabah,Putatan,Putatan,NANGKA,NANGKA,Jackfruit,NANGKA / Jackfruit,major,0.0,0.0,0.0,0.0,0.0,statistik_tanaman_buah_2018_v2.pdf,145,0.0
2018,Sabah,Putatan,Putatan,PISANG,PISANG,Banana,PISANG / Banana,major,4.0,4.0,35.0,58.5,8.75,statistik_tanaman_buah_2018_v2.pdf,146,8.924107896555196
2018,Sabah,Putatan,Putatan,PULASAN,PULASAN,Pulasan,PULASAN / (Pulasan),major,0.0,0.0,0.0,0.0,0.0,statistik_tanaman_buah_2018_v2.pdf,146,0.0
2018,Sabah,Putatan,Putatan,RAMBUTAN,RAMBUTAN,Rambutan,RAMBUTAN / (Rambutan),major,0.0,0.0,0.0,0.0,0.0,statistik_tanaman_buah_2018_v2.pdf,147,0.0
2018,Sabah,Putatan,Putatan,SALAK,SALAK,Salak,SALAK / (Salak),major,0.0,0.0,0.0,0.0,0.0,statistik_tanaman_buah_2018_v2.pdf,147,0.0
2018,Sabah,Putatan,Putatan,TEMBIKAI,TEMBIKAI,Watermelon,TEMBIKAI / Water-melon,major,0.0,0.0,0.0,0.0,0.0,statistik_tanaman_buah_2018_v2.pdf,148,0.0
2018,Sabah,Ranau,Ranau,BELIMBING,BELIMBING,Starfruit,BELIMBING / Starfruit,major,5.0,5.0,9.5,20.0,1.9,statistik_tanaman_buah_2018_v2.pdf,138,1.8597545957842134
2018,Sabah,Ranau,Ranau,BETIK,BETIK,Papaya,BETIK / Papaya,major,16.0,5.0,172.0,243.7,34.4,statistik_tanaman_buah_2018_v2.pdf,138,26.97188652190879
2018,Sabah,Ranau,Ranau,CEMPEDAK,CEMPEDAK,Cempedak,CEMPEDAK / (Cempedak),major,110.9,15.0,25.0,90.0,1.6666666666666667,statistik_tanaman_buah_2018_v2.pdf,139,1.642316026806625
2018,Sabah,Ranau,Ranau,CIKU,CIKU,Ciku,CIKU / Sapodilla,major,0.0,0.0,0.0,0.0,0.0,statistik_tanaman_buah_2018_v2.pdf,139,0.0
2018,Sabah,Ranau,Ranau,DOKONG,DOKONG,Dokong,DOKONG / (Dokong),major,5.0,5.0,4.5,8.3,0.9,statistik_tanaman_buah_2018_v2.pdf,140,0.9524360728961464
2018,Sabah,Ranau,Ranau,DUKU,DUKU,Duku,DUKU / (Duku),major,6.0,3.2,3.6,5.9,1.125,statistik_tanaman_buah_2018_v2.pdf,140,1.1528639339557842
2018,Sabah,Ranau,Ranau,DURIAN,DURIAN,Durian,DURIAN / (Durian),major,1382.1,72.0,449.0,8117.9,6.236111111111111,statistik_tanaman_buah_2018_v2.pdf,141,6.1862745462231095
2018,Sabah,Ranau,Ranau,JAMBU_BATU,JAMBU BATU,Guava,JAMBU BATU / Guava,major,3.0,3.0,26.5,60.3,8.833333333333334,statistik_tanaman_buah_2018_v2.pdf,141,8.909837745547707
2018,Sabah,Ranau,Ranau,LANGSAT,LANGSAT,Langsat,LANGSAT / (Langsat),major,380.8,12.0,129.0,329.0,10.75,statistik_tanaman_buah_2018_v2.pdf,142,10.028460654979959
2018,Sabah,Ranau,Ranau,LIMAU_BESAR,LIMAU BESAR,Pomelo,LIMAU BESAR / Pomelo,major,5.0,5.0,24.5,52.7,4.9,statistik_tanaman_buah_2018_v2.pdf,142,4.900468370105313
2018,Sabah,Ranau,Ranau,LIMAU_MANIS,LIMAU MANIS,Sweet Orange,LIMAU MANIS / Sweet Orange,major,5.0,5.0,22.5,48.4,4.5,statistik_tanaman_buah_2018_v2.pdf,143,4.43550489157007
2018,Sabah,Ranau,Ranau,MANGGA,MANGGA,Mango,MANGGA / Mango,major,55.3,39.0,170.0,1564.0,4.358974358974359,statistik_tanaman_buah_2018_v2.pdf,143,4.379215213172486
2018,Sabah,Ranau,Ranau,MANGGIS,MANGGIS,Mangosteen,MANGGIS / Mangosteen,major,29.6,2.0,18.0,50.4,9.0,statistik_tanaman_buah_2018_v2.pdf,144,7.433810099748823
2018,Sabah,Ranau,Ranau,MATA_NAGA,MATA NAGA,Dragon Fruit,MATA NAGA / Dragon Fruit,major,0.0,0.0,0.0,0.0,0.0,statistik_tanaman_buah_2018_v2.pdf,144,0.0
2018,Sabah,Ranau,Ranau,NANAS,NANAS,Pineapple,NANAS / Pineapple,major,24.6,23.4,214.0,398.6,9.145299145299148,statistik_tanaman_buah_2018_v2.pdf,145,9.242467112848146
2018,Sabah,Ranau,Ranau,NANGKA,NANGKA,Jackfruit,NANGKA / Jackfruit,major,33.6,33.6,197.0,411.2,5.863095238095238,statistik_tanaman_buah_2018_v2.pdf,145,5.882701777951735
2018,Sabah,Ranau,Ranau,PISANG,PISANG,Banana,PISANG / Banana,major,119.0,111.0,1260.8,2105.5,11.358558558558558,statistik_tanaman_buah_2018_v2.pdf,146,11.43361233346737
2018,Sabah,Ranau,Ranau,PULASAN,PULASAN,Pulasan,PULASAN / (Pulasan),major,0.0,0.0,0.0,0.0,0.0,statistik_tanaman_buah_2018_v2.pdf,146,0.0
2018,Sabah,Ranau,Ranau,RAMBUTAN,RAMBUTAN,Rambutan,RAMBUTAN / (Rambutan),major,188.5,0.0,0.0,0.0,0.0,statistik_tanaman_buah_2018_v2.pdf,147,0.0
2018,Sabah,Ranau,Ranau,SALAK,SALAK,Salak,SALAK / (Salak),major,1.0,1.0,1.0,1.7,1.0,statistik_tanaman_buah_2018_v2.pdf,147,1.0096111111111108
2018,Sabah,Ranau,Ranau,TEMBIKAI,TEMBIKAI,Watermelon,TEMBIKAI / Water-melon,major,1.2,1.2,13.0,17.4,10.833333333333334,statistik_tanaman_buah_2018_v2.pdf,148,10.41776606818247
2018,Sabah,Sandakan,Sandakan,BELIMBING,BELIMBING,Starfruit,BELIMBING / Starfruit,major,5.0,5.0,37.0,77.7,7.4,statistik_tanaman_buah_2018_v2.pdf,138,7.49088088327524
2018,Sabah,Sandakan,Sandakan,BETIK,BETIK,Papaya,BETIK / Papaya,major,3.8,3.8,37.0,52.4,9.736842105263158,statistik_tanaman_buah_2018_v2.pdf,138,9.559620514997198
2018,Sabah,Sandakan,Sandakan,CEMPEDAK,CEMPEDAK,Cempedak,CEMPEDAK / (Cempedak),major,3.0,3.0,23.5,84.6,7.833333333333333,statistik_tanaman_buah_2018_v2.pdf,139,7.842590842548752
2018,Sabah,Sandakan,Sandakan,CIKU,CIKU,Ciku,CIKU / Sapodilla,major,2.8,0.5,4.5,12.8,9.0,statistik_tanaman_buah_2018_v2.pdf,139,8.426191558441563
2018,Sabah,Sandakan,Sandakan,DOKONG,DOKONG,Dokong,DOKONG / (Dokong),major,3.8,3.0,16.0,29.6,5.333333333333333,statistik_tanaman_buah_2018_v2.pdf,140,5.370214391483341
2018,Sabah,Sandakan,Sandakan,DUKU,DUKU,Duku,DUKU / (Duku),major,4.7,3.0,20.0,33.0,6.666666666666667,statistik_tanaman_buah_2018_v2.pdf,140,6.823995450430817
2018,Sabah,Sandakan,Sandakan,DURIAN,DURIAN,Durian,DURIAN / (Durian),major,95.6,80.0,560.0,10124.8,7.0,statistik_tanaman_buah_2018_v2.pdf,141,6.927679861518671
2018,Sabah,Sandakan,Sandakan,JAMBU_BATU,JAMBU BATU,Guava,JAMBU BATU / Guava,major,8.5,8.0,44.0,100.1,5.5,statistik_tanaman_buah_2018_v2.pdf,141,5.621462903372594
2018,Sabah,Sandakan,Sandakan,LANGSAT,LANGSAT,Langsat,LANGSAT / (Langsat),major,50.0,18.0,90.0,229.5,5.0,statistik_tanaman_buah_2018_v2.pdf,142,4.9602578081492
2018,Sabah,Sandakan,Sandakan,LIMAU_BESAR,LIMAU BESAR,Pomelo,LIMAU BESAR / Pomelo,major,7.1,5.0,75.5,162.3,15.1,statistik_tanaman_buah_2018_v2.pdf,142,14.701518008546085
2018,Sabah,Sandakan,Sandakan,LIMAU_MANIS,LIMAU MANIS,Sweet Orange,LIMAU MANIS / Sweet Orange,major,1.5,1.5,20.5,44.1,13.666666666666666,statistik_tanaman_buah_2018_v2.pdf,143,11.840555948351621
2018,Sabah,Sandakan,Sandakan,MANGGA,MANGGA,Mango,MANGGA / Mango,major,110.0,86.0,397.0,3652.4,4.616279069767442,statistik_tanaman_buah_2018_v2.pdf,143,4.681863627733144
2018,Sabah,Sandakan,Sandakan,MANGGIS,MANGGIS,Mangosteen,MANGGIS / Mangosteen,major,28.1,10.0,70.0,196.0,7.0,statistik_tanaman_buah_2018_v2.pdf,144,7.081038752617624
2018,Sabah,Sandakan,Sandakan,MATA_NAGA,MATA NAGA,Dragon Fruit,MATA NAGA / Dragon Fruit,major,5.0,4.0,30.0,136.5,7.5,statistik_tanaman_buah_2018_v2.pdf,144,7.412338458547623
2018,Sabah,Sandakan,Sandakan,NANAS,NANAS,Pineapple,NANAS / Pineapple,major,4.5,2.0,24.0,44.7,12.0,statistik_tanaman_buah_2018_v2.pdf,145,11.288480293195356
2018,Sabah,Sandakan,Sandakan,NANGKA,NANGKA,Jackfruit,NANGKA / Jackfruit,major,7.5,3.5,45.0,93.9,12.857142857142858,statistik_tanaman_buah_2018_v2.pdf,145,11.607919795719784
2018,Sabah,Sandakan,Sandakan,PISANG,PISANG,Banana,PISANG / Banana,major,40.0,36.4,327.5,546.9,8.997252747252748,statistik_tanaman_buah_2018_v2.pdf,146,9.11560685772948
2018,Sabah,Sandakan,Sandakan,PULASAN,PULASAN,Pulasan,PULASAN / (Pulasan),major,0.0,0.0,0.0,0.0,0.0,statistik_tanaman_buah_2018_v2.pdf,146,0.0
2018,Sabah,Sandakan,Sandakan,RAMBUTAN,RAMBUTAN,Rambutan,RAMBUTAN / (Rambutan),major,107.7,100.0,1170.0,2496.0,11.7,statistik_tanaman_buah_2018_v2.pdf,147,11.471138028673671
2018,Sabah,Sandakan,Sandakan,SALAK,SALAK,Salak,SALAK / (Salak),major,60.0,60.0,489.0,831.3,8.15,statistik_tanaman_buah_2018_v2.pdf,147,8.242035713207734
2018,Sabah,Sandakan,Sandakan,TEMBIKAI,TEMBIKAI,Watermelon,TEMBIKAI / Water-melon,major,6.0,6.0,70.0,93.6,11.666666666666666,statistik_tanaman_buah_2018_v2.pdf,148,11.899514520367692
2018,Sabah,Semporna,Semporna,BELIMBING,BELIMBING,Starfruit,BELIMBING / Starfruit,major,0.0,0.0,0.0,0.0,0.0,statistik_tanaman_buah_2018_v2.pdf,138,0.0
2018,Sabah,Semporna,Semporna,BETIK,BETIK,Papaya,BETIK / Papaya,major,5.7,5.0,53.4,75.7,10.68,statistik_tanaman_buah_2018_v2.pdf,138,10.666204531430429
2018,Sabah,Semporna,Semporna,CEMPEDAK,CEMPEDAK,Cempedak,CEMPEDAK / (Cempedak),major,0.0,0.0,0.0,0.0,0.0,statistik_tanaman_buah_2018_v2.pdf,139,0.0
2018,Sabah,Semporna,Semporna,CIKU,CIKU,Ciku,CIKU / Sapodilla,major,0.0,0.0,0.0,0.0,0.0,statistik_tanaman_buah_2018_v2.pdf,139,0.0
2018,Sabah,Semporna,Semporna,DOKONG,DOKONG,Dokong,DOKONG / (Dokong),major,0.0,0.0,0.0,0.0,0.0,statistik_tanaman_buah_2018_v2.pdf,140,0.0
2018,Sabah,Semporna,Semporna,DUKU,DUKU,Duku,DUKU / (Duku),major,0.0,0.0,0.0,0.0,0.0,statistik_tanaman_buah_2018_v2.pdf,140,0.0
2018,Sabah,Semporna,Semporna,DURIAN,DURIAN,Durian,DURIAN / (Durian),major,5.0,1.0,1.5,27.1,1.5,statistik_tanaman_buah_2018_v2.pdf,141,1.4971866096866098
2018,Sabah,Semporna,Semporna,JAMBU_BATU,JAMBU BATU,Guava,JAMBU BATU / Guava,major,29.6,29.6,309.0,703.0,10.43918918918919,statistik_tanaman_buah_2018_v2.pdf,141,10.452281606976934
2018,Sabah,Semporna,Semporna,LANGSAT,LANGSAT,Langsat,LANGSAT / (Langsat),major,18.0,12.0,102.0,260.1,8.5,statistik_tanaman_buah_2018_v2.pdf,142,8.671690423357862
2018,Sabah,Semporna,Semporna,LIMAU_BESAR,LIMAU BESAR,Pomelo,LIMAU BESAR / Pomelo,major,0.0,0.0,0.0,0.0,0.0,statistik_tanaman_buah_2018_v2.pdf,142,0.0
2018,Sabah,Semporna,Semporna,LIMAU_MANIS,LIMAU MANIS,Sweet Orange,LIMAU MANIS / Sweet Orange,major,0.0,0.0,0.0,0.0,0.0,statistik_tanaman_buah_2018_v2.pdf,143,0.0
2018,Sabah,Semporna,Semporna,MANGGA,MANGGA,Mango,MANGGA / Mango,major,75.0,26.0,62.4,574.1,2.4,statistik_tanaman_buah_2018_v2.pdf,143,2.49826761638974
2018,Sabah,Semporna,Semporna,MANGGIS,MANGGIS,Mangosteen,MANGGIS / Mangosteen,major,0.0,0.0,0.0,0.0,0.0,statistik_tanaman_buah_2018_v2.pdf,144,0.0
2018,Sabah,Semporna,Semporna,MATA_NAGA,MATA NAGA,Dragon Fruit,MATA NAGA / Dragon Fruit,major,0.0,0.0,0.0,0.0,0.0,statistik_tanaman_buah_2018_v2.pdf,144,0.0
2018,Sabah,Semporna,Semporna,NANAS,NANAS,Pineapple,NANAS / Pineapple,major,0.0,0.0,0.0,0.0,0.0,statistik_tanaman_buah_2018_v2.pdf,145,0.0
2018,Sabah,Semporna,Semporna,NANGKA,NANGKA,Jackfruit,NANGKA / Jackfruit,major,0.0,0.0,0.0,0.0,0.0,statistik_tanaman_buah_2018_v2.pdf,145,0.0
2018,Sabah,Semporna,Semporna,PISANG,PISANG,Banana,PISANG / Banana,major,117.6,108.7,1368.9,2286.1,12.593376264949402,statistik_tanaman_buah_2018_v2.pdf,146,12.437126307667224
2018,Sabah,Semporna,Semporna,PULASAN,PULASAN,Pulasan,PULASAN / (Pulasan),major,0.0,0.0,0.0,0.0,0.0,statistik_tanaman_buah_2018_v2.pdf,146,0.0
2018,Sabah,Semporna,Semporna,RAMBUTAN,RAMBUTAN,Rambutan,RAMBUTAN / (Rambutan),major,77.5,39.0,221.0,471.5,5.666666666666667,statistik_tanaman_buah_2018_v2.pdf,147,5.640892184411394
2018,Sabah,Semporna,Semporna,SALAK,SALAK,Salak,SALAK / (Salak),major,0.0,0.0,0.0,0.0,0.0,statistik_tanaman_buah_2018_v2.pdf,147,0.0
2018,Sabah,Semporna,Semporna,TEMBIKAI,TEMBIKAI,Watermelon,TEMBIKAI / Water-melon,major,0.0,0.0,0.0,0.0,0.0,statistik_tanaman_buah_2018_v2.pdf,148,0.0
2018,Sabah,Sipitang,Sipitang,BELIMBING,BELIMBING,Starfruit,BELIMBING / Starfruit,major,0.0,0.0,0.0,0.0,0.0,statistik_tanaman_buah_2018_v2.pdf,138,0.0
2018,Sabah,Sipitang,Sipitang,BETIK,BETIK,Papaya,BETIK / Papaya,major,0.0,0.0,0.0,0.0,0.0,statistik_tanaman_buah_2018_v2.pdf,138,0.0
2018,Sabah,Sipitang,Sipitang,CEMPEDAK,CEMPEDAK,Cempedak,CEMPEDAK / (Cempedak),major,213.2,67.1,115.7,416.5,1.7242921013412815,statistik_tanaman_buah_2018_v2.pdf,139,1.9818965902675407
2018,Sabah,Sipitang,Sipitang,CIKU,CIKU,Ciku,CIKU / Sapodilla,major,1.1,0.1,0.3,0.9,3.0,statistik_tanaman_buah_2018_v2.pdf,139,2.6689722222222225
2018,Sabah,Sipitang,Sipitang,DOKONG,DOKONG,Dokong,DOKONG / (Dokong),major,4.6,2.2,9.3,17.2,4.227272727272728,statistik_tanaman_buah_2018_v2.pdf,140,4.314198871933123
2018,Sabah,Sipitang,Sipitang,DUKU,DUKU,Duku,DUKU / (Duku),major,1.4,0.3,1.7,2.8,5.666666666666667,statistik_tanaman_buah_2018_v2.pdf,140,5.55286904761906
2018,Sabah,Sipitang,Sipitang,DURIAN,DURIAN,Durian,DURIAN / (Durian),major,605.8,376.0,2656.7,48033.1,7.0656914893617015,statistik_tanaman_buah_2018_v2.pdf,141,7.233573876307696
2018,Sabah,Sipitang,Sipitang,JAMBU_BATU,JAMBU BATU,Guava,JAMBU BATU / Guava,major,1.3,1.3,12.0,27.3,9.23076923076923,statistik_tanaman_buah_2018_v2.pdf,141,9.154442253824588
2018,Sabah,Sipitang,Sipitang,LANGSAT,LANGSAT,Langsat,LANGSAT / (Langsat),major,87.8,31.6,117.6,299.9,3.721518987341772,statistik_tanaman_buah_2018_v2.pdf,142,3.6919686485853904
2018,Sabah,Sipitang,Sipitang,LIMAU_BESAR,LIMAU BESAR,Pomelo,LIMAU BESAR / Pomelo,major,2.5,0.0,0.0,0.0,0.0,statistik_tanaman_buah_2018_v2.pdf,142,0.0
2018,Sabah,Sipitang,Sipitang,LIMAU_MANIS,LIMAU MANIS,Sweet Orange,LIMAU MANIS / Sweet Orange,major,8.1,8.0,17.6,37.8,2.2,statistik_tanaman_buah_2018_v2.pdf,143,2.2559148506739817
2018,Sabah,Sipitang,Sipitang,MANGGA,MANGGA,Mango,MANGGA / Mango,major,5.0,1.2,2.0,18.4,1.6666666666666667,statistik_tanaman_buah_2018_v2.pdf,143,1.7058123594242065
2018,Sabah,Sipitang,Sipitang,MANGGIS,MANGGIS,Mangosteen,MANGGIS / Mangosteen,major,8.0,2.6,3.0,8.4,1.1538461538461535,statistik_tanaman_buah_2018_v2.pdf,144,1.1380002979118051
2018,Sabah,Sipitang,Sipitang,MATA_NAGA,MATA NAGA,Dragon Fruit,MATA NAGA / Dragon Fruit,major,0.0,0.0,0.0,0.0,0.0,statistik_tanaman_buah_2018_v2.pdf,144,0.0
2018,Sabah,Sipitang,Sipitang,NANAS,NANAS,Pineapple,NANAS / Pineapple,major,14.0,11.1,132.0,245.9,11.891891891891891,statistik_tanaman_buah_2018_v2.pdf,145,11.954231565671789
2018,Sabah,Sipitang,Sipitang,NANGKA,NANGKA,Jackfruit,NANGKA / Jackfruit,major,1.0,0.0,0.0,0.0,0.0,statistik_tanaman_buah_2018_v2.pdf,145,0.0
2018,Sabah,Sipitang,Sipitang,PISANG,PISANG,Banana,PISANG / Banana,major,287.9,275.5,5220.7,8718.6,18.94990925589837,statistik_tanaman_buah_2018_v2.pdf,146,18.869232793444652
2018,Sabah,Sipitang,Sipitang,PULASAN,PULASAN,Pulasan,PULASAN / (Pulasan),major,0.0,0.0,0.0,0.0,0.0,statistik_tanaman_buah_2018_v2.pdf,146,0.0
2018,Sabah,Sipitang,Sipitang,RAMBUTAN,RAMBUTAN,Rambutan,RAMBUTAN / (Rambutan),major,120.0,95.0,332.5,709.3,3.5,statistik_tanaman_buah_2018_v2.pdf,147,3.6123683906483137
2018,Sabah,Sipitang,Sipitang,SALAK,SALAK,Salak,SALAK / (Salak),major,0.0,0.0,0.0,0.0,0.0,statistik_tanaman_buah_2018_v2.pdf,147,0.0
2018,Sabah,Sipitang,Sipitang,TEMBIKAI,TEMBIKAI,Watermelon,TEMBIKAI / Water-melon,major,15.6,15.2,325.9,435.9,21.44078947368421,statistik_tanaman_buah_2018_v2.pdf,148,20.486460937210815
2018,Sabah,Sook,Sook,BELIMBING,BELIMBING,Starfruit,BELIMBING / Starfruit,major,2.9,1.0,8.0,16.8,8.0,statistik_tanaman_buah_2018_v2.pdf,138,8.092901246901247
2018,Sabah,Sook,Sook,BETIK,BETIK,Papaya,BETIK / Papaya,major,13.7,2.0,42.0,59.5,21.0,statistik_tanaman_buah_2018_v2.pdf,138,14.23763615105928
2018,Sabah,Sook,Sook,CEMPEDAK,CEMPEDAK,Cempedak,CEMPEDAK / (Cempedak),major,18.0,0.0,0.0,0.0,0.0,statistik_tanaman_buah_2018_v2.pdf,139,0.0
2018,Sabah,Sook,Sook,CIKU,CIKU,Ciku,CIKU / Sapodilla,major,0.0,0.0,0.0,0.0,0.0,statistik_tanaman_buah_2018_v2.pdf,139,0.0
2018,Sabah,Sook,Sook,DOKONG,DOKONG,Dokong,DOKONG / (Dokong),major,3.0,3.0,3.0,5.6,1.0,statistik_tanaman_buah_2018_v2.pdf,140,1.012909208033346
2018,Sabah,Sook,Sook,DUKU,DUKU,Duku,DUKU / (Duku),major,0.0,0.0,0.0,0.0,0.0,statistik_tanaman_buah_2018_v2.pdf,140,0.0
2018,Sabah,Sook,Sook,DURIAN,DURIAN,Durian,DURIAN / (Durian),major,58.1,20.0,140.0,2531.2,7.0,statistik_tanaman_buah_2018_v2.pdf,141,6.949437759501202
2018,Sabah,Sook,Sook,JAMBU_BATU,JAMBU BATU,Guava,JAMBU BATU / Guava,major,5.0,0.0,0.0,0.0,0.0,statistik_tanaman_buah_2018_v2.pdf,141,0.0
2018,Sabah,Sook,Sook,LANGSAT,LANGSAT,Langsat,LANGSAT / (Langsat),major,20.0,10.0,70.0,178.5,7.0,statistik_tanaman_buah_2018_v2.pdf,142,7.034467691402242
2018,Sabah,Sook,Sook,LIMAU_BESAR,LIMAU BESAR,Pomelo,LIMAU BESAR / Pomelo,major,3.5,0.0,0.0,0.0,0.0,statistik_tanaman_buah_2018_v2.pdf,142,0.0
2018,Sabah,Sook,Sook,LIMAU_MANIS,LIMAU MANIS,Sweet Orange,LIMAU MANIS / Sweet Orange,major,9.6,0.0,0.0,0.0,0.0,statistik_tanaman_buah_2018_v2.pdf,143,0.0
2018,Sabah,Sook,Sook,MANGGA,MANGGA,Mango,MANGGA / Mango,major,10.7,6.0,18.0,165.6,3.0,statistik_tanaman_buah_2018_v2.pdf,143,2.9736259499132713
2018,Sabah,Sook,Sook,MANGGIS,MANGGIS,Mangosteen,MANGGIS / Mangosteen,major,11.7,5.0,35.0,98.0,7.0,statistik_tanaman_buah_2018_v2.pdf,144,7.042385034567692
2018,Sabah,Sook,Sook,MATA_NAGA,MATA NAGA,Dragon Fruit,MATA NAGA / Dragon Fruit,major,2.0,2.0,28.5,129.7,14.25,statistik_tanaman_buah_2018_v2.pdf,144,13.231335860390034
2018,Sabah,Sook,Sook,NANAS,NANAS,Pineapple,NANAS / Pineapple,major,35.7,0.0,0.0,0.0,0.0,statistik_tanaman_buah_2018_v2.pdf,145,0.0
2018,Sabah,Sook,Sook,NANGKA,NANGKA,Jackfruit,NANGKA / Jackfruit,major,14.0,0.0,0.0,0.0,0.0,statistik_tanaman_buah_2018_v2.pdf,145,0.0
2018,Sabah,Sook,Sook,PISANG,PISANG,Banana,PISANG / Banana,major,105.6,16.0,222.0,370.7,13.875,statistik_tanaman_buah_2018_v2.pdf,146,13.332911882040127
2018,Sabah,Sook,Sook,PULASAN,PULASAN,Pulasan,PULASAN / (Pulasan),major,0.0,0.0,0.0,0.0,0.0,statistik_tanaman_buah_2018_v2.pdf,146,0.0
2018,Sabah,Sook,Sook,RAMBUTAN,RAMBUTAN,Rambutan,RAMBUTAN / (Rambutan),major,41.5,20.0,40.0,85.3,2.0,statistik_tanaman_buah_2018_v2.pdf,147,2.0201053517531817
2018,Sabah,Sook,Sook,SALAK,SALAK,Salak,SALAK / (Salak),major,0.0,0.0,0.0,0.0,0.0,statistik_tanaman_buah_2018_v2.pdf,147,0.0
2018,Sabah,Sook,Sook,TEMBIKAI,TEMBIKAI,Watermelon,TEMBIKAI / Water-melon,major,4.0,4.0,60.0,80.3,15.0,statistik_tanaman_buah_2018_v2.pdf,148,14.840990768650556
2018,Sabah,Tambunan,Tambunan,BELIMBING,BELIMBING,Starfruit,BELIMBING / Starfruit,major,0.6,0.6,1.2,2.5,2.0,statistik_tanaman_buah_2018_v2.pdf,138,1.9897619047619048
2018,Sabah,Tambunan,Tambunan,BETIK,BETIK,Papaya,BETIK / Papaya,major,0.4,0.2,1.6,2.3,8.0,statistik_tanaman_buah_2018_v2.pdf,138,7.922222222222222
2018,Sabah,Tambunan,Tambunan,CEMPEDAK,CEMPEDAK,Cempedak,CEMPEDAK / (Cempedak),major,7.3,1.2,1.7,6.1,1.4166666666666667,statistik_tanaman_buah_2018_v2.pdf,139,1.4661628510378548
2018,Sabah,Tambunan,Tambunan,CIKU,CIKU,Ciku,CIKU / Sapodilla,major,0.0,0.0,0.0,0.0,0.0,statistik_tanaman_buah_2018_v2.pdf,139,0.0
2018,Sabah,Tambunan,Tambunan,DOKONG,DOKONG,Dokong,DOKONG / (Dokong),major,0.0,0.0,0.0,0.0,0.0,statistik_tanaman_buah_2018_v2.pdf,140,0.0
2018,Sabah,Tambunan,Tambunan,DUKU,DUKU,Duku,DUKU / (Duku),major,0.0,0.0,0.0,0.0,0.0,statistik_tanaman_buah_2018_v2.pdf,140,0.0
2018,Sabah,Tambunan,Tambunan,DURIAN,DURIAN,Durian,DURIAN / (Durian),major,48.9,21.0,71.0,1283.7,3.380952380952381,statistik_tanaman_buah_2018_v2.pdf,141,3.4009987278993203
2018,Sabah,Tambunan,Tambunan,JAMBU_BATU,JAMBU BATU,Guava,JAMBU BATU / Guava,major,9.0,1.1,4.2,9.6,3.818181818181818,statistik_tanaman_buah_2018_v2.pdf,141,3.791355015355023
2018,Sabah,Tambunan,Tambunan,LANGSAT,LANGSAT,Langsat,LANGSAT / (Langsat),major,4.9,4.5,29.0,74.0,6.444444444444445,statistik_tanaman_buah_2018_v2.pdf,142,6.299185906476949
2018,Sabah,Tambunan,Tambunan,LIMAU_BESAR,LIMAU BESAR,Pomelo,LIMAU BESAR / Pomelo,major,0.7,0.7,7.8,16.8,11.142857142857144,statistik_tanaman_buah_2018_v2.pdf,142,10.735591269841306
2018,Sabah,Tambunan,Tambunan,LIMAU_MANIS,LIMAU MANIS,Sweet Orange,LIMAU MANIS / Sweet Orange,major,2.7,2.0,1.2,2.6,0.6,statistik_tanaman_buah_2018_v2.pdf,143,0.6579959299959283
2018,Sabah,Tambunan,Tambunan,MANGGA,MANGGA,Mango,MANGGA / Mango,major,6.3,6.0,23.5,216.2,3.9166666666666665,statistik_tanaman_buah_2018_v2.pdf,143,3.9125582508044388
2018,Sabah,Tambunan,Tambunan,MANGGIS,MANGGIS,Mangosteen,MANGGIS / Mangosteen,major,5.5,5.5,30.2,84.6,5.490909090909091,statistik_tanaman_buah_2018_v2.pdf,144,5.381373753659105
2018,Sabah,Tambunan,Tambunan,MATA_NAGA,MATA NAGA,Dragon Fruit,MATA NAGA / Dragon Fruit,major,0.2,0.2,0.3,1.4,1.4999999999999998,statistik_tanaman_buah_2018_v2.pdf,144,1.6316666666666664
2018,Sabah,Tambunan,Tambunan,NANAS,NANAS,Pineapple,NANAS / Pineapple,major,48.6,25.0,190.0,353.9,7.6,statistik_tanaman_buah_2018_v2.pdf,145,7.379578612328626
2018,Sabah,Tambunan,Tambunan,NANGKA,NANGKA,Jackfruit,NANGKA / Jackfruit,major,1.6,1.4,13.0,27.1,9.285714285714286,statistik_tanaman_buah_2018_v2.pdf,145,9.262113553113522
2018,Sabah,Tambunan,Tambunan,PISANG,PISANG,Banana,PISANG / Banana,major,33.4,29.0,313.5,523.5,10.810344827586206,statistik_tanaman_buah_2018_v2.pdf,146,10.75616214753027
2018,Sabah,Tambunan,Tambunan,PULASAN,PULASAN,Pulasan,PULASAN / (Pulasan),major,0.0,0.0,0.0,0.0,0.0,statistik_tanaman_buah_2018_v2.pdf,146,0.0
2018,Sabah,Tambunan,Tambunan,RAMBUTAN,RAMBUTAN,Rambutan,RAMBUTAN / (Rambutan),major,14.9,11.0,27.0,57.6,2.4545454545454546,statistik_tanaman_buah_2018_v2.pdf,147,2.459123394042587
2018,Sabah,Tambunan,Tambunan,SALAK,SALAK,Salak,SALAK / (Salak),major,0.0,0.0,0.0,0.0,0.0,statistik_tanaman_buah_2018_v2.pdf,147,0.0
2018,Sabah,Tambunan,Tambunan,TEMBIKAI,TEMBIKAI,Watermelon,TEMBIKAI / Water-melon,major,0.0,0.0,0.0,0.0,0.0,statistik_tanaman_buah_2018_v2.pdf,148,0.0
2018,Sabah,Tawau,Tawau,BELIMBING,BELIMBING,Starfruit,BELIMBING / Starfruit,major,7.0,7.0,83.7,175.8,11.957142857142856,statistik_tanaman_buah_2018_v2.pdf,138,12.101447618371045
2018,Sabah,Tawau,Tawau,BETIK,BETIK,Papaya,BETIK / Papaya,major,8.5,8.5,153.3,217.2,18.03529411764706,statistik_tanaman_buah_2018_v2.pdf,138,18.019330774187942
2018,Sabah,Tawau,Tawau,CEMPEDAK,CEMPEDAK,Cempedak,CEMPEDAK / (Cempedak),major,121.0,67.9,179.2,645.1,2.6391752577319583,statistik_tanaman_buah_2018_v2.pdf,139,2.6765089249516194
2018,Sabah,Tawau,Tawau,CIKU,CIKU,Ciku,CIKU / Sapodilla,major,0.0,0.0,0.0,0.0,0.0,statistik_tanaman_buah_2018_v2.pdf,139,0.0
2018,Sabah,Tawau,Tawau,DOKONG,DOKONG,Dokong,DOKONG / (Dokong),major,16.3,12.7,20.3,37.6,1.5984251968503935,statistik_tanaman_buah_2018_v2.pdf,140,1.6104963269667578
2018,Sabah,Tawau,Tawau,DUKU,DUKU,Duku,DUKU / (Duku),major,0.0,0.0,0.0,0.0,0.0,statistik_tanaman_buah_2018_v2.pdf,140,0.0
2018,Sabah,Tawau,Tawau,DURIAN,DURIAN,Durian,DURIAN / (Durian),major,313.0,259.6,25.6,462.8,0.098613251155624,statistik_tanaman_buah_2018_v2.pdf,141,0.5124795173851203
2018,Sabah,Tawau,Tawau,JAMBU_BATU,JAMBU BATU,Guava,JAMBU BATU / Guava,major,20.0,20.0,290.9,661.8,14.544999999999998,statistik_tanaman_buah_2018_v2.pdf,141,14.640268625864868
2018,Sabah,Tawau,Tawau,LANGSAT,LANGSAT,Langsat,LANGSAT / (Langsat),major,72.0,15.0,13.5,34.4,0.9,statistik_tanaman_buah_2018_v2.pdf,142,0.8979338436431931
2018,Sabah,Tawau,Tawau,LIMAU_BESAR,LIMAU BESAR,Pomelo,LIMAU BESAR / Pomelo,major,15.0,5.0,23.1,49.7,4.62,statistik_tanaman_buah_2018_v2.pdf,142,4.593047145394034
2018,Sabah,Tawau,Tawau,LIMAU_MANIS,LIMAU MANIS,Sweet Orange,LIMAU MANIS / Sweet Orange,major,0.0,0.0,0.0,0.0,0.0,statistik_tanaman_buah_2018_v2.pdf,143,0.0
2018,Sabah,Tawau,Tawau,MANGGA,MANGGA,Mango,MANGGA / Mango,major,145.0,133.0,508.2,4675.4,3.8210526315789473,statistik_tanaman_buah_2018_v2.pdf,143,4.2551984547178385
2018,Sabah,Tawau,Tawau,MANGGIS,MANGGIS,Mangosteen,MANGGIS / Mangosteen,major,55.8,0.0,0.0,0.0,0.0,statistik_tanaman_buah_2018_v2.pdf,144,0.0
2018,Sabah,Tawau,Tawau,MATA_NAGA,MATA NAGA,Dragon Fruit,MATA NAGA / Dragon Fruit,major,0.0,0.0,0.0,0.0,0.0,statistik_tanaman_buah_2018_v2.pdf,144,0.0
2018,Sabah,Tawau,Tawau,NANAS,NANAS,Pineapple,NANAS / Pineapple,major,24.7,22.3,325.9,607.0,14.614349775784753,statistik_tanaman_buah_2018_v2.pdf,145,14.6605032736467
2018,Sabah,Tawau,Tawau,NANGKA,NANGKA,Jackfruit,NANGKA / Jackfruit,major,52.0,46.5,607.0,1267.1,13.053763440860216,statistik_tanaman_buah_2018_v2.pdf,145,13.036541207956972
2018,Sabah,Tawau,Tawau,PISANG,PISANG,Banana,PISANG / Banana,major,183.0,171.2,2553.4,4264.2,14.914719626168226,statistik_tanaman_buah_2018_v2.pdf,146,14.766201275945733
2018,Sabah,Tawau,Tawau,PULASAN,PULASAN,Pulasan,PULASAN / (Pulasan),major,0.0,0.0,0.0,0.0,0.0,statistik_tanaman_buah_2018_v2.pdf,146,0.0
2018,Sabah,Tawau,Tawau,RAMBUTAN,RAMBUTAN,Rambutan,RAMBUTAN / (Rambutan),major,270.0,66.0,484.0,1032.5,7.333333333333333,statistik_tanaman_buah_2018_v2.pdf,147,7.367193083380456
2018,Sabah,Tawau,Tawau,SALAK,SALAK,Salak,SALAK / (Salak),major,68.0,58.0,485.5,825.4,8.370689655172415,statistik_tanaman_buah_2018_v2.pdf,147,8.4169534688625
2018,Sabah,Tawau,Tawau,TEMBIKAI,TEMBIKAI,Watermelon,TEMBIKAI / Water-melon,major,96.1,89.1,1233.9,1650.3,13.84848484848485,statistik_tanaman_buah_2018_v2.pdf,148,13.542469423816367
2018,Sabah,Telupid,Telupid,BELIMBING,BELIMBING,Starfruit,BELIMBING / Starfruit,major,0.0,0.0,0.0,0.0,0.0,statistik_tanaman_buah_2018_v2.pdf,138,0.0
2018,Sabah,Telupid,Telupid,BETIK,BETIK,Papaya,BETIK / Papaya,major,0.0,0.0,0.0,0.0,0.0,statistik_tanaman_buah_2018_v2.pdf,138,0.0
2018,Sabah,Telupid,Telupid,CEMPEDAK,CEMPEDAK,Cempedak,CEMPEDAK / (Cempedak),major,3.0,0.8,1.0,3.6,1.25,statistik_tanaman_buah_2018_v2.pdf,139,1.34590873015873
2018,Sabah,Telupid,Telupid,CIKU,CIKU,Ciku,CIKU / Sapodilla,major,0.0,0.0,0.0,0.0,0.0,statistik_tanaman_buah_2018_v2.pdf,139,0.0
2018,Sabah,Telupid,Telupid,DOKONG,DOKONG,Dokong,DOKONG / (Dokong),major,0.0,0.0,0.0,0.0,0.0,statistik_tanaman_buah_2018_v2.pdf,140,0.0
2018,Sabah,Telupid,Telupid,DUKU,DUKU,Duku,DUKU / (Duku),major,0.0,0.0,0.0,0.0,0.0,statistik_tanaman_buah_2018_v2.pdf,140,0.0
2018,Sabah,Telupid,Telupid,DURIAN,DURIAN,Durian,DURIAN / (Durian),major,36.0,0.0,0.0,0.0,0.0,statistik_tanaman_buah_2018_v2.pdf,141,0.0
2018,Sabah,Telupid,Telupid,JAMBU_BATU,JAMBU BATU,Guava,JAMBU BATU / Guava,major,0.0,0.0,0.0,0.0,0.0,statistik_tanaman_buah_2018_v2.pdf,141,0.0
2018,Sabah,Telupid,Telupid,LANGSAT,LANGSAT,Langsat,LANGSAT / (Langsat),major,4.0,0.0,0.0,0.0,0.0,statistik_tanaman_buah_2018_v2.pdf,142,0.0
2018,Sabah,Telupid,Telupid,LIMAU_BESAR,LIMAU BESAR,Pomelo,LIMAU BESAR / Pomelo,major,0.0,0.0,0.0,0.0,0.0,statistik_tanaman_buah_2018_v2.pdf,142,0.0
2018,Sabah,Telupid,Telupid,LIMAU_MANIS,LIMAU MANIS,Sweet Orange,LIMAU MANIS / Sweet Orange,major,0.0,0.0,0.0,0.0,0.0,statistik_tanaman_buah_2018_v2.pdf,143,0.0
2018,Sabah,Telupid,Telupid,MANGGA,MANGGA,Mango,MANGGA / Mango,major,4.0,1.0,1.8,16.6,1.8,statistik_tanaman_buah_2018_v2.pdf,143,1.7674722222222263
2018,Sabah,Telupid,Telupid,MANGGIS,MANGGIS,Mangosteen,MANGGIS / Mangosteen,major,0.0,0.0,0.0,0.0,0.0,statistik_tanaman_buah_2018_v2.pdf,144,0.0
2018,Sabah,Telupid,Telupid,MATA_NAGA,MATA NAGA,Dragon Fruit,MATA NAGA / Dragon Fruit,major,0.0,0.0,0.0,0.0,0.0,statistik_tanaman_buah_2018_v2.pdf,144,0.0
2018,Sabah,Telupid,Telupid,NANAS,NANAS,Pineapple,NANAS / Pineapple,major,5.0,0.4,2.0,3.7,5.0,statistik_tanaman_buah_2018_v2.pdf,145,5.095750000000001
2018,Sabah,Telupid,Telupid,NANGKA,NANGKA,Jackfruit,NANGKA / Jackfruit,major,1.0,0.9,2.4,5.0,2.6666666666666665,statistik_tanaman_buah_2018_v2.pdf,145,2.6944484126984047
2018,Sabah,Telupid,Telupid,PISANG,PISANG,Banana,PISANG / Banana,major,29.3,15.0,98.5,164.5,6.566666666666666,statistik_tanaman_buah_2018_v2.pdf,146,6.812202580344883
2018,Sabah,Telupid,Telupid,PULASAN,PULASAN,Pulasan,PULASAN / (Pulasan),major,0.0,0.0,0.0,0.0,0.0,statistik_tanaman_buah_2018_v2.pdf,146,0.0
2018,Sabah,Telupid,Telupid,RAMBUTAN,RAMBUTAN,Rambutan,RAMBUTAN / (Rambutan),major,12.0,2.0,5.0,10.7,2.5,statistik_tanaman_buah_2018_v2.pdf,147,2.5082647306397314
2018,Sabah,Telupid,Telupid,SALAK,SALAK,Salak,SALAK / (Salak),major,0.0,0.0,0.0,0.0,0.0,statistik_tanaman_buah_2018_v2.pdf,147,0.0
2018,Sabah,Telupid,Telupid,TEMBIKAI,TEMBIKAI,Watermelon,TEMBIKAI / Water-melon,major,0.8,0.8,7.0,9.4,8.75,statistik_tanaman_buah_2018_v2.pdf,148,9.450353313840159
2018,Sabah,Tenom,Tenom,BELIMBING,BELIMBING,Starfruit,BELIMBING / Starfruit,major,2.6,2.6,22.6,47.5,8.692307692307693,statistik_tanaman_buah_2018_v2.pdf,138,8.803768168330947
2018,Sabah,Tenom,Tenom,BETIK,BETIK,Papaya,BETIK / Papaya,major,106.6,92.2,4208.7,5962.3,45.64750542299349,statistik_tanaman_buah_2018_v2.pdf,138,42.5481256785825
2018,Sabah,Tenom,Tenom,CEMPEDAK,CEMPEDAK,Cempedak,CEMPEDAK / (Cempedak),major,5.8,5.5,118.0,424.8,21.454545454545453,statistik_tanaman_buah_2018_v2.pdf,139,18.362506448023897
2018,Sabah,Tenom,Tenom,CIKU,CIKU,Ciku,CIKU / Sapodilla,major,0.0,0.0,0.0,0.0,0.0,statistik_tanaman_buah_2018_v2.pdf,139,0.0
2018,Sabah,Tenom,Tenom,DOKONG,DOKONG,Dokong,DOKONG / (Dokong),major,10.2,9.2,145.2,268.6,15.782608695652174,statistik_tanaman_buah_2018_v2.pdf,140,15.645296590337068
2018,Sabah,Tenom,Tenom,DUKU,DUKU,Duku,DUKU / (Duku),major,0.0,0.0,0.0,0.0,0.0,statistik_tanaman_buah_2018_v2.pdf,140,0.0
2018,Sabah,Tenom,Tenom,DURIAN,DURIAN,Durian,DURIAN / (Durian),major,131.7,97.6,1163.2,21030.7,11.918032786885249,statistik_tanaman_buah_2018_v2.pdf,141,11.279617919683478
2018,Sabah,Tenom,Tenom,JAMBU_BATU,JAMBU BATU,Guava,JAMBU BATU / Guava,major,40.7,27.5,503.9,1146.4,18.323636363636364,statistik_tanaman_buah_2018_v2.pdf,141,17.98045412459347
2018,Sabah,Tenom,Tenom,LANGSAT,LANGSAT,Langsat,LANGSAT / (Langsat),major,21.2,18.7,437.8,1116.4,23.411764705882355,statistik_tanaman_buah_2018_v2.pdf,142,22.70327305301605
2018,Sabah,Tenom,Tenom,LIMAU_BESAR,LIMAU BESAR,Pomelo,LIMAU BESAR / Pomelo,major,388.3,294.3,6887.9,14809.0,23.40434930343187,statistik_tanaman_buah_2018_v2.pdf,142,23.124873192721736
2018,Sabah,Tenom,Tenom,LIMAU_MANIS,LIMAU MANIS,Sweet Orange,LIMAU MANIS / Sweet Orange,major,4.0,2.5,25.7,55.3,10.28,statistik_tanaman_buah_2018_v2.pdf,143,9.951656509865783
2018,Sabah,Tenom,Tenom,MANGGA,MANGGA,Mango,MANGGA / Mango,major,1.0,0.7,3.2,29.4,4.571428571428572,statistik_tanaman_buah_2018_v2.pdf,143,4.574449735449744
2018,Sabah,Tenom,Tenom,MANGGIS,MANGGIS,Mangosteen,MANGGIS / Mangosteen,major,15.6,13.3,213.9,598.9,16.082706766917294,statistik_tanaman_buah_2018_v2.pdf,144,15.876294560599558
2018,Sabah,Tenom,Tenom,MATA_NAGA,MATA NAGA,Dragon Fruit,MATA NAGA / Dragon Fruit,major,0.0,0.0,0.0,0.0,0.0,statistik_tanaman_buah_2018_v2.pdf,144,0.0
2018,Sabah,Tenom,Tenom,NANAS,NANAS,Pineapple,NANAS / Pineapple,major,1.7,0.0,0.0,0.0,0.0,statistik_tanaman_buah_2018_v2.pdf,145,0.0
2018,Sabah,Tenom,Tenom,NANGKA,NANGKA,Jackfruit,NANGKA / Jackfruit,major,0.0,0.0,0.0,0.0,0.0,statistik_tanaman_buah_2018_v2.pdf,145,0.0
2018,Sabah,Tenom,Tenom,PISANG,PISANG,Banana,PISANG / Banana,major,391.3,345.6,6181.8,10323.6,17.88715277777778,statistik_tanaman_buah_2018_v2.pdf,146,18.182053977244788
2018,Sabah,Tenom,Tenom,PULASAN,PULASAN,Pulasan,PULASAN / (Pulasan),major,0.0,0.0,0.0,0.0,0.0,statistik_tanaman_buah_2018_v2.pdf,146,0.0
2018,Sabah,Tenom,Tenom,RAMBUTAN,RAMBUTAN,Rambutan,RAMBUTAN / (Rambutan),major,3.1,2.8,19.2,41.0,6.857142857142858,statistik_tanaman_buah_2018_v2.pdf,147,6.836716104010943
2018,Sabah,Tenom,Tenom,SALAK,SALAK,Salak,SALAK / (Salak),major,0.0,0.0,0.0,0.0,0.0,statistik_tanaman_buah_2018_v2.pdf,147,0.0
2018,Sabah,Tenom,Tenom,TEMBIKAI,TEMBIKAI,Watermelon,TEMBIKAI / Water-melon,major,0.9,0.9,11.5,15.4,12.777777777777777,statistik_tanaman_buah_2018_v2.pdf,148,13.170176440117643
2018,Sabah,Tongod,Tongod,BELIMBING,BELIMBING,Starfruit,BELIMBING / Starfruit,major,0.0,0.0,0.0,0.0,0.0,statistik_tanaman_buah_2018_v2.pdf,138,0.0
2018,Sabah,Tongod,Tongod,BETIK,BETIK,Papaya,BETIK / Papaya,major,0.0,0.0,0.0,0.0,0.0,statistik_tanaman_buah_2018_v2.pdf,138,0.0
2018,Sabah,Tongod,Tongod,CEMPEDAK,CEMPEDAK,Cempedak,CEMPEDAK / (Cempedak),major,42.9,5.0,10.0,36.0,2.0,statistik_tanaman_buah_2018_v2.pdf,139,2.0118188228438223
2018,Sabah,Tongod,Tongod,CIKU,CIKU,Ciku,CIKU / Sapodilla,major,0.0,0.0,0.0,0.0,0.0,statistik_tanaman_buah_2018_v2.pdf,139,0.0
2018,Sabah,Tongod,Tongod,DOKONG,DOKONG,Dokong,DOKONG / (Dokong),major,0.0,0.0,0.0,0.0,0.0,statistik_tanaman_buah_2018_v2.pdf,140,0.0
2018,Sabah,Tongod,Tongod,DUKU,DUKU,Duku,DUKU / (Duku),major,0.0,0.0,0.0,0.0,0.0,statistik_tanaman_buah_2018_v2.pdf,140,0.0
2018,Sabah,Tongod,Tongod,DURIAN,DURIAN,Durian,DURIAN / (Durian),major,223.7,27.5,60.2,1088.4,2.189090909090909,statistik_tanaman_buah_2018_v2.pdf,141,2.3312842439419788
2018,Sabah,Tongod,Tongod,JAMBU_BATU,JAMBU BATU,Guava,JAMBU BATU / Guava,major,0.0,0.0,0.0,0.0,0.0,statistik_tanaman_buah_2018_v2.pdf,141,0.0
2018,Sabah,Tongod,Tongod,LANGSAT,LANGSAT,Langsat,LANGSAT / (Langsat),major,44.6,4.0,7.5,19.1,1.875,statistik_tanaman_buah_2018_v2.pdf,142,1.9910729392312358
2018,Sabah,Tongod,Tongod,LIMAU_BESAR,LIMAU BESAR,Pomelo,LIMAU BESAR / Pomelo,major,0.0,0.0,0.0,0.0,0.0,statistik_tanaman_buah_2018_v2.pdf,142,0.0
2018,Sabah,Tongod,Tongod,LIMAU_MANIS,LIMAU MANIS,Sweet Orange,LIMAU MANIS / Sweet Orange,major,2.0,0.8,1.9,4.1,2.375,statistik_tanaman_buah_2018_v2.pdf,143,2.6789563492063464
2018,Sabah,Tongod,Tongod,MANGGA,MANGGA,Mango,MANGGA / Mango,major,0.0,0.0,0.0,0.0,0.0,statistik_tanaman_buah_2018_v2.pdf,143,0.0
2018,Sabah,Tongod,Tongod,MANGGIS,MANGGIS,Mangosteen,MANGGIS / Mangosteen,major,0.0,0.0,0.0,0.0,0.0,statistik_tanaman_buah_2018_v2.pdf,144,0.0
2018,Sabah,Tongod,Tongod,MATA_NAGA,MATA NAGA,Dragon Fruit,MATA NAGA / Dragon Fruit,major,0.0,0.0,0.0,0.0,0.0,statistik_tanaman_buah_2018_v2.pdf,144,0.0
2018,Sabah,Tongod,Tongod,NANAS,NANAS,Pineapple,NANAS / Pineapple,major,15.0,11.0,8.8,16.4,0.8,statistik_tanaman_buah_2018_v2.pdf,145,0.8191959356812127
2018,Sabah,Tongod,Tongod,NANGKA,NANGKA,Jackfruit,NANGKA / Jackfruit,major,0.0,0.0,0.0,0.0,0.0,statistik_tanaman_buah_2018_v2.pdf,145,0.0
2018,Sabah,Tongod,Tongod,PISANG,PISANG,Banana,PISANG / Banana,major,23.0,11.0,16.1,26.9,1.4636363636363638,statistik_tanaman_buah_2018_v2.pdf,146,1.5108046621359168
2018,Sabah,Tongod,Tongod,PULASAN,PULASAN,Pulasan,PULASAN / (Pulasan),major,0.0,0.0,0.0,0.0,0.0,statistik_tanaman_buah_2018_v2.pdf,146,0.0
2018,Sabah,Tongod,Tongod,RAMBUTAN,RAMBUTAN,Rambutan,RAMBUTAN / (Rambutan),major,70.7,10.2,19.3,41.2,1.8921568627450984,statistik_tanaman_buah_2018_v2.pdf,147,1.913720426481221
2018,Sabah,Tongod,Tongod,SALAK,SALAK,Salak,SALAK / (Salak),major,0.0,0.0,0.0,0.0,0.0,statistik_tanaman_buah_2018_v2.pdf,147,0.0
2018,Sabah,Tongod,Tongod,TEMBIKAI,TEMBIKAI,Watermelon,TEMBIKAI / Water-melon,major,0.0,0.0,0.0,0.0,0.0,statistik_tanaman_buah_2018_v2.pdf,148,0.0
2018,Sabah,Tuaran,Tuaran,BELIMBING,BELIMBING,Starfruit,BELIMBING / Starfruit,major,1.4,1.4,15.4,32.3,11.000000000000002,statistik_tanaman_buah_2018_v2.pdf,138,10.287153315982248
2018,Sabah,Tuaran,Tuaran,BETIK,BETIK,Papaya,BETIK / Papaya,major,1.0,1.0,17.7,25.1,17.7,statistik_tanaman_buah_2018_v2.pdf,138,16.31604678362573
2018,Sabah,Tuaran,Tuaran,CEMPEDAK,CEMPEDAK,Cempedak,CEMPEDAK / (Cempedak),major,162.6,161.9,2189.9,7883.6,13.526250772081532,statistik_tanaman_buah_2018_v2.pdf,139,12.023002393522315
2018,Sabah,Tuaran,Tuaran,CIKU,CIKU,Ciku,CIKU / Sapodilla,major,0.2,0.2,1.4,4.0,6.999999999999999,statistik_tanaman_buah_2018_v2.pdf,139,7.438444444444446
2018,Sabah,Tuaran,Tuaran,DOKONG,DOKONG,Dokong,DOKONG / (Dokong),major,0.0,0.0,0.0,0.0,0.0,statistik_tanaman_buah_2018_v2.pdf,140,0.0
2018,Sabah,Tuaran,Tuaran,DUKU,DUKU,Duku,DUKU / (Duku),major,0.0,0.0,0.0,0.0,0.0,statistik_tanaman_buah_2018_v2.pdf,140,0.0
2018,Sabah,Tuaran,Tuaran,DURIAN,DURIAN,Durian,DURIAN / (Durian),major,300.1,202.0,1212.0,21913.0,6.0,statistik_tanaman_buah_2018_v2.pdf,141,6.217393419526262
2018,Sabah,Tuaran,Tuaran,JAMBU_BATU,JAMBU BATU,Guava,JAMBU BATU / Guava,major,7.0,7.0,114.0,259.4,16.285714285714285,statistik_tanaman_buah_2018_v2.pdf,141,15.270969730354208
2018,Sabah,Tuaran,Tuaran,LANGSAT,LANGSAT,Langsat,LANGSAT / (Langsat),major,183.6,179.3,1793.0,4572.2,10.0,statistik_tanaman_buah_2018_v2.pdf,142,10.377001447672022
2018,Sabah,Tuaran,Tuaran,LIMAU_BESAR,LIMAU BESAR,Pomelo,LIMAU BESAR / Pomelo,major,0.0,0.0,0.0,0.0,0.0,statistik_tanaman_buah_2018_v2.pdf,142,0.0
2018,Sabah,Tuaran,Tuaran,LIMAU_MANIS,LIMAU MANIS,Sweet Orange,LIMAU MANIS / Sweet Orange,major,0.0,0.0,0.0,0.0,0.0,statistik_tanaman_buah_2018_v2.pdf,143,0.0
2018,Sabah,Tuaran,Tuaran,MANGGA,MANGGA,Mango,MANGGA / Mango,major,150.1,131.0,602.6,5543.9,4.6000000000000005,statistik_tanaman_buah_2018_v2.pdf,143,4.636517230447471
2018,Sabah,Tuaran,Tuaran,MANGGIS,MANGGIS,Mangosteen,MANGGIS / Mangosteen,major,3.5,3.5,38.5,107.8,11.0,statistik_tanaman_buah_2018_v2.pdf,144,11.503009623207666
2018,Sabah,Tuaran,Tuaran,MATA_NAGA,MATA NAGA,Dragon Fruit,MATA NAGA / Dragon Fruit,major,0.0,0.0,0.0,0.0,0.0,statistik_tanaman_buah_2018_v2.pdf,144,0.0
2018,Sabah,Tuaran,Tuaran,NANAS,NANAS,Pineapple,NANAS / Pineapple,major,333.9,325.5,9540.0,17768.3,29.308755760368665,statistik_tanaman_buah_2018_v2.pdf,145,27.63938674477925
2018,Sabah,Tuaran,Tuaran,NANGKA,NANGKA,Jackfruit,NANGKA / Jackfruit,major,26.2,26.0,372.0,776.6,14.307692307692308,statistik_tanaman_buah_2018_v2.pdf,145,14.392668485076975
2018,Sabah,Tuaran,Tuaran,PISANG,PISANG,Banana,PISANG / Banana,major,220.8,195.0,4458.0,7444.9,22.861538461538466,statistik_tanaman_buah_2018_v2.pdf,146,20.76041291675462
2018,Sabah,Tuaran,Tuaran,PULASAN,PULASAN,Pulasan,PULASAN / (Pulasan),major,0.0,0.0,0.0,0.0,0.0,statistik_tanaman_buah_2018_v2.pdf,146,0.0
2018,Sabah,Tuaran,Tuaran,RAMBUTAN,RAMBUTAN,Rambutan,RAMBUTAN / (Rambutan),major,154.4,148.0,1672.0,3566.9,11.297297297297296,statistik_tanaman_buah_2018_v2.pdf,147,11.236531778830203
2018,Sabah,Tuaran,Tuaran,SALAK,SALAK,Salak,SALAK / (Salak),major,0.0,0.0,0.0,0.0,0.0,statistik_tanaman_buah_2018_v2.pdf,147,0.0
2018,Sabah,Tuaran,Tuaran,TEMBIKAI,TEMBIKAI,Watermelon,TEMBIKAI / Water-melon,major,15.0,15.0,328.4,439.2,21.89333333333333,statistik_tanaman_buah_2018_v2.pdf,148,21.248980046732193
2019,Sabah,Beaufort,Beaufort,BELIMBING,BELIMBING,Starfruit,BELIMBING / Starfruit,major,0.0,0.0,0.0,0.0,0.0,statistik_tanaman_buah_2019.pdf,143,0.0
2019,Sabah,Beaufort,Beaufort,BETIK,BETIK,Papaya,BETIK / Papaya,major,0.0,0.0,0.0,0.0,0.0,statistik_tanaman_buah_2019.pdf,143,0.0
2019,Sabah,Beaufort,Beaufort,CEMPEDAK,CEMPEDAK,Cempedak,CEMPEDAK / (Cempedak),major,140.0,75.0,267.3,962.3,3.564,statistik_tanaman_buah_2019.pdf,144,3.575166795257495
2019,Sabah,Beaufort,Beaufort,CIKU,CIKU,Ciku,CIKU / Sapodilla,major,0.0,0.0,0.0,0.0,0.0,statistik_tanaman_buah_2019.pdf,144,0.0
2019,Sabah,Beaufort,Beaufort,DOKONG,DOKONG,Dokong,DOKONG / (Dokong),major,0.5,0.5,3.4,6.3,6.8,statistik_tanaman_buah_2019.pdf,145,6.862119047619023
2019,Sabah,Beaufort,Beaufort,DUKU,DUKU,Duku,DUKU / (Duku),major,10.5,8.0,68.3,112.7,8.5375,statistik_tanaman_buah_2019.pdf,145,8.452507697633896
2019,Sabah,Beaufort,Beaufort,DURIAN,DURIAN,Durian,DURIAN / (Durian),major,210.5,70.8,345.3,6859.1,4.877118644067797,statistik_tanaman_buah_2019.pdf,146,4.928036837018789
2019,Sabah,Beaufort,Beaufort,JAMBU_BATU,JAMBU BATU,Guava,JAMBU BATU / Guava,major,0.0,0.0,0.0,0.0,0.0,statistik_tanaman_buah_2019.pdf,146,0.0
2019,Sabah,Beaufort,Beaufort,LANGSAT,LANGSAT,Langsat,LANGSAT / (Langsat),major,48.0,48.0,296.0,799.2,6.166666666666667,statistik_tanaman_buah_2019.pdf,147,6.510660239070444
2019,Sabah,Beaufort,Beaufort,LIMAU_BESAR,LIMAU BESAR,Pomelo,LIMAU BESAR / Pomelo,major,3.0,3.0,26.0,66.3,8.666666666666666,statistik_tanaman_buah_2019.pdf,147,8.694945725433307
2019,Sabah,Beaufort,Beaufort,LIMAU_MANIS,LIMAU MANIS,Sweet Orange,LIMAU MANIS / Sweet Orange,major,6.4,6.4,24.0,57.6,3.75,statistik_tanaman_buah_2019.pdf,148,3.7435626803295903
2019,Sabah,Beaufort,Beaufort,MANGGA,MANGGA,Mango,MANGGA / Mango,major,32.6,28.0,45.1,323.2,1.6107142857142858,statistik_tanaman_buah_2019.pdf,148,1.6467493582215755
2019,Sabah,Beaufort,Beaufort,MANGGIS,MANGGIS,Mangosteen,MANGGIS / Mangosteen,major,39.7,35.0,233.0,873.8,6.6571428571428575,statistik_tanaman_buah_2019.pdf,149,6.678839982052078
2019,Sabah,Beaufort,Beaufort,MATA_NAGA,MATA NAGA,Dragon Fruit,MATA NAGA / Dragon Fruit,major,0.0,0.0,0.0,0.0,0.0,statistik_tanaman_buah_2019.pdf,149,0.0
2019,Sabah,Beaufort,Beaufort,NANAS,NANAS,Pineapple,NANAS / Pineapple,major,43.9,37.9,270.5,534.2,7.1372031662269135,statistik_tanaman_buah_2019.pdf,150,7.005609182587926
2019,Sabah,Beaufort,Beaufort,NANGKA,NANGKA,Jackfruit,NANGKA / Jackfruit,major,8.0,8.0,51.2,99.8,6.4,statistik_tanaman_buah_2019.pdf,150,6.7037293291704385
2019,Sabah,Beaufort,Beaufort,PISANG,PISANG,Banana,PISANG / Banana,major,49.8,43.8,875.0,1557.5,19.97716894977169,statistik_tanaman_buah_2019.pdf,151,18.527003927396347
2019,Sabah,Beaufort,Beaufort,PULASAN,PULASAN,Pulasan,PULASAN / (Pulasan),major,0.0,0.0,0.0,0.0,0.0,statistik_tanaman_buah_2019.pdf,151,0.0
2019,Sabah,Beaufort,Beaufort,RAMBUTAN,RAMBUTAN,Rambutan,RAMBUTAN / (Rambutan),major,100.2,95.2,580.0,1290.5,6.092436974789916,statistik_tanaman_buah_2019.pdf,152,6.137259035932718
2019,Sabah,Beaufort,Beaufort,SALAK,SALAK,Salak,SALAK / (Salak),major,0.0,0.0,0.0,0.0,0.0,statistik_tanaman_buah_2019.pdf,152,0.0
2019,Sabah,Beaufort,Beaufort,TEMBIKAI,TEMBIKAI,Watermelon,TEMBIKAI / Water-melon,major,24.0,24.0,331.0,488.2,13.791666666666666,statistik_tanaman_buah_2019.pdf,153,14.56443089926971
2019,Sabah,Beluran,Beluran,BELIMBING,BELIMBING,Starfruit,BELIMBING / Starfruit,major,0.0,0.0,0.0,0.0,0.0,statistik_tanaman_buah_2019.pdf,143,0.0
2019,Sabah,Beluran,Beluran,BETIK,BETIK,Papaya,BETIK / Papaya,major,0.0,0.0,0.0,0.0,0.0,statistik_tanaman_buah_2019.pdf,143,0.0
2019,Sabah,Beluran,Beluran,CEMPEDAK,CEMPEDAK,Cempedak,CEMPEDAK / (Cempedak),major,29.5,29.5,170.0,612.0,5.762711864406779,statistik_tanaman_buah_2019.pdf,144,5.694641688336604
2019,Sabah,Beluran,Beluran,CIKU,CIKU,Ciku,CIKU / Sapodilla,major,0.0,0.0,0.0,0.0,0.0,statistik_tanaman_buah_2019.pdf,144,0.0
2019,Sabah,Beluran,Beluran,DOKONG,DOKONG,Dokong,DOKONG / (Dokong),major,0.0,0.0,0.0,0.0,0.0,statistik_tanaman_buah_2019.pdf,145,0.0
2019,Sabah,Beluran,Beluran,DUKU,DUKU,Duku,DUKU / (Duku),major,2.0,0.0,0.0,0.0,0.0,statistik_tanaman_buah_2019.pdf,145,0.0
2019,Sabah,Beluran,Beluran,DURIAN,DURIAN,Durian,DURIAN / (Durian),major,46.4,10.0,92.0,1827.5,9.2,statistik_tanaman_buah_2019.pdf,146,9.145244370417405
2019,Sabah,Beluran,Beluran,JAMBU_BATU,JAMBU BATU,Guava,JAMBU BATU / Guava,major,0.0,0.0,0.0,0.0,0.0,statistik_tanaman_buah_2019.pdf,146,0.0
2019,Sabah,Beluran,Beluran,LANGSAT,LANGSAT,Langsat,LANGSAT / (Langsat),major,40.0,40.0,340.0,918.0,8.5,statistik_tanaman_buah_2019.pdf,147,8.726484828682802
2019,Sabah,Beluran,Beluran,LIMAU_BESAR,LIMAU BESAR,Pomelo,LIMAU BESAR / Pomelo,major,0.8,0.8,8.0,20.4,10.0,statistik_tanaman_buah_2019.pdf,147,10.139797619047622
2019,Sabah,Beluran,Beluran,LIMAU_MANIS,LIMAU MANIS,Sweet Orange,LIMAU MANIS / Sweet Orange,major,1.3,0.8,7.0,16.8,8.75,statistik_tanaman_buah_2019.pdf,148,8.73719413919414
2019,Sabah,Beluran,Beluran,MANGGA,MANGGA,Mango,MANGGA / Mango,major,47.7,10.0,40.0,286.7,4.0,statistik_tanaman_buah_2019.pdf,148,4.104824213424254
2019,Sabah,Beluran,Beluran,MANGGIS,MANGGIS,Mangosteen,MANGGIS / Mangosteen,major,2.0,1.0,11.1,41.6,11.1,statistik_tanaman_buah_2019.pdf,149,11.361730510230476
2019,Sabah,Beluran,Beluran,MATA_NAGA,MATA NAGA,Dragon Fruit,MATA NAGA / Dragon Fruit,major,30.3,0.0,0.0,0.0,0.0,statistik_tanaman_buah_2019.pdf,149,0.0
2019,Sabah,Beluran,Beluran,NANAS,NANAS,Pineapple,NANAS / Pineapple,major,12.2,11.6,156.8,309.7,13.517241379310349,statistik_tanaman_buah_2019.pdf,150,13.383989657394281
2019,Sabah,Beluran,Beluran,NANGKA,NANGKA,Jackfruit,NANGKA / Jackfruit,major,23.0,19.5,347.0,676.7,17.794871794871796,statistik_tanaman_buah_2019.pdf,150,17.507928895435498
2019,Sabah,Beluran,Beluran,PISANG,PISANG,Banana,PISANG / Banana,major,70.7,70.7,1061.0,1888.6,15.007072135785007,statistik_tanaman_buah_2019.pdf,151,15.253687705839766
2019,Sabah,Beluran,Beluran,PULASAN,PULASAN,Pulasan,PULASAN / (Pulasan),major,0.0,0.0,0.0,0.0,0.0,statistik_tanaman_buah_2019.pdf,151,0.0
2019,Sabah,Beluran,Beluran,RAMBUTAN,RAMBUTAN,Rambutan,RAMBUTAN / (Rambutan),major,70.6,69.2,730.0,1624.3,10.549132947976878,statistik_tanaman_buah_2019.pdf,152,10.927149403811246
2019,Sabah,Beluran,Beluran,SALAK,SALAK,Salak,SALAK / (Salak),major,0.0,0.0,0.0,0.0,0.0,statistik_tanaman_buah_2019.pdf,152,0.0
2019,Sabah,Beluran,Beluran,TEMBIKAI,TEMBIKAI,Watermelon,TEMBIKAI / Water-melon,major,0.0,0.0,0.0,0.0,0.0,statistik_tanaman_buah_2019.pdf,153,0.0
2019,Sabah,Keningau,Keningau,BELIMBING,BELIMBING,Starfruit,BELIMBING / Starfruit,major,2.4,0.0,0.0,0.0,0.0,statistik_tanaman_buah_2019.pdf,143,0.0
2019,Sabah,Keningau,Keningau,BETIK,BETIK,Papaya,BETIK / Papaya,major,61.4,61.4,837.2,1342.3,13.635179153094464,statistik_tanaman_buah_2019.pdf,143,15.65790299656443
2019,Sabah,Keningau,Keningau,CEMPEDAK,CEMPEDAK,Cempedak,CEMPEDAK / (Cempedak),major,6.0,2.5,4.8,17.3,1.92,statistik_tanaman_buah_2019.pdf,144,1.8907261476326853
2019,Sabah,Keningau,Keningau,CIKU,CIKU,Ciku,CIKU / Sapodilla,major,1.5,1.2,0.8,2.3,0.6666666666666667,statistik_tanaman_buah_2019.pdf,144,0.6910085470085454
2019,Sabah,Keningau,Keningau,DOKONG,DOKONG,Dokong,DOKONG / (Dokong),major,0.0,0.0,0.0,0.0,0.0,statistik_tanaman_buah_2019.pdf,145,0.0
2019,Sabah,Keningau,Keningau,DUKU,DUKU,Duku,DUKU / (Duku),major,7.0,1.0,2.5,4.1,2.5,statistik_tanaman_buah_2019.pdf,145,2.3884351851851857
2019,Sabah,Keningau,Keningau,DURIAN,DURIAN,Durian,DURIAN / (Durian),major,406.0,141.0,1255.2,24933.7,8.902127659574468,statistik_tanaman_buah_2019.pdf,146,8.37052904986844
2019,Sabah,Keningau,Keningau,JAMBU_BATU,JAMBU BATU,Guava,JAMBU BATU / Guava,major,3.2,3.2,59.6,196.7,18.625,statistik_tanaman_buah_2019.pdf,146,18.563190889740316
2019,Sabah,Keningau,Keningau,LANGSAT,LANGSAT,Langsat,LANGSAT / (Langsat),major,3.2,1.5,4.2,11.3,2.8000000000000003,statistik_tanaman_buah_2019.pdf,147,2.81727527102526
2019,Sabah,Keningau,Keningau,LIMAU_BESAR,LIMAU BESAR,Pomelo,LIMAU BESAR / Pomelo,major,1.6,1.6,4.7,12.0,2.9375,statistik_tanaman_buah_2019.pdf,147,2.8725240638990646
2019,Sabah,Keningau,Keningau,LIMAU_MANIS,LIMAU MANIS,Sweet Orange,LIMAU MANIS / Sweet Orange,major,1.6,1.6,3.0,7.2,1.875,statistik_tanaman_buah_2019.pdf,148,1.9172255853308484
2019,Sabah,Keningau,Keningau,MANGGA,MANGGA,Mango,MANGGA / Mango,major,6.0,5.3,13.0,93.2,2.452830188679245,statistik_tanaman_buah_2019.pdf,148,2.5491643105573094
2019,Sabah,Keningau,Keningau,MANGGIS,MANGGIS,Mangosteen,MANGGIS / Mangosteen,major,8.0,2.5,8.4,31.5,3.3600000000000003,statistik_tanaman_buah_2019.pdf,149,3.42297286641634
2019,Sabah,Keningau,Keningau,MATA_NAGA,MATA NAGA,Dragon Fruit,MATA NAGA / Dragon Fruit,major,2.0,2.0,5.6,25.5,2.8,statistik_tanaman_buah_2019.pdf,149,2.7888595679012287
2019,Sabah,Keningau,Keningau,NANAS,NANAS,Pineapple,NANAS / Pineapple,major,30.5,24.0,279.7,552.4,11.654166666666669,statistik_tanaman_buah_2019.pdf,150,10.732307139283474
2019,Sabah,Keningau,Keningau,NANGKA,NANGKA,Jackfruit,NANGKA / Jackfruit,major,3.0,0.0,0.0,0.0,0.0,statistik_tanaman_buah_2019.pdf,150,0.0
2019,Sabah,Keningau,Keningau,PISANG,PISANG,Banana,PISANG / Banana,major,71.6,65.0,1309.5,2330.9,20.146153846153847,statistik_tanaman_buah_2019.pdf,151,20.140811228384862
2019,Sabah,Keningau,Keningau,PULASAN,PULASAN,Pulasan,PULASAN / (Pulasan),major,0.0,0.0,0.0,0.0,0.0,statistik_tanaman_buah_2019.pdf,151,0.0
2019,Sabah,Keningau,Keningau,RAMBUTAN,RAMBUTAN,Rambutan,RAMBUTAN / (Rambutan),major,19.2,11.5,34.5,76.8,3.0,statistik_tanaman_buah_2019.pdf,152,3.031466558692199
2019,Sabah,Keningau,Keningau,SALAK,SALAK,Salak,SALAK / (Salak),major,0.0,0.0,0.0,0.0,0.0,statistik_tanaman_buah_2019.pdf,152,0.0
2019,Sabah,Keningau,Keningau,TEMBIKAI,TEMBIKAI,Watermelon,TEMBIKAI / Water-melon,major,9.4,9.4,175.5,258.9,18.670212765957444,statistik_tanaman_buah_2019.pdf,153,18.73612625917424
2019,Sabah,Kinabatangan,Kinabatangan,BELIMBING,BELIMBING,Starfruit,BELIMBING / Starfruit,major,0.0,0.0,0.0,0.0,0.0,statistik_tanaman_buah_2019.pdf,143,0.0
2019,Sabah,Kinabatangan,Kinabatangan,BETIK,BETIK,Papaya,BETIK / Papaya,major,0.0,0.0,0.0,0.0,0.0,statistik_tanaman_buah_2019.pdf,143,0.0
2019,Sabah,Kinabatangan,Kinabatangan,CEMPEDAK,CEMPEDAK,Cempedak,CEMPEDAK / (Cempedak),major,7.0,4.5,6.8,24.5,1.511111111111111,statistik_tanaman_buah_2019.pdf,144,1.532137924315493
2019,Sabah,Kinabatangan,Kinabatangan,CIKU,CIKU,Ciku,CIKU / Sapodilla,major,0.0,0.0,0.0,0.0,0.0,statistik_tanaman_buah_2019.pdf,144,0.0
2019,Sabah,Kinabatangan,Kinabatangan,DOKONG,DOKONG,Dokong,DOKONG / (Dokong),major,0.0,0.0,0.0,0.0,0.0,statistik_tanaman_buah_2019.pdf,145,0.0
2019,Sabah,Kinabatangan,Kinabatangan,DUKU,DUKU,Duku,DUKU / (Duku),major,4.4,1.0,0.2,0.3,0.2,statistik_tanaman_buah_2019.pdf,145,0.2618888888888901
2019,Sabah,Kinabatangan,Kinabatangan,DURIAN,DURIAN,Durian,DURIAN / (Durian),major,121.4,42.0,373.0,7409.4,8.880952380952381,statistik_tanaman_buah_2019.pdf,146,8.68934114187751
2019,Sabah,Kinabatangan,Kinabatangan,JAMBU_BATU,JAMBU BATU,Guava,JAMBU BATU / Guava,major,0.0,0.0,0.0,0.0,0.0,statistik_tanaman_buah_2019.pdf,146,0.0
2019,Sabah,Kinabatangan,Kinabatangan,LANGSAT,LANGSAT,Langsat,LANGSAT / (Langsat),major,8.4,3.0,3.0,8.1,1.0,statistik_tanaman_buah_2019.pdf,147,1.0045690516755428
2019,Sabah,Kinabatangan,Kinabatangan,LIMAU_BESAR,LIMAU BESAR,Pomelo,LIMAU BESAR / Pomelo,major,0.0,0.0,0.0,0.0,0.0,statistik_tanaman_buah_2019.pdf,147,0.0
2019,Sabah,Kinabatangan,Kinabatangan,LIMAU_MANIS,LIMAU MANIS,Sweet Orange,LIMAU MANIS / Sweet Orange,major,0.0,0.0,0.0,0.0,0.0,statistik_tanaman_buah_2019.pdf,148,0.0
2019,Sabah,Kinabatangan,Kinabatangan,MANGGA,MANGGA,Mango,MANGGA / Mango,major,5.8,5.5,9.0,64.5,1.6363636363636365,statistik_tanaman_buah_2019.pdf,148,1.6696609626377024
2019,Sabah,Kinabatangan,Kinabatangan,MANGGIS,MANGGIS,Mangosteen,MANGGIS / Mangosteen,major,0.0,0.0,0.0,0.0,0.0,statistik_tanaman_buah_2019.pdf,149,0.0
2019,Sabah,Kinabatangan,Kinabatangan,MATA_NAGA,MATA NAGA,Dragon Fruit,MATA NAGA / Dragon Fruit,major,0.0,0.0,0.0,0.0,0.0,statistik_tanaman_buah_2019.pdf,149,0.0
2019,Sabah,Kinabatangan,Kinabatangan,NANAS,NANAS,Pineapple,NANAS / Pineapple,major,2.4,2.0,2.5,4.9,1.25,statistik_tanaman_buah_2019.pdf,150,1.2353143838130678
2019,Sabah,Kinabatangan,Kinabatangan,NANGKA,NANGKA,Jackfruit,NANGKA / Jackfruit,major,53.0,5.0,5.0,9.8,1.0,statistik_tanaman_buah_2019.pdf,150,0.9629256072905912
2019,Sabah,Kinabatangan,Kinabatangan,PISANG,PISANG,Banana,PISANG / Banana,major,26.0,22.0,349.0,621.2,15.863636363636363,statistik_tanaman_buah_2019.pdf,151,15.702313004258233
2019,Sabah,Kinabatangan,Kinabatangan,PULASAN,PULASAN,Pulasan,PULASAN / (Pulasan),major,0.0,0.0,0.0,0.0,0.0,statistik_tanaman_buah_2019.pdf,151,0.0
2019,Sabah,Kinabatangan,Kinabatangan,RAMBUTAN,RAMBUTAN,Rambutan,RAMBUTAN / (Rambutan),major,28.4,10.0,8.0,17.8,0.8,statistik_tanaman_buah_2019.pdf,152,0.8144640541702862
2019,Sabah,Kinabatangan,Kinabatangan,SALAK,SALAK,Salak,SALAK / (Salak),major,0.0,0.0,0.0,0.0,0.0,statistik_tanaman_buah_2019.pdf,152,0.0
2019,Sabah,Kinabatangan,Kinabatangan,TEMBIKAI,TEMBIKAI,Watermelon,TEMBIKAI / Water-melon,major,1.7,1.7,20.8,30.7,12.23529411764706,statistik_tanaman_buah_2019.pdf,153,11.814839316428273
2019,Sabah,Kota Belud,Kota Belud,BELIMBING,BELIMBING,Starfruit,BELIMBING / Starfruit,major,6.5,6.5,34.0,86.7,5.230769230769231,statistik_tanaman_buah_2019.pdf,143,5.161031940050713
2019,Sabah,Kota Belud,Kota Belud,BETIK,BETIK,Papaya,BETIK / Papaya,major,9.7,9.0,147.5,236.5,16.38888888888889,statistik_tanaman_buah_2019.pdf,143,16.146740967116056
2019,Sabah,Kota Belud,Kota Belud,CEMPEDAK,CEMPEDAK,Cempedak,CEMPEDAK / (Cempedak),major,124.0,5.0,43.0,154.8,8.6,statistik_tanaman_buah_2019.pdf,144,8.560445168738786
2019,Sabah,Kota Belud,Kota Belud,CIKU,CIKU,Ciku,CIKU / Sapodilla,major,2.5,2.5,18.0,51.3,7.2,statistik_tanaman_buah_2019.pdf,144,7.201845895040636
2019,Sabah,Kota Belud,Kota Belud,DOKONG,DOKONG,Dokong,DOKONG / (Dokong),major,0.5,0.5,0.8,1.5,1.6,statistik_tanaman_buah_2019.pdf,145,1.6176904761904813
2019,Sabah,Kota Belud,Kota Belud,DUKU,DUKU,Duku,DUKU / (Duku),major,1.0,1.0,2.9,4.8,2.9,statistik_tanaman_buah_2019.pdf,145,2.90288888888888
2019,Sabah,Kota Belud,Kota Belud,DURIAN,DURIAN,Durian,DURIAN / (Durian),major,244.0,120.0,960.0,19069.7,8.0,statistik_tanaman_buah_2019.pdf,146,8.014017072480213
2019,Sabah,Kota Belud,Kota Belud,JAMBU_BATU,JAMBU BATU,Guava,JAMBU BATU / Guava,major,1.8,1.8,8.8,29.0,4.888888888888889,statistik_tanaman_buah_2019.pdf,146,4.927305907932238
2019,Sabah,Kota Belud,Kota Belud,LANGSAT,LANGSAT,Langsat,LANGSAT / (Langsat),major,113.0,67.8,546.8,1476.4,8.064896755162241,statistik_tanaman_buah_2019.pdf,147,8.110773090693932
2019,Sabah,Kota Belud,Kota Belud,LIMAU_BESAR,LIMAU BESAR,Pomelo,LIMAU BESAR / Pomelo,major,3.0,3.0,24.0,61.2,8.0,statistik_tanaman_buah_2019.pdf,147,8.038200167084375
2019,Sabah,Kota Belud,Kota Belud,LIMAU_MANIS,LIMAU MANIS,Sweet Orange,LIMAU MANIS / Sweet Orange,major,0.0,0.0,0.0,0.0,0.0,statistik_tanaman_buah_2019.pdf,148,0.0
2019,Sabah,Kota Belud,Kota Belud,MANGGA,MANGGA,Mango,MANGGA / Mango,major,159.2,156.0,550.0,3941.7,3.525641025641025,statistik_tanaman_buah_2019.pdf,148,3.637139577837273
2019,Sabah,Kota Belud,Kota Belud,MANGGIS,MANGGIS,Mangosteen,MANGGIS / Mangosteen,major,10.5,6.0,30.0,112.5,5.0,statistik_tanaman_buah_2019.pdf,149,4.962929189468807
2019,Sabah,Kota Belud,Kota Belud,MATA_NAGA,MATA NAGA,Dragon Fruit,MATA NAGA / Dragon Fruit,major,5.0,5.0,10.0,45.5,2.0,statistik_tanaman_buah_2019.pdf,149,1.971268686868688
2019,Sabah,Kota Belud,Kota Belud,NANAS,NANAS,Pineapple,NANAS / Pineapple,major,221.2,198.0,3105.0,6132.4,15.681818181818182,statistik_tanaman_buah_2019.pdf,150,14.61312217922018
2019,Sabah,Kota Belud,Kota Belud,NANGKA,NANGKA,Jackfruit,NANGKA / Jackfruit,major,47.0,20.0,300.0,585.0,15.0,statistik_tanaman_buah_2019.pdf,150,15.011077668314478
2019,Sabah,Kota Belud,Kota Belud,PISANG,PISANG,Banana,PISANG / Banana,major,708.5,650.0,10558.0,18793.2,16.243076923076924,statistik_tanaman_buah_2019.pdf,151,15.230643158274859
2019,Sabah,Kota Belud,Kota Belud,PULASAN,PULASAN,Pulasan,PULASAN / (Pulasan),major,0.0,0.0,0.0,0.0,0.0,statistik_tanaman_buah_2019.pdf,151,0.0
2019,Sabah,Kota Belud,Kota Belud,RAMBUTAN,RAMBUTAN,Rambutan,RAMBUTAN / (Rambutan),major,140.5,85.0,609.8,1356.8,7.174117647058823,statistik_tanaman_buah_2019.pdf,152,7.142906374635094
2019,Sabah,Kota Belud,Kota Belud,SALAK,SALAK,Salak,SALAK / (Salak),major,0.0,0.0,0.0,0.0,0.0,statistik_tanaman_buah_2019.pdf,152,0.0
2019,Sabah,Kota Belud,Kota Belud,TEMBIKAI,TEMBIKAI,Watermelon,TEMBIKAI / Water-melon,major,4.5,4.5,85.5,126.1,19.0,statistik_tanaman_buah_2019.pdf,153,18.34846521313957
2019,Sabah,Kota Kinabalu,Kota Kinabalu,BELIMBING,BELIMBING,Starfruit,BELIMBING / Starfruit,major,0.0,0.0,0.0,0.0,0.0,statistik_tanaman_buah_2019.pdf,143,0.0
2019,Sabah,Kota Kinabalu,Kota Kinabalu,BETIK,BETIK,Papaya,BETIK / Papaya,major,0.0,0.0,0.0,0.0,0.0,statistik_tanaman_buah_2019.pdf,143,0.0
2019,Sabah,Kota Kinabalu,Kota Kinabalu,CEMPEDAK,CEMPEDAK,Cempedak,CEMPEDAK / (Cempedak),major,3.1,2.9,14.5,52.2,5.0,statistik_tanaman_buah_2019.pdf,144,5.2751472513278514
2019,Sabah,Kota Kinabalu,Kota Kinabalu,CIKU,CIKU,Ciku,CIKU / Sapodilla,major,0.0,0.0,0.0,0.0,0.0,statistik_tanaman_buah_2019.pdf,144,0.0
2019,Sabah,Kota Kinabalu,Kota Kinabalu,DOKONG,DOKONG,Dokong,DOKONG / (Dokong),major,0.0,0.0,0.0,0.0,0.0,statistik_tanaman_buah_2019.pdf,145,0.0
2019,Sabah,Kota Kinabalu,Kota Kinabalu,DUKU,DUKU,Duku,DUKU / (Duku),major,1.7,1.6,8.0,13.2,5.0,statistik_tanaman_buah_2019.pdf,145,5.234000567085706
2019,Sabah,Kota Kinabalu,Kota Kinabalu,DURIAN,DURIAN,Durian,DURIAN / (Durian),major,50.6,20.0,196.0,3893.4,9.8,statistik_tanaman_buah_2019.pdf,146,9.739222822751847
2019,Sabah,Kota Kinabalu,Kota Kinabalu,JAMBU_BATU,JAMBU BATU,Guava,JAMBU BATU / Guava,major,0.0,0.0,0.0,0.0,0.0,statistik_tanaman_buah_2019.pdf,146,0.0
2019,Sabah,Kota Kinabalu,Kota Kinabalu,LANGSAT,LANGSAT,Langsat,LANGSAT / (Langsat),major,12.6,10.0,72.0,194.4,7.2,statistik_tanaman_buah_2019.pdf,147,7.216395027366416
2019,Sabah,Kota Kinabalu,Kota Kinabalu,LIMAU_BESAR,LIMAU BESAR,Pomelo,LIMAU BESAR / Pomelo,major,0.0,0.0,0.0,0.0,0.0,statistik_tanaman_buah_2019.pdf,147,0.0
2019,Sabah,Kota Kinabalu,Kota Kinabalu,LIMAU_MANIS,LIMAU MANIS,Sweet Orange,LIMAU MANIS / Sweet Orange,major,0.0,0.0,0.0,0.0,0.0,statistik_tanaman_buah_2019.pdf,148,0.0
2019,Sabah,Kota Kinabalu,Kota Kinabalu,MANGGA,MANGGA,Mango,MANGGA / Mango,major,0.3,0.3,0.6,4.3,2.0,statistik_tanaman_buah_2019.pdf,148,2.1575555555555557
2019,Sabah,Kota Kinabalu,Kota Kinabalu,MANGGIS,MANGGIS,Mangosteen,MANGGIS / Mangosteen,major,6.5,6.0,44.0,165.0,7.333333333333333,statistik_tanaman_buah_2019.pdf,149,7.33933116615496
2019,Sabah,Kota Kinabalu,Kota Kinabalu,MATA_NAGA,MATA NAGA,Dragon Fruit,MATA NAGA / Dragon Fruit,major,0.1,0.1,0.1,0.5,1.0,statistik_tanaman_buah_2019.pdf,149,1.0216666666666667
2019,Sabah,Kota Kinabalu,Kota Kinabalu,NANAS,NANAS,Pineapple,NANAS / Pineapple,major,12.1,9.0,86.4,170.6,9.6,statistik_tanaman_buah_2019.pdf,150,10.118534116128735
2019,Sabah,Kota Kinabalu,Kota Kinabalu,NANGKA,NANGKA,Jackfruit,NANGKA / Jackfruit,major,1.5,1.0,9.3,18.1,9.3,statistik_tanaman_buah_2019.pdf,150,9.284112794612811
2019,Sabah,Kota Kinabalu,Kota Kinabalu,PISANG,PISANG,Banana,PISANG / Banana,major,0.0,0.0,0.0,0.0,0.0,statistik_tanaman_buah_2019.pdf,151,0.0
2019,Sabah,Kota Kinabalu,Kota Kinabalu,PULASAN,PULASAN,Pulasan,PULASAN / (Pulasan),major,0.0,0.0,0.0,0.0,0.0,statistik_tanaman_buah_2019.pdf,151,0.0
2019,Sabah,Kota Kinabalu,Kota Kinabalu,RAMBUTAN,RAMBUTAN,Rambutan,RAMBUTAN / (Rambutan),major,6.5,6.5,51.0,113.5,7.846153846153846,statistik_tanaman_buah_2019.pdf,152,7.882658442256098
2019,Sabah,Kota Kinabalu,Kota Kinabalu,SALAK,SALAK,Salak,SALAK / (Salak),major,0.0,0.0,0.0,0.0,0.0,statistik_tanaman_buah_2019.pdf,152,0.0
2019,Sabah,Kota Kinabalu,Kota Kinabalu,TEMBIKAI,TEMBIKAI,Watermelon,TEMBIKAI / Water-melon,major,0.0,0.0,0.0,0.0,0.0,statistik_tanaman_buah_2019.pdf,153,0.0
2019,Sabah,Kota Marudu,Kota Marudu,BELIMBING,BELIMBING,Starfruit,BELIMBING / Starfruit,major,0.6,0.6,1.5,3.8,2.5,statistik_tanaman_buah_2019.pdf,143,3.132383597883599
2019,Sabah,Kota Marudu,Kota Marudu,BETIK,BETIK,Papaya,BETIK / Papaya,major,1.3,0.6,1.9,3.0,3.1666666666666665,statistik_tanaman_buah_2019.pdf,143,3.096555555555548
2019,Sabah,Kota Marudu,Kota Marudu,CEMPEDAK,CEMPEDAK,Cempedak,CEMPEDAK / (Cempedak),major,12.4,2.0,10.0,36.0,5.0,statistik_tanaman_buah_2019.pdf,144,4.800638715487015
2019,Sabah,Kota Marudu,Kota Marudu,CIKU,CIKU,Ciku,CIKU / Sapodilla,major,0.4,0.3,0.8,2.3,2.666666666666667,statistik_tanaman_buah_2019.pdf,144,2.6125555555555504
2019,Sabah,Kota Marudu,Kota Marudu,DOKONG,DOKONG,Dokong,DOKONG / (Dokong),major,0.0,0.0,0.0,0.0,0.0,statistik_tanaman_buah_2019.pdf,145,0.0
2019,Sabah,Kota Marudu,Kota Marudu,DUKU,DUKU,Duku,DUKU / (Duku),major,5.0,3.0,10.2,16.8,3.4,statistik_tanaman_buah_2019.pdf,145,3.382844731247885
2019,Sabah,Kota Marudu,Kota Marudu,DURIAN,DURIAN,Durian,DURIAN / (Durian),major,80.5,50.5,255.0,5065.4,5.0495049504950495,statistik_tanaman_buah_2019.pdf,146,5.157518407142592
2019,Sabah,Kota Marudu,Kota Marudu,JAMBU_BATU,JAMBU BATU,Guava,JAMBU BATU / Guava,major,0.0,0.0,0.0,0.0,0.0,statistik_tanaman_buah_2019.pdf,146,0.0
2019,Sabah,Kota Marudu,Kota Marudu,LANGSAT,LANGSAT,Langsat,LANGSAT / (Langsat),major,24.2,19.0,136.0,367.2,7.157894736842105,statistik_tanaman_buah_2019.pdf,147,7.142617600487498
2019,Sabah,Kota Marudu,Kota Marudu,LIMAU_BESAR,LIMAU BESAR,Pomelo,LIMAU BESAR / Pomelo,major,2.2,0.8,7.4,18.9,9.25,statistik_tanaman_buah_2019.pdf,147,9.14899470899471
2019,Sabah,Kota Marudu,Kota Marudu,LIMAU_MANIS,LIMAU MANIS,Sweet Orange,LIMAU MANIS / Sweet Orange,major,2.7,0.8,3.2,7.7,4.0,statistik_tanaman_buah_2019.pdf,148,4.017240907240907
2019,Sabah,Kota Marudu,Kota Marudu,MANGGA,MANGGA,Mango,MANGGA / Mango,major,15.7,7.7,21.6,154.8,2.805194805194805,statistik_tanaman_buah_2019.pdf,148,2.863282818336914
2019,Sabah,Kota Marudu,Kota Marudu,MANGGIS,MANGGIS,Mangosteen,MANGGIS / Mangosteen,major,10.0,0.4,0.8,3.0,2.0,statistik_tanaman_buah_2019.pdf,149,2.225484126984129
2019,Sabah,Kota Marudu,Kota Marudu,MATA_NAGA,MATA NAGA,Dragon Fruit,MATA NAGA / Dragon Fruit,major,0.0,0.0,0.0,0.0,0.0,statistik_tanaman_buah_2019.pdf,149,0.0
2019,Sabah,Kota Marudu,Kota Marudu,NANAS,NANAS,Pineapple,NANAS / Pineapple,major,4.1,2.0,12.7,25.1,6.35,statistik_tanaman_buah_2019.pdf,150,6.441598714254422
2019,Sabah,Kota Marudu,Kota Marudu,NANGKA,NANGKA,Jackfruit,NANGKA / Jackfruit,major,13.0,0.0,0.0,0.0,0.0,statistik_tanaman_buah_2019.pdf,150,0.0
2019,Sabah,Kota Marudu,Kota Marudu,PISANG,PISANG,Banana,PISANG / Banana,major,351.5,339.1,5314.4,9459.6,15.672073134768503,statistik_tanaman_buah_2019.pdf,151,15.484165595841107
2019,Sabah,Kota Marudu,Kota Marudu,PULASAN,PULASAN,Pulasan,PULASAN / (Pulasan),major,0.0,0.0,0.0,0.0,0.0,statistik_tanaman_buah_2019.pdf,151,0.0
2019,Sabah,Kota Marudu,Kota Marudu,RAMBUTAN,RAMBUTAN,Rambutan,RAMBUTAN / (Rambutan),major,21.7,0.0,0.0,0.0,0.0,statistik_tanaman_buah_2019.pdf,152,0.0
2019,Sabah,Kota Marudu,Kota Marudu,SALAK,SALAK,Salak,SALAK / (Salak),major,0.0,0.0,0.0,0.0,0.0,statistik_tanaman_buah_2019.pdf,152,0.0
2019,Sabah,Kota Marudu,Kota Marudu,TEMBIKAI,TEMBIKAI,Watermelon,TEMBIKAI / Water-melon,major,3.2,3.2,28.5,42.0,8.90625,statistik_tanaman_buah_2019.pdf,153,8.911361710463535
2019,Sabah,Kuala Penyu,Kuala Penyu,BELIMBING,BELIMBING,Starfruit,BELIMBING / Starfruit,major,0.0,0.0,0.0,0.0,0.0,statistik_tanaman_buah_2019.pdf,143,0.0
2019,Sabah,Kuala Penyu,Kuala Penyu,BETIK,BETIK,Papaya,BETIK / Papaya,major,0.0,0.0,0.0,0.0,0.0,statistik_tanaman_buah_2019.pdf,143,0.0
2019,Sabah,Kuala Penyu,Kuala Penyu,CEMPEDAK,CEMPEDAK,Cempedak,CEMPEDAK / (Cempedak),major,4.5,2.1,3.0,10.8,1.4285714285714286,statistik_tanaman_buah_2019.pdf,144,1.455414036675252
2019,Sabah,Kuala Penyu,Kuala Penyu,CIKU,CIKU,Ciku,CIKU / Sapodilla,major,0.0,0.0,0.0,0.0,0.0,statistik_tanaman_buah_2019.pdf,144,0.0
2019,Sabah,Kuala Penyu,Kuala Penyu,DOKONG,DOKONG,Dokong,DOKONG / (Dokong),major,0.0,0.0,0.0,0.0,0.0,statistik_tanaman_buah_2019.pdf,145,0.0
2019,Sabah,Kuala Penyu,Kuala Penyu,DUKU,DUKU,Duku,DUKU / (Duku),major,0.0,0.0,0.0,0.0,0.0,statistik_tanaman_buah_2019.pdf,145,0.0
2019,Sabah,Kuala Penyu,Kuala Penyu,DURIAN,DURIAN,Durian,DURIAN / (Durian),major,32.5,9.0,24.0,476.7,2.6666666666666665,statistik_tanaman_buah_2019.pdf,146,2.7115520009796565
2019,Sabah,Kuala Penyu,Kuala Penyu,JAMBU_BATU,JAMBU BATU,Guava,JAMBU BATU / Guava,major,0.0,0.0,0.0,0.0,0.0,statistik_tanaman_buah_2019.pdf,146,0.0
2019,Sabah,Kuala Penyu,Kuala Penyu,LANGSAT,LANGSAT,Langsat,LANGSAT / (Langsat),major,0.0,0.0,0.0,0.0,0.0,statistik_tanaman_buah_2019.pdf,147,0.0
2019,Sabah,Kuala Penyu,Kuala Penyu,LIMAU_BESAR,LIMAU BESAR,Pomelo,LIMAU BESAR / Pomelo,major,0.0,0.0,0.0,0.0,0.0,statistik_tanaman_buah_2019.pdf,147,0.0
2019,Sabah,Kuala Penyu,Kuala Penyu,LIMAU_MANIS,LIMAU MANIS,Sweet Orange,LIMAU MANIS / Sweet Orange,major,0.0,0.0,0.0,0.0,0.0,statistik_tanaman_buah_2019.pdf,148,0.0
2019,Sabah,Kuala Penyu,Kuala Penyu,MANGGA,MANGGA,Mango,MANGGA / Mango,major,147.3,18.2,30.3,217.2,1.664835164835165,statistik_tanaman_buah_2019.pdf,148,1.6936288815599072
2019,Sabah,Kuala Penyu,Kuala Penyu,MANGGIS,MANGGIS,Mangosteen,MANGGIS / Mangosteen,major,0.0,0.0,0.0,0.0,0.0,statistik_tanaman_buah_2019.pdf,149,0.0
2019,Sabah,Kuala Penyu,Kuala Penyu,MATA_NAGA,MATA NAGA,Dragon Fruit,MATA NAGA / Dragon Fruit,major,0.0,0.0,0.0,0.0,0.0,statistik_tanaman_buah_2019.pdf,149,0.0
2019,Sabah,Kuala Penyu,Kuala Penyu,NANAS,NANAS,Pineapple,NANAS / Pineapple,major,0.0,0.0,0.0,0.0,0.0,statistik_tanaman_buah_2019.pdf,150,0.0
2019,Sabah,Kuala Penyu,Kuala Penyu,NANGKA,NANGKA,Jackfruit,NANGKA / Jackfruit,major,0.0,0.0,0.0,0.0,0.0,statistik_tanaman_buah_2019.pdf,150,0.0
2019,Sabah,Kuala Penyu,Kuala Penyu,PISANG,PISANG,Banana,PISANG / Banana,major,30.1,19.4,101.4,180.5,5.226804123711341,statistik_tanaman_buah_2019.pdf,151,5.243990620611203
2019,Sabah,Kuala Penyu,Kuala Penyu,PULASAN,PULASAN,Pulasan,PULASAN / (Pulasan),major,0.0,0.0,0.0,0.0,0.0,statistik_tanaman_buah_2019.pdf,151,0.0
2019,Sabah,Kuala Penyu,Kuala Penyu,RAMBUTAN,RAMBUTAN,Rambutan,RAMBUTAN / (Rambutan),major,9.0,2.4,6.0,13.4,2.5,statistik_tanaman_buah_2019.pdf,152,2.4630133359741206
2019,Sabah,Kuala Penyu,Kuala Penyu,SALAK,SALAK,Salak,SALAK / (Salak),major,0.0,0.0,0.0,0.0,0.0,statistik_tanaman_buah_2019.pdf,152,0.0
2019,Sabah,Kuala Penyu,Kuala Penyu,TEMBIKAI,TEMBIKAI,Watermelon,TEMBIKAI / Water-melon,major,7.2,7.2,87.4,128.9,12.13888888888889,statistik_tanaman_buah_2019.pdf,153,12.625809712818533
2019,Sabah,Kudat,Kudat,BELIMBING,BELIMBING,Starfruit,BELIMBING / Starfruit,major,1.0,1.0,0.7,1.8,0.7,statistik_tanaman_buah_2019.pdf,143,0.6843492063492035
2019,Sabah,Kudat,Kudat,BETIK,BETIK,Papaya,BETIK / Papaya,major,1.5,1.5,1.5,2.4,1.0,statistik_tanaman_buah_2019.pdf,143,1.01317155067155
2019,Sabah,Kudat,Kudat,CEMPEDAK,CEMPEDAK,Cempedak,CEMPEDAK / (Cempedak),major,4.6,4.0,10.0,36.0,2.5,statistik_tanaman_buah_2019.pdf,144,2.5274450710108605
2019,Sabah,Kudat,Kudat,CIKU,CIKU,Ciku,CIKU / Sapodilla,major,0.1,0.1,0.1,0.3,1.0,statistik_tanaman_buah_2019.pdf,144,1.0
2019,Sabah,Kudat,Kudat,DOKONG,DOKONG,Dokong,DOKONG / (Dokong),major,0.0,0.0,0.0,0.0,0.0,statistik_tanaman_buah_2019.pdf,145,0.0
2019,Sabah,Kudat,Kudat,DUKU,DUKU,Duku,DUKU / (Duku),major,0.0,0.0,0.0,0.0,0.0,statistik_tanaman_buah_2019.pdf,145,0.0
2019,Sabah,Kudat,Kudat,DURIAN,DURIAN,Durian,DURIAN / (Durian),major,13.7,4.0,5.4,107.3,1.35,statistik_tanaman_buah_2019.pdf,146,1.3254470669759233
2019,Sabah,Kudat,Kudat,JAMBU_BATU,JAMBU BATU,Guava,JAMBU BATU / Guava,major,0.9,0.6,2.9,9.6,4.833333333333333,statistik_tanaman_buah_2019.pdf,146,4.954599206349198
2019,Sabah,Kudat,Kudat,LANGSAT,LANGSAT,Langsat,LANGSAT / (Langsat),major,0.3,0.0,0.0,0.0,0.0,statistik_tanaman_buah_2019.pdf,147,0.0
2019,Sabah,Kudat,Kudat,LIMAU_BESAR,LIMAU BESAR,Pomelo,LIMAU BESAR / Pomelo,major,0.2,0.2,0.6,1.5,3.0,statistik_tanaman_buah_2019.pdf,147,2.9991666666666665
2019,Sabah,Kudat,Kudat,LIMAU_MANIS,LIMAU MANIS,Sweet Orange,LIMAU MANIS / Sweet Orange,major,0.0,0.0,0.0,0.0,0.0,statistik_tanaman_buah_2019.pdf,148,0.0
2019,Sabah,Kudat,Kudat,MANGGA,MANGGA,Mango,MANGGA / Mango,major,40.7,18.5,53.0,379.8,2.864864864864865,statistik_tanaman_buah_2019.pdf,148,2.8278486127470583
2019,Sabah,Kudat,Kudat,MANGGIS,MANGGIS,Mangosteen,MANGGIS / Mangosteen,major,0.5,0.0,0.0,0.0,0.0,statistik_tanaman_buah_2019.pdf,149,0.0
2019,Sabah,Kudat,Kudat,MATA_NAGA,MATA NAGA,Dragon Fruit,MATA NAGA / Dragon Fruit,major,5.4,0.9,7.6,34.6,8.444444444444445,statistik_tanaman_buah_2019.pdf,149,8.232314734031398
2019,Sabah,Kudat,Kudat,NANAS,NANAS,Pineapple,NANAS / Pineapple,major,4.5,3.5,8.0,15.8,2.2857142857142856,statistik_tanaman_buah_2019.pdf,150,2.2831560470590504
2019,Sabah,Kudat,Kudat,NANGKA,NANGKA,Jackfruit,NANGKA / Jackfruit,major,7.1,3.4,7.0,13.7,2.058823529411765,statistik_tanaman_buah_2019.pdf,150,2.0744303210230646
2019,Sabah,Kudat,Kudat,PISANG,PISANG,Banana,PISANG / Banana,major,228.9,158.0,1896.0,3374.9,12.0,statistik_tanaman_buah_2019.pdf,151,12.303934283200245
2019,Sabah,Kudat,Kudat,PULASAN,PULASAN,Pulasan,PULASAN / (Pulasan),major,0.0,0.0,0.0,0.0,0.0,statistik_tanaman_buah_2019.pdf,151,0.0
2019,Sabah,Kudat,Kudat,RAMBUTAN,RAMBUTAN,Rambutan,RAMBUTAN / (Rambutan),major,8.7,5.0,20.0,44.5,4.0,statistik_tanaman_buah_2019.pdf,152,3.9840614398756844
2019,Sabah,Kudat,Kudat,SALAK,SALAK,Salak,SALAK / (Salak),major,0.0,0.0,0.0,0.0,0.0,statistik_tanaman_buah_2019.pdf,152,0.0
2019,Sabah,Kudat,Kudat,TEMBIKAI,TEMBIKAI,Watermelon,TEMBIKAI / Water-melon,major,38.0,38.0,256.0,377.6,6.7368421052631575,statistik_tanaman_buah_2019.pdf,153,7.374821917541041
2019,Sabah,Kunak,Kunak,BELIMBING,BELIMBING,Starfruit,BELIMBING / Starfruit,major,0.0,0.0,0.0,0.0,0.0,statistik_tanaman_buah_2019.pdf,143,0.0
2019,Sabah,Kunak,Kunak,BETIK,BETIK,Papaya,BETIK / Papaya,major,1.4,1.2,10.9,17.5,9.083333333333334,statistik_tanaman_buah_2019.pdf,143,9.315776334613634
2019,Sabah,Kunak,Kunak,CEMPEDAK,CEMPEDAK,Cempedak,CEMPEDAK / (Cempedak),major,2.0,0.0,0.0,0.0,0.0,statistik_tanaman_buah_2019.pdf,144,0.0
2019,Sabah,Kunak,Kunak,CIKU,CIKU,Ciku,CIKU / Sapodilla,major,0.0,0.0,0.0,0.0,0.0,statistik_tanaman_buah_2019.pdf,144,0.0
2019,Sabah,Kunak,Kunak,DOKONG,DOKONG,Dokong,DOKONG / (Dokong),major,0.0,0.0,0.0,0.0,0.0,statistik_tanaman_buah_2019.pdf,145,0.0
2019,Sabah,Kunak,Kunak,DUKU,DUKU,Duku,DUKU / (Duku),major,0.0,0.0,0.0,0.0,0.0,statistik_tanaman_buah_2019.pdf,145,0.0
2019,Sabah,Kunak,Kunak,DURIAN,DURIAN,Durian,DURIAN / (Durian),major,61.2,14.2,23.6,468.8,1.6619718309859155,statistik_tanaman_buah_2019.pdf,146,1.6619857166625993
2019,Sabah,Kunak,Kunak,JAMBU_BATU,JAMBU BATU,Guava,JAMBU BATU / Guava,major,0.0,0.0,0.0,0.0,0.0,statistik_tanaman_buah_2019.pdf,146,0.0
2019,Sabah,Kunak,Kunak,LANGSAT,LANGSAT,Langsat,LANGSAT / (Langsat),major,5.0,2.0,11.0,29.7,5.5,statistik_tanaman_buah_2019.pdf,147,5.606763012592735
2019,Sabah,Kunak,Kunak,LIMAU_BESAR,LIMAU BESAR,Pomelo,LIMAU BESAR / Pomelo,major,0.0,0.0,0.0,0.0,0.0,statistik_tanaman_buah_2019.pdf,147,0.0
2019,Sabah,Kunak,Kunak,LIMAU_MANIS,LIMAU MANIS,Sweet Orange,LIMAU MANIS / Sweet Orange,major,0.0,0.0,0.0,0.0,0.0,statistik_tanaman_buah_2019.pdf,148,0.0
2019,Sabah,Kunak,Kunak,MANGGA,MANGGA,Mango,MANGGA / Mango,major,17.0,1.0,3.7,26.5,3.7,statistik_tanaman_buah_2019.pdf,148,3.4949223739223725
2019,Sabah,Kunak,Kunak,MANGGIS,MANGGIS,Mangosteen,MANGGIS / Mangosteen,major,0.0,0.0,0.0,0.0,0.0,statistik_tanaman_buah_2019.pdf,149,0.0
2019,Sabah,Kunak,Kunak,MATA_NAGA,MATA NAGA,Dragon Fruit,MATA NAGA / Dragon Fruit,major,0.0,0.0,0.0,0.0,0.0,statistik_tanaman_buah_2019.pdf,149,0.0
2019,Sabah,Kunak,Kunak,NANAS,NANAS,Pineapple,NANAS / Pineapple,major,3.0,2.0,11.3,22.3,5.65,statistik_tanaman_buah_2019.pdf,150,5.836785217946849
2019,Sabah,Kunak,Kunak,NANGKA,NANGKA,Jackfruit,NANGKA / Jackfruit,major,0.0,0.0,0.0,0.0,0.0,statistik_tanaman_buah_2019.pdf,150,0.0
2019,Sabah,Kunak,Kunak,PISANG,PISANG,Banana,PISANG / Banana,major,51.0,16.0,272.6,485.2,17.0375,statistik_tanaman_buah_2019.pdf,151,16.381190271890805
2019,Sabah,Kunak,Kunak,PULASAN,PULASAN,Pulasan,PULASAN / (Pulasan),major,0.0,0.0,0.0,0.0,0.0,statistik_tanaman_buah_2019.pdf,151,0.0
2019,Sabah,Kunak,Kunak,RAMBUTAN,RAMBUTAN,Rambutan,RAMBUTAN / (Rambutan),major,8.0,2.0,2.0,4.5,1.0,statistik_tanaman_buah_2019.pdf,152,0.9949623015873016
2019,Sabah,Kunak,Kunak,SALAK,SALAK,Salak,SALAK / (Salak),major,2.0,2.0,7.0,13.3,3.5,statistik_tanaman_buah_2019.pdf,152,3.580827923194794
2019,Sabah,Kunak,Kunak,TEMBIKAI,TEMBIKAI,Watermelon,TEMBIKAI / Water-melon,major,8.0,8.0,109.0,160.8,13.625,statistik_tanaman_buah_2019.pdf,153,13.079466211358785
2019,Sabah,Lahad Datu,Lahad Datu,BELIMBING,BELIMBING,Starfruit,BELIMBING / Starfruit,major,1.0,1.0,6.8,17.3,6.8,statistik_tanaman_buah_2019.pdf,143,6.810232193732173
2019,Sabah,Lahad Datu,Lahad Datu,BETIK,BETIK,Papaya,BETIK / Papaya,major,10.5,9.5,131.0,210.0,13.789473684210526,statistik_tanaman_buah_2019.pdf,143,13.718996847639067
2019,Sabah,Lahad Datu,Lahad Datu,CEMPEDAK,CEMPEDAK,Cempedak,CEMPEDAK / (Cempedak),major,15.0,13.8,98.2,353.5,7.115942028985507,statistik_tanaman_buah_2019.pdf,144,7.3130942618706785
2019,Sabah,Lahad Datu,Lahad Datu,CIKU,CIKU,Ciku,CIKU / Sapodilla,major,1.0,1.0,4.8,13.7,4.8,statistik_tanaman_buah_2019.pdf,144,4.838333203833193
2019,Sabah,Lahad Datu,Lahad Datu,DOKONG,DOKONG,Dokong,DOKONG / (Dokong),major,0.0,0.0,0.0,0.0,0.0,statistik_tanaman_buah_2019.pdf,145,0.0
2019,Sabah,Lahad Datu,Lahad Datu,DUKU,DUKU,Duku,DUKU / (Duku),major,21.0,15.5,70.0,115.5,4.516129032258065,statistik_tanaman_buah_2019.pdf,145,4.556711768378163
2019,Sabah,Lahad Datu,Lahad Datu,DURIAN,DURIAN,Durian,DURIAN / (Durian),major,225.0,124.8,994.2,19749.1,7.966346153846154,statistik_tanaman_buah_2019.pdf,146,8.050172983125861
2019,Sabah,Lahad Datu,Lahad Datu,JAMBU_BATU,JAMBU BATU,Guava,JAMBU BATU / Guava,major,15.0,15.0,207.4,684.4,13.826666666666666,statistik_tanaman_buah_2019.pdf,146,13.865953987275674
2019,Sabah,Lahad Datu,Lahad Datu,LANGSAT,LANGSAT,Langsat,LANGSAT / (Langsat),major,71.6,54.7,271.8,733.9,4.9689213893967095,statistik_tanaman_buah_2019.pdf,147,4.962486196457603
2019,Sabah,Lahad Datu,Lahad Datu,LIMAU_BESAR,LIMAU BESAR,Pomelo,LIMAU BESAR / Pomelo,major,2.0,2.0,15.7,40.0,7.85,statistik_tanaman_buah_2019.pdf,147,8.016925060319805
2019,Sabah,Lahad Datu,Lahad Datu,LIMAU_MANIS,LIMAU MANIS,Sweet Orange,LIMAU MANIS / Sweet Orange,major,16.0,16.0,53.5,128.4,3.34375,statistik_tanaman_buah_2019.pdf,148,3.3583481987795776
2019,Sabah,Lahad Datu,Lahad Datu,MANGGA,MANGGA,Mango,MANGGA / Mango,major,19.5,17.4,53.6,384.1,3.0804597701149428,statistik_tanaman_buah_2019.pdf,148,3.0848193670698136
2019,Sabah,Lahad Datu,Lahad Datu,MANGGIS,MANGGIS,Mangosteen,MANGGIS / Mangosteen,major,6.0,0.0,0.0,0.0,0.0,statistik_tanaman_buah_2019.pdf,149,0.0
2019,Sabah,Lahad Datu,Lahad Datu,MATA_NAGA,MATA NAGA,Dragon Fruit,MATA NAGA / Dragon Fruit,major,8.1,6.1,51.0,232.1,8.360655737704919,statistik_tanaman_buah_2019.pdf,149,8.299803886852816
2019,Sabah,Lahad Datu,Lahad Datu,NANAS,NANAS,Pineapple,NANAS / Pineapple,major,1.2,0.2,1.6,3.2,8.0,statistik_tanaman_buah_2019.pdf,150,7.619599206349206
2019,Sabah,Lahad Datu,Lahad Datu,NANGKA,NANGKA,Jackfruit,NANGKA / Jackfruit,major,5.0,5.0,44.9,87.6,8.98,statistik_tanaman_buah_2019.pdf,150,9.046841176286868
2019,Sabah,Lahad Datu,Lahad Datu,PISANG,PISANG,Banana,PISANG / Banana,major,108.0,100.0,1987.2,3537.2,19.872,statistik_tanaman_buah_2019.pdf,151,19.621099540462946
2019,Sabah,Lahad Datu,Lahad Datu,PULASAN,PULASAN,Pulasan,PULASAN / (Pulasan),major,0.0,0.0,0.0,0.0,0.0,statistik_tanaman_buah_2019.pdf,151,0.0
2019,Sabah,Lahad Datu,Lahad Datu,RAMBUTAN,RAMBUTAN,Rambutan,RAMBUTAN / (Rambutan),major,80.0,61.0,175.8,391.2,2.8819672131147542,statistik_tanaman_buah_2019.pdf,152,2.7875010185495617
2019,Sabah,Lahad Datu,Lahad Datu,SALAK,SALAK,Salak,SALAK / (Salak),major,2.0,2.0,17.0,32.3,8.5,statistik_tanaman_buah_2019.pdf,152,8.316912698412704
2019,Sabah,Lahad Datu,Lahad Datu,TEMBIKAI,TEMBIKAI,Watermelon,TEMBIKAI / Water-melon,major,5.0,5.0,70.0,103.3,14.0,statistik_tanaman_buah_2019.pdf,153,13.950531247228534
2019,Sabah,Matunggong,Matunggong,BELIMBING,BELIMBING,Starfruit,BELIMBING / Starfruit,major,0.0,0.0,0.0,0.0,0.0,statistik_tanaman_buah_2019.pdf,143,0.0
2019,Sabah,Matunggong,Matunggong,BETIK,BETIK,Papaya,BETIK / Papaya,major,0.0,0.0,0.0,0.0,0.0,statistik_tanaman_buah_2019.pdf,143,0.0
2019,Sabah,Matunggong,Matunggong,CEMPEDAK,CEMPEDAK,Cempedak,CEMPEDAK / (Cempedak),major,7.0,7.0,27.0,97.2,3.857142857142857,statistik_tanaman_buah_2019.pdf,144,3.8916287578162656
2019,Sabah,Matunggong,Matunggong,CIKU,CIKU,Ciku,CIKU / Sapodilla,major,0.0,0.0,0.0,0.0,0.0,statistik_tanaman_buah_2019.pdf,144,0.0
2019,Sabah,Matunggong,Matunggong,DOKONG,DOKONG,Dokong,DOKONG / (Dokong),major,0.0,0.0,0.0,0.0,0.0,statistik_tanaman_buah_2019.pdf,145,0.0
2019,Sabah,Matunggong,Matunggong,DUKU,DUKU,Duku,DUKU / (Duku),major,0.0,0.0,0.0,0.0,0.0,statistik_tanaman_buah_2019.pdf,145,0.0
2019,Sabah,Matunggong,Matunggong,DURIAN,DURIAN,Durian,DURIAN / (Durian),major,3.7,3.7,8.1,160.9,2.189189189189189,statistik_tanaman_buah_2019.pdf,146,2.211610562542775
2019,Sabah,Matunggong,Matunggong,JAMBU_BATU,JAMBU BATU,Guava,JAMBU BATU / Guava,major,0.0,0.0,0.0,0.0,0.0,statistik_tanaman_buah_2019.pdf,146,0.0
2019,Sabah,Matunggong,Matunggong,LANGSAT,LANGSAT,Langsat,LANGSAT / (Langsat),major,5.0,3.5,12.3,33.2,3.5142857142857147,statistik_tanaman_buah_2019.pdf,147,3.5918689001829724
2019,Sabah,Matunggong,Matunggong,LIMAU_BESAR,LIMAU BESAR,Pomelo,LIMAU BESAR / Pomelo,major,6.0,6.0,35.0,89.3,5.833333333333333,statistik_tanaman_buah_2019.pdf,147,5.984731602984836
2019,Sabah,Matunggong,Matunggong,LIMAU_MANIS,LIMAU MANIS,Sweet Orange,LIMAU MANIS / Sweet Orange,major,4.0,4.0,9.2,22.1,2.3,statistik_tanaman_buah_2019.pdf,148,2.3390926830069216
2019,Sabah,Matunggong,Matunggong,MANGGA,MANGGA,Mango,MANGGA / Mango,major,21.0,18.0,41.4,296.7,2.3,statistik_tanaman_buah_2019.pdf,148,2.308390019814312
2019,Sabah,Matunggong,Matunggong,MANGGIS,MANGGIS,Mangosteen,MANGGIS / Mangosteen,major,0.0,0.0,0.0,0.0,0.0,statistik_tanaman_buah_2019.pdf,149,0.0
2019,Sabah,Matunggong,Matunggong,MATA_NAGA,MATA NAGA,Dragon Fruit,MATA NAGA / Dragon Fruit,major,0.0,0.0,0.0,0.0,0.0,statistik_tanaman_buah_2019.pdf,149,0.0
2019,Sabah,Matunggong,Matunggong,NANAS,NANAS,Pineapple,NANAS / Pineapple,major,4.0,4.0,36.5,72.1,9.125,statistik_tanaman_buah_2019.pdf,150,9.19020163585751
2019,Sabah,Matunggong,Matunggong,NANGKA,NANGKA,Jackfruit,NANGKA / Jackfruit,major,30.0,30.0,274.0,534.3,9.133333333333333,statistik_tanaman_buah_2019.pdf,150,9.016125553346175
2019,Sabah,Matunggong,Matunggong,PISANG,PISANG,Banana,PISANG / Banana,major,129.5,121.0,1561.5,2779.5,12.90495867768595,statistik_tanaman_buah_2019.pdf,151,13.103530725882175
2019,Sabah,Matunggong,Matunggong,PULASAN,PULASAN,Pulasan,PULASAN / (Pulasan),major,0.0,0.0,0.0,0.0,0.0,statistik_tanaman_buah_2019.pdf,151,0.0
2019,Sabah,Matunggong,Matunggong,RAMBUTAN,RAMBUTAN,Rambutan,RAMBUTAN / (Rambutan),major,9.0,8.2,54.2,120.6,6.609756097560976,statistik_tanaman_buah_2019.pdf,152,6.696597789209116
2019,Sabah,Matunggong,Matunggong,SALAK,SALAK,Salak,SALAK / (Salak),major,0.0,0.0,0.0,0.0,0.0,statistik_tanaman_buah_2019.pdf,152,0.0
2019,Sabah,Matunggong,Matunggong,TEMBIKAI,TEMBIKAI,Watermelon,TEMBIKAI / Water-melon,major,0.0,0.0,0.0,0.0,0.0,statistik_tanaman_buah_2019.pdf,153,0.0
2019,Sabah,Nabawan/Pensiangan,Nabawan,BELIMBING,BELIMBING,Starfruit,BELIMBING / Starfruit,major,0.0,0.0,0.0,0.0,0.0,statistik_tanaman_buah_2019.pdf,143,0.0
2019,Sabah,Nabawan/Pensiangan,Nabawan,BETIK,BETIK,Papaya,BETIK / Papaya,major,0.0,0.0,0.0,0.0,0.0,statistik_tanaman_buah_2019.pdf,143,0.0
2019,Sabah,Nabawan/Pensiangan,Nabawan,CEMPEDAK,CEMPEDAK,Cempedak,CEMPEDAK / (Cempedak),major,16.7,13.0,24.0,86.4,1.8461538461538465,statistik_tanaman_buah_2019.pdf,144,1.768581337959128
2019,Sabah,Nabawan/Pensiangan,Nabawan,CIKU,CIKU,Ciku,CIKU / Sapodilla,major,0.0,0.0,0.0,0.0,0.0,statistik_tanaman_buah_2019.pdf,144,0.0
2019,Sabah,Nabawan/Pensiangan,Nabawan,DOKONG,DOKONG,Dokong,DOKONG / (Dokong),major,0.0,0.0,0.0,0.0,0.0,statistik_tanaman_buah_2019.pdf,145,0.0
2019,Sabah,Nabawan/Pensiangan,Nabawan,DUKU,DUKU,Duku,DUKU / (Duku),major,0.0,0.0,0.0,0.0,0.0,statistik_tanaman_buah_2019.pdf,145,0.0
2019,Sabah,Nabawan/Pensiangan,Nabawan,DURIAN,DURIAN,Durian,DURIAN / (Durian),major,218.3,51.0,206.0,4092.0,4.03921568627451,statistik_tanaman_buah_2019.pdf,146,4.239954262065256
2019,Sabah,Nabawan/Pensiangan,Nabawan,JAMBU_BATU,JAMBU BATU,Guava,JAMBU BATU / Guava,major,0.0,0.0,0.0,0.0,0.0,statistik_tanaman_buah_2019.pdf,146,0.0
2019,Sabah,Nabawan/Pensiangan,Nabawan,LANGSAT,LANGSAT,Langsat,LANGSAT / (Langsat),major,3.4,3.0,12.5,33.8,4.166666666666667,statistik_tanaman_buah_2019.pdf,147,4.278865462421499
2019,Sabah,Nabawan/Pensiangan,Nabawan,LIMAU_BESAR,LIMAU BESAR,Pomelo,LIMAU BESAR / Pomelo,major,0.0,0.0,0.0,0.0,0.0,statistik_tanaman_buah_2019.pdf,147,0.0
2019,Sabah,Nabawan/Pensiangan,Nabawan,LIMAU_MANIS,LIMAU MANIS,Sweet Orange,LIMAU MANIS / Sweet Orange,major,0.0,0.0,0.0,0.0,0.0,statistik_tanaman_buah_2019.pdf,148,0.0
2019,Sabah,Nabawan/Pensiangan,Nabawan,MANGGA,MANGGA,Mango,MANGGA / Mango,major,6.2,6.0,11.0,78.8,1.8333333333333333,statistik_tanaman_buah_2019.pdf,148,1.8961304303587194
2019,Sabah,Nabawan/Pensiangan,Nabawan,MANGGIS,MANGGIS,Mangosteen,MANGGIS / Mangosteen,major,21.3,10.0,32.0,120.0,3.2,statistik_tanaman_buah_2019.pdf,149,3.201562365233249
2019,Sabah,Nabawan/Pensiangan,Nabawan,MATA_NAGA,MATA NAGA,Dragon Fruit,MATA NAGA / Dragon Fruit,major,0.0,0.0,0.0,0.0,0.0,statistik_tanaman_buah_2019.pdf,149,0.0
2019,Sabah,Nabawan/Pensiangan,Nabawan,NANAS,NANAS,Pineapple,NANAS / Pineapple,major,2.2,1.9,20.6,40.7,10.842105263157896,statistik_tanaman_buah_2019.pdf,150,11.005402744872962
2019,Sabah,Nabawan/Pensiangan,Nabawan,NANGKA,NANGKA,Jackfruit,NANGKA / Jackfruit,major,0.4,0.4,2.7,5.3,6.75,statistik_tanaman_buah_2019.pdf,150,8.054563492063489
2019,Sabah,Nabawan/Pensiangan,Nabawan,PISANG,PISANG,Banana,PISANG / Banana,major,43.2,17.2,125.8,223.9,7.313953488372094,statistik_tanaman_buah_2019.pdf,151,7.108391351114293
2019,Sabah,Nabawan/Pensiangan,Nabawan,PULASAN,PULASAN,Pulasan,PULASAN / (Pulasan),major,0.0,0.0,0.0,0.0,0.0,statistik_tanaman_buah_2019.pdf,151,0.0
2019,Sabah,Nabawan/Pensiangan,Pensiangan,RAMBUTAN,RAMBUTAN,Rambutan,RAMBUTAN / (Rambutan),major,25.5,24.0,49.0,109.0,2.0416666666666665,statistik_tanaman_buah_2019.pdf,152,2.139801134408845
2019,Sabah,Nabawan/Pensiangan,Pensiangan,SALAK,SALAK,Salak,SALAK / (Salak),major,0.0,0.0,0.0,0.0,0.0,statistik_tanaman_buah_2019.pdf,152,0.0
2019,Sabah,Nabawan/Pensiangan,Pensiangan,TEMBIKAI,TEMBIKAI,Watermelon,TEMBIKAI / Water-melon,major,0.0,0.0,0.0,0.0,0.0,statistik_tanaman_buah_2019.pdf,153,0.0
2019,Sabah,Papar,Papar,BELIMBING,BELIMBING,Starfruit,BELIMBING / Starfruit,major,2.0,0.0,0.0,0.0,0.0,statistik_tanaman_buah_2019.pdf,143,0.0
2019,Sabah,Papar,Papar,BETIK,BETIK,Papaya,BETIK / Papaya,major,2.0,1.0,2.0,3.2,2.0,statistik_tanaman_buah_2019.pdf,143,2.0114271284271292
2019,Sabah,Papar,Papar,CEMPEDAK,CEMPEDAK,Cempedak,CEMPEDAK / (Cempedak),major,40.0,0.0,0.0,0.0,0.0,statistik_tanaman_buah_2019.pdf,144,0.0
2019,Sabah,Papar,Papar,CIKU,CIKU,Ciku,CIKU / Sapodilla,major,0.0,0.0,0.0,0.0,0.0,statistik_tanaman_buah_2019.pdf,144,0.0
2019,Sabah,Papar,Papar,DOKONG,DOKONG,Dokong,DOKONG / (Dokong),major,0.0,0.0,0.0,0.0,0.0,statistik_tanaman_buah_2019.pdf,145,0.0
2019,Sabah,Papar,Papar,DUKU,DUKU,Duku,DUKU / (Duku),major,3.0,0.0,0.0,0.0,0.0,statistik_tanaman_buah_2019.pdf,145,0.0
2019,Sabah,Papar,Papar,DURIAN,DURIAN,Durian,DURIAN / (Durian),major,208.0,110.0,440.0,8740.3,4.0,statistik_tanaman_buah_2019.pdf,146,4.075898962540932
2019,Sabah,Papar,Papar,JAMBU_BATU,JAMBU BATU,Guava,JAMBU BATU / Guava,major,40.0,40.0,260.0,858.0,6.5,statistik_tanaman_buah_2019.pdf,146,6.613576353366287
2019,Sabah,Papar,Papar,LANGSAT,LANGSAT,Langsat,LANGSAT / (Langsat),major,45.0,0.0,0.0,0.0,0.0,statistik_tanaman_buah_2019.pdf,147,0.0
2019,Sabah,Papar,Papar,LIMAU_BESAR,LIMAU BESAR,Pomelo,LIMAU BESAR / Pomelo,major,0.0,0.0,0.0,0.0,0.0,statistik_tanaman_buah_2019.pdf,147,0.0
2019,Sabah,Papar,Papar,LIMAU_MANIS,LIMAU MANIS,Sweet Orange,LIMAU MANIS / Sweet Orange,major,3.0,0.0,0.0,0.0,0.0,statistik_tanaman_buah_2019.pdf,148,0.0
2019,Sabah,Papar,Papar,MANGGA,MANGGA,Mango,MANGGA / Mango,major,110.0,90.0,270.0,1935.0,3.0,statistik_tanaman_buah_2019.pdf,148,3.061411058306411
2019,Sabah,Papar,Papar,MANGGIS,MANGGIS,Mangosteen,MANGGIS / Mangosteen,major,20.0,0.0,0.0,0.0,0.0,statistik_tanaman_buah_2019.pdf,149,0.0
2019,Sabah,Papar,Papar,MATA_NAGA,MATA NAGA,Dragon Fruit,MATA NAGA / Dragon Fruit,major,3.0,0.0,0.0,0.0,0.0,statistik_tanaman_buah_2019.pdf,149,0.0
2019,Sabah,Papar,Papar,NANAS,NANAS,Pineapple,NANAS / Pineapple,major,11.4,7.0,82.0,162.0,11.714285714285714,statistik_tanaman_buah_2019.pdf,150,11.609363318198442
2019,Sabah,Papar,Papar,NANGKA,NANGKA,Jackfruit,NANGKA / Jackfruit,major,10.0,10.0,68.0,132.6,6.8,statistik_tanaman_buah_2019.pdf,150,7.031683031981683
2019,Sabah,Papar,Papar,PISANG,PISANG,Banana,PISANG / Banana,major,88.0,63.0,873.0,1553.9,13.857142857142858,statistik_tanaman_buah_2019.pdf,151,14.069565054809036
2019,Sabah,Papar,Papar,PULASAN,PULASAN,Pulasan,PULASAN / (Pulasan),major,0.0,0.0,0.0,0.0,0.0,statistik_tanaman_buah_2019.pdf,151,0.0
2019,Sabah,Papar,Papar,RAMBUTAN,RAMBUTAN,Rambutan,RAMBUTAN / (Rambutan),major,55.0,20.0,80.0,178.0,4.0,statistik_tanaman_buah_2019.pdf,152,3.944033862221173
2019,Sabah,Papar,Papar,SALAK,SALAK,Salak,SALAK / (Salak),major,0.0,0.0,0.0,0.0,0.0,statistik_tanaman_buah_2019.pdf,152,0.0
2019,Sabah,Papar,Papar,TEMBIKAI,TEMBIKAI,Watermelon,TEMBIKAI / Water-melon,major,170.0,170.0,1560.0,2301.0,9.176470588235292,statistik_tanaman_buah_2019.pdf,153,9.736500207352025
2019,Sabah,Penampang,Penampang,BELIMBING,BELIMBING,Starfruit,BELIMBING / Starfruit,major,0.0,0.0,0.0,0.0,0.0,statistik_tanaman_buah_2019.pdf,143,0.0
2019,Sabah,Penampang,Penampang,BETIK,BETIK,Papaya,BETIK / Papaya,major,0.0,0.0,0.0,0.0,0.0,statistik_tanaman_buah_2019.pdf,143,0.0
2019,Sabah,Penampang,Penampang,CEMPEDAK,CEMPEDAK,Cempedak,CEMPEDAK / (Cempedak),major,4.0,3.0,15.0,54.0,5.0,statistik_tanaman_buah_2019.pdf,144,5.0736699642412395
2019,Sabah,Penampang,Penampang,CIKU,CIKU,Ciku,CIKU / Sapodilla,major,0.0,0.0,0.0,0.0,0.0,statistik_tanaman_buah_2019.pdf,144,0.0
2019,Sabah,Penampang,Penampang,DOKONG,DOKONG,Dokong,DOKONG / (Dokong),major,0.0,0.0,0.0,0.0,0.0,statistik_tanaman_buah_2019.pdf,145,0.0
2019,Sabah,Penampang,Penampang,DUKU,DUKU,Duku,DUKU / (Duku),major,3.5,0.5,3.0,5.0,6.0,statistik_tanaman_buah_2019.pdf,145,6.155732804232813
2019,Sabah,Penampang,Penampang,DURIAN,DURIAN,Durian,DURIAN / (Durian),major,24.1,4.0,41.0,814.4,10.25,statistik_tanaman_buah_2019.pdf,146,10.103179367771181
2019,Sabah,Penampang,Penampang,JAMBU_BATU,JAMBU BATU,Guava,JAMBU BATU / Guava,major,0.0,0.0,0.0,0.0,0.0,statistik_tanaman_buah_2019.pdf,146,0.0
2019,Sabah,Penampang,Penampang,LANGSAT,LANGSAT,Langsat,LANGSAT / (Langsat),major,6.0,6.0,39.5,106.7,6.583333333333333,statistik_tanaman_buah_2019.pdf,147,6.531106732408472
2019,Sabah,Penampang,Penampang,LIMAU_BESAR,LIMAU BESAR,Pomelo,LIMAU BESAR / Pomelo,major,0.0,0.0,0.0,0.0,0.0,statistik_tanaman_buah_2019.pdf,147,0.0
2019,Sabah,Penampang,Penampang,LIMAU_MANIS,LIMAU MANIS,Sweet Orange,LIMAU MANIS / Sweet Orange,major,0.0,0.0,0.0,0.0,0.0,statistik_tanaman_buah_2019.pdf,148,0.0
2019,Sabah,Penampang,Penampang,MANGGA,MANGGA,Mango,MANGGA / Mango,major,1.8,0.7,2.3,16.5,3.2857142857142856,statistik_tanaman_buah_2019.pdf,148,3.247888888888901
2019,Sabah,Penampang,Penampang,MANGGIS,MANGGIS,Mangosteen,MANGGIS / Mangosteen,major,2.9,2.0,14.4,54.0,7.2,statistik_tanaman_buah_2019.pdf,149,7.248916449322972
2019,Sabah,Penampang,Penampang,MATA_NAGA,MATA NAGA,Dragon Fruit,MATA NAGA / Dragon Fruit,major,1.3,1.3,7.5,34.1,5.769230769230769,statistik_tanaman_buah_2019.pdf,149,5.7390634920634715
2019,Sabah,Penampang,Penampang,NANAS,NANAS,Pineapple,NANAS / Pineapple,major,110.9,74.0,690.0,1362.8,9.324324324324325,statistik_tanaman_buah_2019.pdf,150,9.725924166908408
2019,Sabah,Penampang,Penampang,NANGKA,NANGKA,Jackfruit,NANGKA / Jackfruit,major,0.6,0.1,0.7,1.4,6.999999999999999,statistik_tanaman_buah_2019.pdf,150,6.5275
2019,Sabah,Penampang,Penampang,PISANG,PISANG,Banana,PISANG / Banana,major,2.4,1.4,7.0,12.5,5.0,statistik_tanaman_buah_2019.pdf,151,4.983581950729008
2019,Sabah,Penampang,Penampang,PULASAN,PULASAN,Pulasan,PULASAN / (Pulasan),major,0.0,0.0,0.0,0.0,0.0,statistik_tanaman_buah_2019.pdf,151,0.0
2019,Sabah,Penampang,Penampang,RAMBUTAN,RAMBUTAN,Rambutan,RAMBUTAN / (Rambutan),major,8.5,8.0,64.0,142.4,8.0,statistik_tanaman_buah_2019.pdf,152,8.035121979143707
2019,Sabah,Penampang,Penampang,SALAK,SALAK,Salak,SALAK / (Salak),major,0.0,0.0,0.0,0.0,0.0,statistik_tanaman_buah_2019.pdf,152,0.0
2019,Sabah,Penampang,Penampang,TEMBIKAI,TEMBIKAI,Watermelon,TEMBIKAI / Water-melon,major,0.0,0.0,0.0,0.0,0.0,statistik_tanaman_buah_2019.pdf,153,0.0
2019,Sabah,Pitas,Pitas,BELIMBING,BELIMBING,Starfruit,BELIMBING / Starfruit,major,0.1,0.1,0.1,0.3,1.0,statistik_tanaman_buah_2019.pdf,143,1.0433333333333332
2019,Sabah,Pitas,Pitas,BETIK,BETIK,Papaya,BETIK / Papaya,major,0.4,0.4,4.7,7.5,11.75,statistik_tanaman_buah_2019.pdf,143,11.529833333333332
2019,Sabah,Pitas,Pitas,CEMPEDAK,CEMPEDAK,Cempedak,CEMPEDAK / (Cempedak),major,28.0,24.0,120.0,432.0,5.0,statistik_tanaman_buah_2019.pdf,144,5.0601066358109605
2019,Sabah,Pitas,Pitas,CIKU,CIKU,Ciku,CIKU / Sapodilla,major,0.0,0.0,0.0,0.0,0.0,statistik_tanaman_buah_2019.pdf,144,0.0
2019,Sabah,Pitas,Pitas,DOKONG,DOKONG,Dokong,DOKONG / (Dokong),major,0.0,0.0,0.0,0.0,0.0,statistik_tanaman_buah_2019.pdf,145,0.0
2019,Sabah,Pitas,Pitas,DUKU,DUKU,Duku,DUKU / (Duku),major,0.0,0.0,0.0,0.0,0.0,statistik_tanaman_buah_2019.pdf,145,0.0
2019,Sabah,Pitas,Pitas,DURIAN,DURIAN,Durian,DURIAN / (Durian),major,21.0,5.0,15.0,298.0,3.0,statistik_tanaman_buah_2019.pdf,146,2.997645310434783
2019,Sabah,Pitas,Pitas,JAMBU_BATU,JAMBU BATU,Guava,JAMBU BATU / Guava,major,0.0,0.0,0.0,0.0,0.0,statistik_tanaman_buah_2019.pdf,146,0.0
2019,Sabah,Pitas,Pitas,LANGSAT,LANGSAT,Langsat,LANGSAT / (Langsat),major,10.4,9.0,40.0,108.0,4.444444444444445,statistik_tanaman_buah_2019.pdf,147,4.4873733446540855
2019,Sabah,Pitas,Pitas,LIMAU_BESAR,LIMAU BESAR,Pomelo,LIMAU BESAR / Pomelo,major,0.0,0.0,0.0,0.0,0.0,statistik_tanaman_buah_2019.pdf,147,0.0
2019,Sabah,Pitas,Pitas,LIMAU_MANIS,LIMAU MANIS,Sweet Orange,LIMAU MANIS / Sweet Orange,major,0.0,0.0,0.0,0.0,0.0,statistik_tanaman_buah_2019.pdf,148,0.0
2019,Sabah,Pitas,Pitas,MANGGA,MANGGA,Mango,MANGGA / Mango,major,41.4,20.0,40.0,286.7,2.0,statistik_tanaman_buah_2019.pdf,148,2.033244692422395
2019,Sabah,Pitas,Pitas,MANGGIS,MANGGIS,Mangosteen,MANGGIS / Mangosteen,major,3.4,3.0,2.0,7.5,0.6666666666666666,statistik_tanaman_buah_2019.pdf,149,0.731409077938491
2019,Sabah,Pitas,Pitas,MATA_NAGA,MATA NAGA,Dragon Fruit,MATA NAGA / Dragon Fruit,major,1.0,1.0,1.8,8.2,1.8,statistik_tanaman_buah_2019.pdf,149,1.8222216117216143
2019,Sabah,Pitas,Pitas,NANAS,NANAS,Pineapple,NANAS / Pineapple,major,12.3,12.2,124.0,244.9,10.163934426229508,statistik_tanaman_buah_2019.pdf,150,10.164786868513431
2019,Sabah,Pitas,Pitas,NANGKA,NANGKA,Jackfruit,NANGKA / Jackfruit,major,4.8,0.0,0.0,0.0,0.0,statistik_tanaman_buah_2019.pdf,150,0.0
2019,Sabah,Pitas,Pitas,PISANG,PISANG,Banana,PISANG / Banana,major,186.3,124.3,1495.8,2662.5,12.033789219629927,statistik_tanaman_buah_2019.pdf,151,12.34010596017374
2019,Sabah,Pitas,Pitas,PULASAN,PULASAN,Pulasan,PULASAN / (Pulasan),major,0.0,0.0,0.0,0.0,0.0,statistik_tanaman_buah_2019.pdf,151,0.0
2019,Sabah,Pitas,Pitas,RAMBUTAN,RAMBUTAN,Rambutan,RAMBUTAN / (Rambutan),major,22.0,15.0,105.0,233.6,7.0,statistik_tanaman_buah_2019.pdf,152,7.063463700288283
2019,Sabah,Pitas,Pitas,SALAK,SALAK,Salak,SALAK / (Salak),major,0.0,0.0,0.0,0.0,0.0,statistik_tanaman_buah_2019.pdf,152,0.0
2019,Sabah,Pitas,Pitas,TEMBIKAI,TEMBIKAI,Watermelon,TEMBIKAI / Water-melon,major,0.0,0.0,0.0,0.0,0.0,statistik_tanaman_buah_2019.pdf,153,0.0
2019,Sabah,Putatan,Putatan,BELIMBING,BELIMBING,Starfruit,BELIMBING / Starfruit,major,0.0,0.0,0.0,0.0,0.0,statistik_tanaman_buah_2019.pdf,143,0.0
2019,Sabah,Putatan,Putatan,BETIK,BETIK,Papaya,BETIK / Papaya,major,0.0,0.0,0.0,0.0,0.0,statistik_tanaman_buah_2019.pdf,143,0.0
2019,Sabah,Putatan,Putatan,CEMPEDAK,CEMPEDAK,Cempedak,CEMPEDAK / (Cempedak),major,0.0,0.0,0.0,0.0,0.0,statistik_tanaman_buah_2019.pdf,144,0.0
2019,Sabah,Putatan,Putatan,CIKU,CIKU,Ciku,CIKU / Sapodilla,major,0.0,0.0,0.0,0.0,0.0,statistik_tanaman_buah_2019.pdf,144,0.0
2019,Sabah,Putatan,Putatan,DOKONG,DOKONG,Dokong,DOKONG / (Dokong),major,0.0,0.0,0.0,0.0,0.0,statistik_tanaman_buah_2019.pdf,145,0.0
2019,Sabah,Putatan,Putatan,DUKU,DUKU,Duku,DUKU / (Duku),major,0.0,0.0,0.0,0.0,0.0,statistik_tanaman_buah_2019.pdf,145,0.0
2019,Sabah,Putatan,Putatan,DURIAN,DURIAN,Durian,DURIAN / (Durian),major,0.0,0.0,0.0,0.0,0.0,statistik_tanaman_buah_2019.pdf,146,0.0
2019,Sabah,Putatan,Putatan,JAMBU_BATU,JAMBU BATU,Guava,JAMBU BATU / Guava,major,1.4,1.4,1.0,3.3,0.7142857142857143,statistik_tanaman_buah_2019.pdf,146,0.7715991045991057
2019,Sabah,Putatan,Putatan,LANGSAT,LANGSAT,Langsat,LANGSAT / (Langsat),major,0.0,0.0,0.0,0.0,0.0,statistik_tanaman_buah_2019.pdf,147,0.0
2019,Sabah,Putatan,Putatan,LIMAU_BESAR,LIMAU BESAR,Pomelo,LIMAU BESAR / Pomelo,major,0.0,0.0,0.0,0.0,0.0,statistik_tanaman_buah_2019.pdf,147,0.0
2019,Sabah,Putatan,Putatan,LIMAU_MANIS,LIMAU MANIS,Sweet Orange,LIMAU MANIS / Sweet Orange,major,0.0,0.0,0.0,0.0,0.0,statistik_tanaman_buah_2019.pdf,148,0.0
2019,Sabah,Putatan,Putatan,MANGGA,MANGGA,Mango,MANGGA / Mango,major,0.0,0.0,0.0,0.0,0.0,statistik_tanaman_buah_2019.pdf,148,0.0
2019,Sabah,Putatan,Putatan,MANGGIS,MANGGIS,Mangosteen,MANGGIS / Mangosteen,major,0.0,0.0,0.0,0.0,0.0,statistik_tanaman_buah_2019.pdf,149,0.0
2019,Sabah,Putatan,Putatan,MATA_NAGA,MATA NAGA,Dragon Fruit,MATA NAGA / Dragon Fruit,major,0.0,0.0,0.0,0.0,0.0,statistik_tanaman_buah_2019.pdf,149,0.0
2019,Sabah,Putatan,Putatan,NANAS,NANAS,Pineapple,NANAS / Pineapple,major,0.0,0.0,0.0,0.0,0.0,statistik_tanaman_buah_2019.pdf,150,0.0
2019,Sabah,Putatan,Putatan,NANGKA,NANGKA,Jackfruit,NANGKA / Jackfruit,major,0.0,0.0,0.0,0.0,0.0,statistik_tanaman_buah_2019.pdf,150,0.0
2019,Sabah,Putatan,Putatan,PISANG,PISANG,Banana,PISANG / Banana,major,4.1,1.5,15.0,26.7,10.0,statistik_tanaman_buah_2019.pdf,151,9.51132415216362
2019,Sabah,Putatan,Putatan,PULASAN,PULASAN,Pulasan,PULASAN / (Pulasan),major,0.0,0.0,0.0,0.0,0.0,statistik_tanaman_buah_2019.pdf,151,0.0
2019,Sabah,Putatan,Putatan,RAMBUTAN,RAMBUTAN,Rambutan,RAMBUTAN / (Rambutan),major,0.0,0.0,0.0,0.0,0.0,statistik_tanaman_buah_2019.pdf,152,0.0
2019,Sabah,Putatan,Putatan,SALAK,SALAK,Salak,SALAK / (Salak),major,0.0,0.0,0.0,0.0,0.0,statistik_tanaman_buah_2019.pdf,152,0.0
2019,Sabah,Putatan,Putatan,TEMBIKAI,TEMBIKAI,Watermelon,TEMBIKAI / Water-melon,major,2.4,2.4,19.2,28.3,8.0,statistik_tanaman_buah_2019.pdf,153,8.213481134258013
2019,Sabah,Ranau,Ranau,BELIMBING,BELIMBING,Starfruit,BELIMBING / Starfruit,major,5.0,5.0,11.1,28.3,2.22,statistik_tanaman_buah_2019.pdf,143,2.2419101436643145
2019,Sabah,Ranau,Ranau,BETIK,BETIK,Papaya,BETIK / Papaya,major,16.0,16.0,164.3,263.4,10.26875,statistik_tanaman_buah_2019.pdf,143,10.966888489248309
2019,Sabah,Ranau,Ranau,CEMPEDAK,CEMPEDAK,Cempedak,CEMPEDAK / (Cempedak),major,110.9,37.0,259.0,932.4,7.0,statistik_tanaman_buah_2019.pdf,144,6.813727345895697
2019,Sabah,Ranau,Ranau,CIKU,CIKU,Ciku,CIKU / Sapodilla,major,0.0,0.0,0.0,0.0,0.0,statistik_tanaman_buah_2019.pdf,144,0.0
2019,Sabah,Ranau,Ranau,DOKONG,DOKONG,Dokong,DOKONG / (Dokong),major,5.0,4.0,5.0,9.3,1.25,statistik_tanaman_buah_2019.pdf,145,1.2466906208927993
2019,Sabah,Ranau,Ranau,DUKU,DUKU,Duku,DUKU / (Duku),major,26.0,17.0,13.1,21.6,0.7705882352941176,statistik_tanaman_buah_2019.pdf,145,0.7994309340505459
2019,Sabah,Ranau,Ranau,DURIAN,DURIAN,Durian,DURIAN / (Durian),major,1400.1,727.9,7271.5,144443.2,9.989696386866328,statistik_tanaman_buah_2019.pdf,146,9.115260173712503
2019,Sabah,Ranau,Ranau,JAMBU_BATU,JAMBU BATU,Guava,JAMBU BATU / Guava,major,3.0,3.0,26.1,86.1,8.700000000000001,statistik_tanaman_buah_2019.pdf,146,8.846298922269481
2019,Sabah,Ranau,Ranau,LANGSAT,LANGSAT,Langsat,LANGSAT / (Langsat),major,380.8,120.0,1200.0,3240.0,10.0,statistik_tanaman_buah_2019.pdf,147,9.495012713707032
2019,Sabah,Ranau,Ranau,LIMAU_BESAR,LIMAU BESAR,Pomelo,LIMAU BESAR / Pomelo,major,5.0,5.0,22.9,58.4,4.58,statistik_tanaman_buah_2019.pdf,147,4.585161131540006
2019,Sabah,Ranau,Ranau,LIMAU_MANIS,LIMAU MANIS,Sweet Orange,LIMAU MANIS / Sweet Orange,major,5.0,5.0,20.6,49.4,4.12,statistik_tanaman_buah_2019.pdf,148,4.0480788592359875
2019,Sabah,Ranau,Ranau,MANGGA,MANGGA,Mango,MANGGA / Mango,major,55.3,35.0,165.0,1182.5,4.714285714285714,statistik_tanaman_buah_2019.pdf,148,4.777814879234947
2019,Sabah,Ranau,Ranau,MANGGIS,MANGGIS,Mangosteen,MANGGIS / Mangosteen,major,29.6,10.0,80.0,300.0,8.0,statistik_tanaman_buah_2019.pdf,149,7.85236574639211
2019,Sabah,Ranau,Ranau,MATA_NAGA,MATA NAGA,Dragon Fruit,MATA NAGA / Dragon Fruit,major,0.0,0.0,0.0,0.0,0.0,statistik_tanaman_buah_2019.pdf,149,0.0
2019,Sabah,Ranau,Ranau,NANAS,NANAS,Pineapple,NANAS / Pineapple,major,25.7,24.1,271.0,535.2,11.244813278008298,statistik_tanaman_buah_2019.pdf,150,10.795906207121545
2019,Sabah,Ranau,Ranau,NANGKA,NANGKA,Jackfruit,NANGKA / Jackfruit,major,35.6,33.6,194.0,378.3,5.773809523809524,statistik_tanaman_buah_2019.pdf,150,5.7493299280896855
2019,Sabah,Ranau,Ranau,PISANG,PISANG,Banana,PISANG / Banana,major,155.0,111.0,1664.6,2963.0,14.996396396396396,statistik_tanaman_buah_2019.pdf,151,14.343434427475422
2019,Sabah,Ranau,Ranau,PULASAN,PULASAN,Pulasan,PULASAN / (Pulasan),major,0.0,0.0,0.0,0.0,0.0,statistik_tanaman_buah_2019.pdf,151,0.0
2019,Sabah,Ranau,Ranau,RAMBUTAN,RAMBUTAN,Rambutan,RAMBUTAN / (Rambutan),major,188.5,63.0,630.0,1401.8,10.0,statistik_tanaman_buah_2019.pdf,152,9.780523013513493
2019,Sabah,Ranau,Ranau,SALAK,SALAK,Salak,SALAK / (Salak),major,1.0,1.0,1.1,2.1,1.1,statistik_tanaman_buah_2019.pdf,152,1.0793888888888892
2019,Sabah,Ranau,Ranau,TEMBIKAI,TEMBIKAI,Watermelon,TEMBIKAI / Water-melon,major,0.8,0.8,11.0,16.2,13.75,statistik_tanaman_buah_2019.pdf,153,13.292946561200246
2019,Sabah,Sandakan,Sandakan,BELIMBING,BELIMBING,Starfruit,BELIMBING / Starfruit,major,5.0,5.0,38.0,96.9,7.6,statistik_tanaman_buah_2019.pdf,143,7.70405188005763
2019,Sabah,Sandakan,Sandakan,BETIK,BETIK,Papaya,BETIK / Papaya,major,3.8,3.8,30.6,49.1,8.05263157894737,statistik_tanaman_buah_2019.pdf,143,8.205669121769906
2019,Sabah,Sandakan,Sandakan,CEMPEDAK,CEMPEDAK,Cempedak,CEMPEDAK / (Cempedak),major,3.0,2.0,29.0,104.4,14.5,statistik_tanaman_buah_2019.pdf,144,14.08262917067334
2019,Sabah,Sandakan,Sandakan,CIKU,CIKU,Ciku,CIKU / Sapodilla,major,2.8,2.8,14.0,39.9,5.0,statistik_tanaman_buah_2019.pdf,144,5.116131291696805
2019,Sabah,Sandakan,Sandakan,DOKONG,DOKONG,Dokong,DOKONG / (Dokong),major,6.1,6.1,51.0,94.4,8.360655737704919,statistik_tanaman_buah_2019.pdf,145,8.434607515058111
2019,Sabah,Sandakan,Sandakan,DUKU,DUKU,Duku,DUKU / (Duku),major,36.8,36.8,261.8,432.0,7.114130434782609,statistik_tanaman_buah_2019.pdf,145,7.012310996187603
2019,Sabah,Sandakan,Sandakan,DURIAN,DURIAN,Durian,DURIAN / (Durian),major,87.6,50.0,410.0,8144.4,8.2,statistik_tanaman_buah_2019.pdf,146,7.99598133468099
2019,Sabah,Sandakan,Sandakan,JAMBU_BATU,JAMBU BATU,Guava,JAMBU BATU / Guava,major,8.5,6.5,37.0,122.1,5.6923076923076925,statistik_tanaman_buah_2019.pdf,146,5.740754703150891
2019,Sabah,Sandakan,Sandakan,LANGSAT,LANGSAT,Langsat,LANGSAT / (Langsat),major,50.0,50.0,350.0,945.0,7.0,statistik_tanaman_buah_2019.pdf,147,7.447126086320271
2019,Sabah,Sandakan,Sandakan,LIMAU_BESAR,LIMAU BESAR,Pomelo,LIMAU BESAR / Pomelo,major,7.1,6.1,4.0,10.2,0.6557377049180328,statistik_tanaman_buah_2019.pdf,147,0.7563485909188106
2019,Sabah,Sandakan,Sandakan,LIMAU_MANIS,LIMAU MANIS,Sweet Orange,LIMAU MANIS / Sweet Orange,major,1.5,1.5,4.0,9.6,2.6666666666666665,statistik_tanaman_buah_2019.pdf,148,2.7177174908424826
2019,Sabah,Sandakan,Sandakan,MANGGA,MANGGA,Mango,MANGGA / Mango,major,110.1,70.0,231.0,1655.5,3.3,statistik_tanaman_buah_2019.pdf,148,3.3235367892997854
2019,Sabah,Sandakan,Sandakan,MANGGIS,MANGGIS,Mangosteen,MANGGIS / Mangosteen,major,28.1,28.1,180.0,675.0,6.405693950177936,statistik_tanaman_buah_2019.pdf,149,6.023556042049833
2019,Sabah,Sandakan,Sandakan,MATA_NAGA,MATA NAGA,Dragon Fruit,MATA NAGA / Dragon Fruit,major,3.0,3.0,18.0,81.9,6.0,statistik_tanaman_buah_2019.pdf,149,6.050706576230286
2019,Sabah,Sandakan,Sandakan,NANAS,NANAS,Pineapple,NANAS / Pineapple,major,6.5,2.5,17.0,33.6,6.8,statistik_tanaman_buah_2019.pdf,150,6.92570980379771
2019,Sabah,Sandakan,Sandakan,NANGKA,NANGKA,Jackfruit,NANGKA / Jackfruit,major,7.5,3.5,45.0,87.8,12.857142857142858,statistik_tanaman_buah_2019.pdf,150,11.581970096759738
2019,Sabah,Sandakan,Sandakan,PISANG,PISANG,Banana,PISANG / Banana,major,44.0,32.0,386.2,687.4,12.06875,statistik_tanaman_buah_2019.pdf,151,12.308154064957096
2019,Sabah,Sandakan,Sandakan,PULASAN,PULASAN,Pulasan,PULASAN / (Pulasan),major,0.0,0.0,0.0,0.0,0.0,statistik_tanaman_buah_2019.pdf,151,0.0
2019,Sabah,Sandakan,Sandakan,RAMBUTAN,RAMBUTAN,Rambutan,RAMBUTAN / (Rambutan),major,90.9,88.0,674.0,1499.7,7.659090909090909,statistik_tanaman_buah_2019.pdf,152,8.271008983029771
2019,Sabah,Sandakan,Sandakan,SALAK,SALAK,Salak,SALAK / (Salak),major,60.0,57.0,416.1,790.6,7.300000000000001,statistik_tanaman_buah_2019.pdf,152,7.610224018154599
2019,Sabah,Sandakan,Sandakan,TEMBIKAI,TEMBIKAI,Watermelon,TEMBIKAI / Water-melon,major,12.0,12.0,115.0,169.6,9.583333333333334,statistik_tanaman_buah_2019.pdf,153,10.146659742743497
2019,Sabah,Semporna,Semporna,BELIMBING,BELIMBING,Starfruit,BELIMBING / Starfruit,major,0.0,0.0,0.0,0.0,0.0,statistik_tanaman_buah_2019.pdf,143,0.0
2019,Sabah,Semporna,Semporna,BETIK,BETIK,Papaya,BETIK / Papaya,major,4.7,4.6,30.2,48.4,6.565217391304349,statistik_tanaman_buah_2019.pdf,143,6.88739001120328
2019,Sabah,Semporna,Semporna,CEMPEDAK,CEMPEDAK,Cempedak,CEMPEDAK / (Cempedak),major,0.0,0.0,0.0,0.0,0.0,statistik_tanaman_buah_2019.pdf,144,0.0
2019,Sabah,Semporna,Semporna,CIKU,CIKU,Ciku,CIKU / Sapodilla,major,0.0,0.0,0.0,0.0,0.0,statistik_tanaman_buah_2019.pdf,144,0.0
2019,Sabah,Semporna,Semporna,DOKONG,DOKONG,Dokong,DOKONG / (Dokong),major,0.0,0.0,0.0,0.0,0.0,statistik_tanaman_buah_2019.pdf,145,0.0
2019,Sabah,Semporna,Semporna,DUKU,DUKU,Duku,DUKU / (Duku),major,0.0,0.0,0.0,0.0,0.0,statistik_tanaman_buah_2019.pdf,145,0.0
2019,Sabah,Semporna,Semporna,DURIAN,DURIAN,Durian,DURIAN / (Durian),major,14.0,5.0,11.8,234.4,2.3600000000000003,statistik_tanaman_buah_2019.pdf,146,2.372411536946117
2019,Sabah,Semporna,Semporna,JAMBU_BATU,JAMBU BATU,Guava,JAMBU BATU / Guava,major,29.6,25.0,176.0,580.8,7.04,statistik_tanaman_buah_2019.pdf,146,6.981578242640623
2019,Sabah,Semporna,Semporna,LANGSAT,LANGSAT,Langsat,LANGSAT / (Langsat),major,18.0,9.0,42.6,115.0,4.733333333333333,statistik_tanaman_buah_2019.pdf,147,4.784814920851295
2019,Sabah,Semporna,Semporna,LIMAU_BESAR,LIMAU BESAR,Pomelo,LIMAU BESAR / Pomelo,major,0.0,0.0,0.0,0.0,0.0,statistik_tanaman_buah_2019.pdf,147,0.0
2019,Sabah,Semporna,Semporna,LIMAU_MANIS,LIMAU MANIS,Sweet Orange,LIMAU MANIS / Sweet Orange,major,0.0,0.0,0.0,0.0,0.0,statistik_tanaman_buah_2019.pdf,148,0.0
2019,Sabah,Semporna,Semporna,MANGGA,MANGGA,Mango,MANGGA / Mango,major,77.2,43.0,80.7,578.4,1.876744186046512,statistik_tanaman_buah_2019.pdf,148,1.9419142002336798
2019,Sabah,Semporna,Semporna,MANGGIS,MANGGIS,Mangosteen,MANGGIS / Mangosteen,major,0.0,0.0,0.0,0.0,0.0,statistik_tanaman_buah_2019.pdf,149,0.0
2019,Sabah,Semporna,Semporna,MATA_NAGA,MATA NAGA,Dragon Fruit,MATA NAGA / Dragon Fruit,major,0.0,0.0,0.0,0.0,0.0,statistik_tanaman_buah_2019.pdf,149,0.0
2019,Sabah,Semporna,Semporna,NANAS,NANAS,Pineapple,NANAS / Pineapple,major,1.4,0.0,0.0,0.0,0.0,statistik_tanaman_buah_2019.pdf,150,0.0
2019,Sabah,Semporna,Semporna,NANGKA,NANGKA,Jackfruit,NANGKA / Jackfruit,major,0.0,0.0,0.0,0.0,0.0,statistik_tanaman_buah_2019.pdf,150,0.0
2019,Sabah,Semporna,Semporna,PISANG,PISANG,Banana,PISANG / Banana,major,121.6,89.4,954.1,1698.3,10.672259507829978,statistik_tanaman_buah_2019.pdf,151,11.080569112073151
2019,Sabah,Semporna,Semporna,PULASAN,PULASAN,Pulasan,PULASAN / (Pulasan),major,0.0,0.0,0.0,0.0,0.0,statistik_tanaman_buah_2019.pdf,151,0.0
2019,Sabah,Semporna,Semporna,RAMBUTAN,RAMBUTAN,Rambutan,RAMBUTAN / (Rambutan),major,77.5,69.0,548.0,1219.3,7.942028985507246,statistik_tanaman_buah_2019.pdf,152,7.895803825817222
2019,Sabah,Semporna,Semporna,SALAK,SALAK,Salak,SALAK / (Salak),major,0.0,0.0,0.0,0.0,0.0,statistik_tanaman_buah_2019.pdf,152,0.0
2019,Sabah,Semporna,Semporna,TEMBIKAI,TEMBIKAI,Watermelon,TEMBIKAI / Water-melon,major,0.0,0.0,0.0,0.0,0.0,statistik_tanaman_buah_2019.pdf,153,0.0
2019,Sabah,Sipitang,Sipitang,BELIMBING,BELIMBING,Starfruit,BELIMBING / Starfruit,major,0.0,0.0,0.0,0.0,0.0,statistik_tanaman_buah_2019.pdf,143,0.0
2019,Sabah,Sipitang,Sipitang,BETIK,BETIK,Papaya,BETIK / Papaya,major,0.0,0.0,0.0,0.0,0.0,statistik_tanaman_buah_2019.pdf,143,0.0
2019,Sabah,Sipitang,Sipitang,CEMPEDAK,CEMPEDAK,Cempedak,CEMPEDAK / (Cempedak),major,213.2,181.2,308.1,1109.2,1.7003311258278149,statistik_tanaman_buah_2019.pdf,144,2.4075832587674975
2019,Sabah,Sipitang,Sipitang,CIKU,CIKU,Ciku,CIKU / Sapodilla,major,1.1,0.1,0.1,0.3,1.0,statistik_tanaman_buah_2019.pdf,144,1.0014166666666666
2019,Sabah,Sipitang,Sipitang,DOKONG,DOKONG,Dokong,DOKONG / (Dokong),major,4.6,3.9,15.7,29.0,4.0256410256410255,statistik_tanaman_buah_2019.pdf,145,3.9234854951392193
2019,Sabah,Sipitang,Sipitang,DUKU,DUKU,Duku,DUKU / (Duku),major,17.8,15.2,76.2,125.7,5.0131578947368425,statistik_tanaman_buah_2019.pdf,145,5.044478997404417
2019,Sabah,Sipitang,Sipitang,DURIAN,DURIAN,Durian,DURIAN / (Durian),major,615.8,495.5,3616.1,71831.2,7.297880928355196,statistik_tanaman_buah_2019.pdf,146,7.684722842896561
2019,Sabah,Sipitang,Sipitang,JAMBU_BATU,JAMBU BATU,Guava,JAMBU BATU / Guava,major,1.3,1.2,3.2,10.6,2.666666666666667,statistik_tanaman_buah_2019.pdf,146,3.0782957320457367
2019,Sabah,Sipitang,Sipitang,LANGSAT,LANGSAT,Langsat,LANGSAT / (Langsat),major,87.8,74.7,294.1,794.1,3.9370816599732255,statistik_tanaman_buah_2019.pdf,147,4.013426064064829
2019,Sabah,Sipitang,Sipitang,LIMAU_BESAR,LIMAU BESAR,Pomelo,LIMAU BESAR / Pomelo,major,2.0,0.6,0.5,1.3,0.8333333333333334,statistik_tanaman_buah_2019.pdf,147,0.8939722222222241
2019,Sabah,Sipitang,Sipitang,LIMAU_MANIS,LIMAU MANIS,Sweet Orange,LIMAU MANIS / Sweet Orange,major,6.1,4.3,8.1,19.4,1.8837209302325584,statistik_tanaman_buah_2019.pdf,148,1.8562807761565132
2019,Sabah,Sipitang,Sipitang,MANGGA,MANGGA,Mango,MANGGA / Mango,major,5.0,1.0,1.5,10.8,1.5,statistik_tanaman_buah_2019.pdf,148,1.5191131461131453
2019,Sabah,Sipitang,Sipitang,MANGGIS,MANGGIS,Mangosteen,MANGGIS / Mangosteen,major,8.0,2.0,2.0,7.5,1.0,statistik_tanaman_buah_2019.pdf,149,1.0185080971659919
2019,Sabah,Sipitang,Sipitang,MATA_NAGA,MATA NAGA,Dragon Fruit,MATA NAGA / Dragon Fruit,major,0.0,0.0,0.0,0.0,0.0,statistik_tanaman_buah_2019.pdf,149,0.0
2019,Sabah,Sipitang,Sipitang,NANAS,NANAS,Pineapple,NANAS / Pineapple,major,14.8,13.7,163.4,322.7,11.927007299270072,statistik_tanaman_buah_2019.pdf,150,11.982686494995836
2019,Sabah,Sipitang,Sipitang,NANGKA,NANGKA,Jackfruit,NANGKA / Jackfruit,major,1.0,0.3,0.6,1.2,2.0,statistik_tanaman_buah_2019.pdf,150,2.0080555555555555
2019,Sabah,Sipitang,Sipitang,PISANG,PISANG,Banana,PISANG / Banana,major,287.9,281.8,5323.8,9476.4,18.892122072391768,statistik_tanaman_buah_2019.pdf,151,18.780768327286808
2019,Sabah,Sipitang,Sipitang,PULASAN,PULASAN,Pulasan,PULASAN / (Pulasan),major,0.0,0.0,0.0,0.0,0.0,statistik_tanaman_buah_2019.pdf,151,0.0
2019,Sabah,Sipitang,Sipitang,RAMBUTAN,RAMBUTAN,Rambutan,RAMBUTAN / (Rambutan),major,120.0,108.0,409.6,911.4,3.7925925925925927,statistik_tanaman_buah_2019.pdf,152,3.988120415645957
2019,Sabah,Sipitang,Sipitang,SALAK,SALAK,Salak,SALAK / (Salak),major,0.0,0.0,0.0,0.0,0.0,statistik_tanaman_buah_2019.pdf,152,0.0
2019,Sabah,Sipitang,Sipitang,TEMBIKAI,TEMBIKAI,Watermelon,TEMBIKAI / Water-melon,major,13.5,13.5,257.6,380.0,19.08148148148148,statistik_tanaman_buah_2019.pdf,153,18.35486363754157
2019,Sabah,Sook,Sook,BELIMBING,BELIMBING,Starfruit,BELIMBING / Starfruit,major,1.9,1.2,1.0,2.6,0.8333333333333334,statistik_tanaman_buah_2019.pdf,143,0.8632808302808324
2019,Sabah,Sook,Sook,BETIK,BETIK,Papaya,BETIK / Papaya,major,0.0,0.0,0.0,0.0,0.0,statistik_tanaman_buah_2019.pdf,143,0.0
2019,Sabah,Sook,Sook,CEMPEDAK,CEMPEDAK,Cempedak,CEMPEDAK / (Cempedak),major,18.0,0.0,0.0,0.0,0.0,statistik_tanaman_buah_2019.pdf,144,0.0
2019,Sabah,Sook,Sook,CIKU,CIKU,Ciku,CIKU / Sapodilla,major,0.0,0.0,0.0,0.0,0.0,statistik_tanaman_buah_2019.pdf,144,0.0
2019,Sabah,Sook,Sook,DOKONG,DOKONG,Dokong,DOKONG / (Dokong),major,3.0,3.0,3.0,5.6,1.0,statistik_tanaman_buah_2019.pdf,145,1.0092807081807083
2019,Sabah,Sook,Sook,DUKU,DUKU,Duku,DUKU / (Duku),major,1.0,1.0,3.0,5.0,3.0,statistik_tanaman_buah_2019.pdf,145,2.935888888888884
2019,Sabah,Sook,Sook,DURIAN,DURIAN,Durian,DURIAN / (Durian),major,58.1,22.0,140.0,2781.0,6.363636363636363,statistik_tanaman_buah_2019.pdf,146,6.420169226067654
2019,Sabah,Sook,Sook,JAMBU_BATU,JAMBU BATU,Guava,JAMBU BATU / Guava,major,0.0,0.0,0.0,0.0,0.0,statistik_tanaman_buah_2019.pdf,146,0.0
2019,Sabah,Sook,Sook,LANGSAT,LANGSAT,Langsat,LANGSAT / (Langsat),major,20.0,12.0,87.6,236.5,7.3,statistik_tanaman_buah_2019.pdf,147,7.477555484386318
2019,Sabah,Sook,Sook,LIMAU_BESAR,LIMAU BESAR,Pomelo,LIMAU BESAR / Pomelo,major,3.0,3.0,13.6,34.7,4.533333333333333,statistik_tanaman_buah_2019.pdf,147,4.657092336271637
2019,Sabah,Sook,Sook,LIMAU_MANIS,LIMAU MANIS,Sweet Orange,LIMAU MANIS / Sweet Orange,major,4.6,4.0,8.4,20.2,2.1,statistik_tanaman_buah_2019.pdf,148,2.2248076119921283
2019,Sabah,Sook,Sook,MANGGA,MANGGA,Mango,MANGGA / Mango,major,10.7,7.5,17.2,123.3,2.293333333333333,statistik_tanaman_buah_2019.pdf,148,2.3603084047193517
2019,Sabah,Sook,Sook,MANGGIS,MANGGIS,Mangosteen,MANGGIS / Mangosteen,major,11.7,4.5,30.6,114.8,6.800000000000001,statistik_tanaman_buah_2019.pdf,149,6.543761080842379
2019,Sabah,Sook,Sook,MATA_NAGA,MATA NAGA,Dragon Fruit,MATA NAGA / Dragon Fruit,major,2.7,2.2,14.6,66.4,6.636363636363636,statistik_tanaman_buah_2019.pdf,149,6.928600079744848
2019,Sabah,Sook,Sook,NANAS,NANAS,Pineapple,NANAS / Pineapple,major,65.7,62.0,1370.0,2705.8,22.096774193548388,statistik_tanaman_buah_2019.pdf,150,21.2198326606258
2019,Sabah,Sook,Sook,NANGKA,NANGKA,Jackfruit,NANGKA / Jackfruit,major,14.0,0.0,0.0,0.0,0.0,statistik_tanaman_buah_2019.pdf,150,0.0
2019,Sabah,Sook,Sook,PISANG,PISANG,Banana,PISANG / Banana,major,65.6,52.0,631.5,1124.1,12.14423076923077,statistik_tanaman_buah_2019.pdf,151,12.412193294933147
2019,Sabah,Sook,Sook,PULASAN,PULASAN,Pulasan,PULASAN / (Pulasan),major,0.0,0.0,0.0,0.0,0.0,statistik_tanaman_buah_2019.pdf,151,0.0
2019,Sabah,Sook,Sook,RAMBUTAN,RAMBUTAN,Rambutan,RAMBUTAN / (Rambutan),major,31.5,25.0,150.4,334.6,6.016,statistik_tanaman_buah_2019.pdf,152,6.168707030168289
2019,Sabah,Sook,Sook,SALAK,SALAK,Salak,SALAK / (Salak),major,0.0,0.0,0.0,0.0,0.0,statistik_tanaman_buah_2019.pdf,152,0.0
2019,Sabah,Sook,Sook,TEMBIKAI,TEMBIKAI,Watermelon,TEMBIKAI / Water-melon,major,2.0,0.0,0.0,0.0,0.0,statistik_tanaman_buah_2019.pdf,153,0.0
2019,Sabah,Tambunan,Tambunan,BELIMBING,BELIMBING,Starfruit,BELIMBING / Starfruit,major,0.6,0.6,1.2,3.1,2.0,statistik_tanaman_buah_2019.pdf,143,1.9953174603174602
2019,Sabah,Tambunan,Tambunan,BETIK,BETIK,Papaya,BETIK / Papaya,major,0.4,0.2,1.9,3.0,9.499999999999998,statistik_tanaman_buah_2019.pdf,143,9.112222222222222
2019,Sabah,Tambunan,Tambunan,CEMPEDAK,CEMPEDAK,Cempedak,CEMPEDAK / (Cempedak),major,3.0,1.2,12.4,44.6,10.333333333333334,statistik_tanaman_buah_2019.pdf,144,9.833536860828639
2019,Sabah,Tambunan,Tambunan,CIKU,CIKU,Ciku,CIKU / Sapodilla,major,0.0,0.0,0.0,0.0,0.0,statistik_tanaman_buah_2019.pdf,144,0.0
2019,Sabah,Tambunan,Tambunan,DOKONG,DOKONG,Dokong,DOKONG / (Dokong),major,0.0,0.0,0.0,0.0,0.0,statistik_tanaman_buah_2019.pdf,145,0.0
2019,Sabah,Tambunan,Tambunan,DUKU,DUKU,Duku,DUKU / (Duku),major,0.0,0.0,0.0,0.0,0.0,statistik_tanaman_buah_2019.pdf,145,0.0
2019,Sabah,Tambunan,Tambunan,DURIAN,DURIAN,Durian,DURIAN / (Durian),major,73.9,23.0,189.0,3754.4,8.217391304347826,statistik_tanaman_buah_2019.pdf,146,7.804241471856074
2019,Sabah,Tambunan,Tambunan,JAMBU_BATU,JAMBU BATU,Guava,JAMBU BATU / Guava,major,9.0,0.9,1.5,5.0,1.6666666666666663,statistik_tanaman_buah_2019.pdf,146,2.113069597069596
2019,Sabah,Tambunan,Tambunan,LANGSAT,LANGSAT,Langsat,LANGSAT / (Langsat),major,4.9,4.0,24.4,65.9,6.1,statistik_tanaman_buah_2019.pdf,147,6.133000385648296
2019,Sabah,Tambunan,Tambunan,LIMAU_BESAR,LIMAU BESAR,Pomelo,LIMAU BESAR / Pomelo,major,0.7,0.5,2.4,6.1,4.8,statistik_tanaman_buah_2019.pdf,147,5.816563492063491
2019,Sabah,Tambunan,Tambunan,LIMAU_MANIS,LIMAU MANIS,Sweet Orange,LIMAU MANIS / Sweet Orange,major,2.7,2.0,7.2,17.3,3.6,statistik_tanaman_buah_2019.pdf,148,3.733941645849098
2019,Sabah,Tambunan,Tambunan,MANGGA,MANGGA,Mango,MANGGA / Mango,major,6.3,6.0,22.1,158.4,3.6833333333333336,statistik_tanaman_buah_2019.pdf,148,3.702991101703613
2019,Sabah,Tambunan,Tambunan,MANGGIS,MANGGIS,Mangosteen,MANGGIS / Mangosteen,major,5.5,5.5,27.0,101.3,4.909090909090909,statistik_tanaman_buah_2019.pdf,149,4.938462401669014
2019,Sabah,Tambunan,Tambunan,MATA_NAGA,MATA NAGA,Dragon Fruit,MATA NAGA / Dragon Fruit,major,0.2,0.2,0.3,1.4,1.4999999999999998,statistik_tanaman_buah_2019.pdf,149,1.6183333333333332
2019,Sabah,Tambunan,Tambunan,NANAS,NANAS,Pineapple,NANAS / Pineapple,major,49.8,32.0,192.0,379.2,6.0,statistik_tanaman_buah_2019.pdf,150,6.1287859354717265
2019,Sabah,Tambunan,Tambunan,NANGKA,NANGKA,Jackfruit,NANGKA / Jackfruit,major,1.6,1.4,13.0,25.4,9.285714285714286,statistik_tanaman_buah_2019.pdf,150,9.212019464195903
2019,Sabah,Tambunan,Tambunan,PISANG,PISANG,Banana,PISANG / Banana,major,33.8,16.4,194.6,346.4,11.865853658536588,statistik_tanaman_buah_2019.pdf,151,11.864884152459934
2019,Sabah,Tambunan,Tambunan,PULASAN,PULASAN,Pulasan,PULASAN / (Pulasan),major,0.0,0.0,0.0,0.0,0.0,statistik_tanaman_buah_2019.pdf,151,0.0
2019,Sabah,Tambunan,Tambunan,RAMBUTAN,RAMBUTAN,Rambutan,RAMBUTAN / (Rambutan),major,14.9,7.0,48.0,106.8,6.857142857142857,statistik_tanaman_buah_2019.pdf,152,6.867486299315925
2019,Sabah,Tambunan,Tambunan,SALAK,SALAK,Salak,SALAK / (Salak),major,0.0,0.0,0.0,0.0,0.0,statistik_tanaman_buah_2019.pdf,152,0.0
2019,Sabah,Tambunan,Tambunan,TEMBIKAI,TEMBIKAI,Watermelon,TEMBIKAI / Water-melon,major,0.0,0.0,0.0,0.0,0.0,statistik_tanaman_buah_2019.pdf,153,0.0
2019,Sabah,Tawau,Tawau,BELIMBING,BELIMBING,Starfruit,BELIMBING / Starfruit,major,7.0,7.0,82.3,209.9,11.757142857142856,statistik_tanaman_buah_2019.pdf,143,11.826698000893249
2019,Sabah,Tawau,Tawau,BETIK,BETIK,Papaya,BETIK / Papaya,major,8.0,7.8,139.1,223.0,17.833333333333332,statistik_tanaman_buah_2019.pdf,143,17.69729606433604
2019,Sabah,Tawau,Tawau,CEMPEDAK,CEMPEDAK,Cempedak,CEMPEDAK / (Cempedak),major,121.0,89.0,195.2,702.7,2.193258426966292,statistik_tanaman_buah_2019.pdf,144,2.3273964877399607
2019,Sabah,Tawau,Tawau,CIKU,CIKU,Ciku,CIKU / Sapodilla,major,0.0,0.0,0.0,0.0,0.0,statistik_tanaman_buah_2019.pdf,144,0.0
2019,Sabah,Tawau,Tawau,DOKONG,DOKONG,Dokong,DOKONG / (Dokong),major,16.3,15.0,22.5,41.6,1.5,statistik_tanaman_buah_2019.pdf,145,1.564236089724024
2019,Sabah,Tawau,Tawau,DUKU,DUKU,Duku,DUKU / (Duku),major,14.0,12.0,30.3,50.0,2.525,statistik_tanaman_buah_2019.pdf,145,2.526411929103591
2019,Sabah,Tawau,Tawau,DURIAN,DURIAN,Durian,DURIAN / (Durian),major,320.0,169.2,1184.4,23527.3,7.000000000000001,statistik_tanaman_buah_2019.pdf,146,7.101801456920489
2019,Sabah,Tawau,Tawau,JAMBU_BATU,JAMBU BATU,Guava,JAMBU BATU / Guava,major,20.0,16.0,230.9,762.0,14.43125,statistik_tanaman_buah_2019.pdf,146,14.268951829314085
2019,Sabah,Tawau,Tawau,LANGSAT,LANGSAT,Langsat,LANGSAT / (Langsat),major,72.0,28.8,115.2,311.0,4.0,statistik_tanaman_buah_2019.pdf,147,3.98014874202329
2019,Sabah,Tawau,Tawau,LIMAU_BESAR,LIMAU BESAR,Pomelo,LIMAU BESAR / Pomelo,major,15.0,8.0,38.1,97.2,4.7625,statistik_tanaman_buah_2019.pdf,147,4.792584258376903
2019,Sabah,Tawau,Tawau,LIMAU_MANIS,LIMAU MANIS,Sweet Orange,LIMAU MANIS / Sweet Orange,major,0.0,0.0,0.0,0.0,0.0,statistik_tanaman_buah_2019.pdf,148,0.0
2019,Sabah,Tawau,Tawau,MANGGA,MANGGA,Mango,MANGGA / Mango,major,145.0,135.5,516.4,3700.9,3.811070110701107,statistik_tanaman_buah_2019.pdf,148,3.852827584180568
2019,Sabah,Tawau,Tawau,MANGGIS,MANGGIS,Mangosteen,MANGGIS / Mangosteen,major,55.8,0.0,0.0,0.0,0.0,statistik_tanaman_buah_2019.pdf,149,0.0
2019,Sabah,Tawau,Tawau,MATA_NAGA,MATA NAGA,Dragon Fruit,MATA NAGA / Dragon Fruit,major,0.0,0.0,0.0,0.0,0.0,statistik_tanaman_buah_2019.pdf,149,0.0
2019,Sabah,Tawau,Tawau,NANAS,NANAS,Pineapple,NANAS / Pineapple,major,26.1,22.5,337.7,667.0,15.008888888888889,statistik_tanaman_buah_2019.pdf,150,15.056850261061287
2019,Sabah,Tawau,Tawau,NANGKA,NANGKA,Jackfruit,NANGKA / Jackfruit,major,52.0,44.6,607.4,1184.4,13.618834080717487,statistik_tanaman_buah_2019.pdf,150,13.429615195097215
2019,Sabah,Tawau,Tawau,PISANG,PISANG,Banana,PISANG / Banana,major,204.1,188.9,2840.2,5055.6,15.035468501852831,statistik_tanaman_buah_2019.pdf,151,15.03278626172475
2019,Sabah,Tawau,Tawau,PULASAN,PULASAN,Pulasan,PULASAN / (Pulasan),major,0.0,0.0,0.0,0.0,0.0,statistik_tanaman_buah_2019.pdf,151,0.0
2019,Sabah,Tawau,Tawau,RAMBUTAN,RAMBUTAN,Rambutan,RAMBUTAN / (Rambutan),major,270.0,161.0,1207.0,2685.6,7.496894409937888,statistik_tanaman_buah_2019.pdf,152,7.572954921878559
2019,Sabah,Tawau,Tawau,SALAK,SALAK,Salak,SALAK / (Salak),major,68.0,63.5,564.8,1073.1,8.894488188976377,statistik_tanaman_buah_2019.pdf,152,8.81474273650131
2019,Sabah,Tawau,Tawau,TEMBIKAI,TEMBIKAI,Watermelon,TEMBIKAI / Water-melon,major,98.2,95.1,1403.2,2069.7,14.754994742376446,statistik_tanaman_buah_2019.pdf,153,14.71225439270948
2019,Sabah,Telupid,Telupid,BELIMBING,BELIMBING,Starfruit,BELIMBING / Starfruit,major,0.0,0.0,0.0,0.0,0.0,statistik_tanaman_buah_2019.pdf,143,0.0
2019,Sabah,Telupid,Telupid,BETIK,BETIK,Papaya,BETIK / Papaya,major,0.0,0.0,0.0,0.0,0.0,statistik_tanaman_buah_2019.pdf,143,0.0
2019,Sabah,Telupid,Telupid,CEMPEDAK,CEMPEDAK,Cempedak,CEMPEDAK / (Cempedak),major,3.0,3.0,1.2,4.3,0.3999999999999999,statistik_tanaman_buah_2019.pdf,144,0.4747082082082095
2019,Sabah,Telupid,Telupid,CIKU,CIKU,Ciku,CIKU / Sapodilla,major,0.0,0.0,0.0,0.0,0.0,statistik_tanaman_buah_2019.pdf,144,0.0
2019,Sabah,Telupid,Telupid,DOKONG,DOKONG,Dokong,DOKONG / (Dokong),major,0.0,0.0,0.0,0.0,0.0,statistik_tanaman_buah_2019.pdf,145,0.0
2019,Sabah,Telupid,Telupid,DUKU,DUKU,Duku,DUKU / (Duku),major,3.0,1.0,1.2,2.0,1.2,statistik_tanaman_buah_2019.pdf,145,1.1873597883597837
2019,Sabah,Telupid,Telupid,DURIAN,DURIAN,Durian,DURIAN / (Durian),major,38.0,9.0,22.5,446.9,2.5,statistik_tanaman_buah_2019.pdf,146,2.548293646836307
2019,Sabah,Telupid,Telupid,JAMBU_BATU,JAMBU BATU,Guava,JAMBU BATU / Guava,major,0.0,0.0,0.0,0.0,0.0,statistik_tanaman_buah_2019.pdf,146,0.0
2019,Sabah,Telupid,Telupid,LANGSAT,LANGSAT,Langsat,LANGSAT / (Langsat),major,4.0,0.0,0.0,0.0,0.0,statistik_tanaman_buah_2019.pdf,147,0.0
2019,Sabah,Telupid,Telupid,LIMAU_BESAR,LIMAU BESAR,Pomelo,LIMAU BESAR / Pomelo,major,0.0,0.0,0.0,0.0,0.0,statistik_tanaman_buah_2019.pdf,147,0.0
2019,Sabah,Telupid,Telupid,LIMAU_MANIS,LIMAU MANIS,Sweet Orange,LIMAU MANIS / Sweet Orange,major,0.0,0.0,0.0,0.0,0.0,statistik_tanaman_buah_2019.pdf,148,0.0
2019,Sabah,Telupid,Telupid,MANGGA,MANGGA,Mango,MANGGA / Mango,major,4.0,2.7,4.5,32.3,1.6666666666666663,statistik_tanaman_buah_2019.pdf,148,1.6863143482364662
2019,Sabah,Telupid,Telupid,MANGGIS,MANGGIS,Mangosteen,MANGGIS / Mangosteen,major,0.0,0.0,0.0,0.0,0.0,statistik_tanaman_buah_2019.pdf,149,0.0
2019,Sabah,Telupid,Telupid,MATA_NAGA,MATA NAGA,Dragon Fruit,MATA NAGA / Dragon Fruit,major,0.0,0.0,0.0,0.0,0.0,statistik_tanaman_buah_2019.pdf,149,0.0
2019,Sabah,Telupid,Telupid,NANAS,NANAS,Pineapple,NANAS / Pineapple,major,3.1,0.5,2.1,4.1,4.2,statistik_tanaman_buah_2019.pdf,150,4.795480158730163
2019,Sabah,Telupid,Telupid,NANGKA,NANGKA,Jackfruit,NANGKA / Jackfruit,major,1.0,0.9,2.4,4.7,2.6666666666666665,statistik_tanaman_buah_2019.pdf,150,2.696726190476183
2019,Sabah,Telupid,Telupid,PISANG,PISANG,Banana,PISANG / Banana,major,28.3,17.0,104.0,185.1,6.117647058823529,statistik_tanaman_buah_2019.pdf,151,6.212858150936078
2019,Sabah,Telupid,Telupid,PULASAN,PULASAN,Pulasan,PULASAN / (Pulasan),major,0.0,0.0,0.0,0.0,0.0,statistik_tanaman_buah_2019.pdf,151,0.0
2019,Sabah,Telupid,Telupid,RAMBUTAN,RAMBUTAN,Rambutan,RAMBUTAN / (Rambutan),major,12.0,3.0,7.0,15.6,2.333333333333333,statistik_tanaman_buah_2019.pdf,152,2.3488084794528445
2019,Sabah,Telupid,Telupid,SALAK,SALAK,Salak,SALAK / (Salak),major,0.0,0.0,0.0,0.0,0.0,statistik_tanaman_buah_2019.pdf,152,0.0
2019,Sabah,Telupid,Telupid,TEMBIKAI,TEMBIKAI,Watermelon,TEMBIKAI / Water-melon,major,1.4,1.4,8.5,12.5,6.071428571428572,statistik_tanaman_buah_2019.pdf,153,6.520018768719813
2019,Sabah,Tenom,Tenom,BELIMBING,BELIMBING,Starfruit,BELIMBING / Starfruit,major,2.6,2.0,18.6,47.4,9.3,statistik_tanaman_buah_2019.pdf,143,9.09733445034499
2019,Sabah,Tenom,Tenom,BETIK,BETIK,Papaya,BETIK / Papaya,major,120.5,102.4,3572.3,5727.6,34.8857421875,statistik_tanaman_buah_2019.pdf,143,33.70526435911596
2019,Sabah,Tenom,Tenom,CEMPEDAK,CEMPEDAK,Cempedak,CEMPEDAK / (Cempedak),major,4.7,4.0,30.5,109.8,7.625,statistik_tanaman_buah_2019.pdf,144,7.606063509668861
2019,Sabah,Tenom,Tenom,CIKU,CIKU,Ciku,CIKU / Sapodilla,major,0.0,0.0,0.0,0.0,0.0,statistik_tanaman_buah_2019.pdf,144,0.0
2019,Sabah,Tenom,Tenom,DOKONG,DOKONG,Dokong,DOKONG / (Dokong),major,10.2,7.8,179.7,332.4,23.038461538461537,statistik_tanaman_buah_2019.pdf,145,21.25034707132284
2019,Sabah,Tenom,Tenom,DUKU,DUKU,Duku,DUKU / (Duku),major,2.0,1.7,10.7,17.7,6.294117647058823,statistik_tanaman_buah_2019.pdf,145,6.394237904338506
2019,Sabah,Tenom,Tenom,DURIAN,DURIAN,Durian,DURIAN / (Durian),major,142.5,95.2,860.0,17083.3,9.033613445378151,statistik_tanaman_buah_2019.pdf,146,8.96541359027107
2019,Sabah,Tenom,Tenom,JAMBU_BATU,JAMBU BATU,Guava,JAMBU BATU / Guava,major,50.7,27.2,466.4,1539.1,17.147058823529413,statistik_tanaman_buah_2019.pdf,146,17.207217718122667
2019,Sabah,Tenom,Tenom,LANGSAT,LANGSAT,Langsat,LANGSAT / (Langsat),major,21.2,18.7,134.9,364.2,7.213903743315509,statistik_tanaman_buah_2019.pdf,147,7.220285810245911
2019,Sabah,Tenom,Tenom,LIMAU_BESAR,LIMAU BESAR,Pomelo,LIMAU BESAR / Pomelo,major,392.3,296.2,6914.6,17632.2,23.344361917623228,statistik_tanaman_buah_2019.pdf,147,23.050123355871037
2019,Sabah,Tenom,Tenom,LIMAU_MANIS,LIMAU MANIS,Sweet Orange,LIMAU MANIS / Sweet Orange,major,5.0,2.7,12.7,30.5,4.703703703703703,statistik_tanaman_buah_2019.pdf,148,5.149499388446806
2019,Sabah,Tenom,Tenom,MANGGA,MANGGA,Mango,MANGGA / Mango,major,1.0,0.7,2.2,15.8,3.1428571428571432,statistik_tanaman_buah_2019.pdf,148,3.1956388888888854
2019,Sabah,Tenom,Tenom,MANGGIS,MANGGIS,Mangosteen,MANGGIS / Mangosteen,major,15.0,13.1,118.8,445.5,9.068702290076336,statistik_tanaman_buah_2019.pdf,149,9.168255060215499
2019,Sabah,Tenom,Tenom,MATA_NAGA,MATA NAGA,Dragon Fruit,MATA NAGA / Dragon Fruit,major,0.0,0.0,0.0,0.0,0.0,statistik_tanaman_buah_2019.pdf,149,0.0
2019,Sabah,Tenom,Tenom,NANAS,NANAS,Pineapple,NANAS / Pineapple,major,2.5,0.2,0.8,1.6,4.0,statistik_tanaman_buah_2019.pdf,150,3.8333492063492063
2019,Sabah,Tenom,Tenom,NANGKA,NANGKA,Jackfruit,NANGKA / Jackfruit,major,0.0,0.0,0.0,0.0,0.0,statistik_tanaman_buah_2019.pdf,150,0.0
2019,Sabah,Tenom,Tenom,PISANG,PISANG,Banana,PISANG / Banana,major,416.2,366.2,5771.6,10273.4,15.760786455488804,statistik_tanaman_buah_2019.pdf,151,16.96511963210098
2019,Sabah,Tenom,Tenom,PULASAN,PULASAN,Pulasan,PULASAN / (Pulasan),major,0.0,0.0,0.0,0.0,0.0,statistik_tanaman_buah_2019.pdf,151,0.0
2019,Sabah,Tenom,Tenom,RAMBUTAN,RAMBUTAN,Rambutan,RAMBUTAN / (Rambutan),major,3.1,2.8,32.9,73.2,11.75,statistik_tanaman_buah_2019.pdf,152,11.504651194448869
2019,Sabah,Tenom,Tenom,SALAK,SALAK,Salak,SALAK / (Salak),major,0.0,0.0,0.0,0.0,0.0,statistik_tanaman_buah_2019.pdf,152,0.0
2019,Sabah,Tenom,Tenom,TEMBIKAI,TEMBIKAI,Watermelon,TEMBIKAI / Water-melon,major,1.0,1.0,7.3,10.8,7.3,statistik_tanaman_buah_2019.pdf,153,8.52615000590369
2019,Sabah,Tongod,Tongod,BELIMBING,BELIMBING,Starfruit,BELIMBING / Starfruit,major,0.0,0.0,0.0,0.0,0.0,statistik_tanaman_buah_2019.pdf,143,0.0
2019,Sabah,Tongod,Tongod,BETIK,BETIK,Papaya,BETIK / Papaya,major,0.0,0.0,0.0,0.0,0.0,statistik_tanaman_buah_2019.pdf,143,0.0
2019,Sabah,Tongod,Tongod,CEMPEDAK,CEMPEDAK,Cempedak,CEMPEDAK / (Cempedak),major,42.9,19.5,156.0,561.6,8.0,statistik_tanaman_buah_2019.pdf,144,7.659309214937119
2019,Sabah,Tongod,Tongod,CIKU,CIKU,Ciku,CIKU / Sapodilla,major,0.0,0.0,0.0,0.0,0.0,statistik_tanaman_buah_2019.pdf,144,0.0
2019,Sabah,Tongod,Tongod,DOKONG,DOKONG,Dokong,DOKONG / (Dokong),major,0.0,0.0,0.0,0.0,0.0,statistik_tanaman_buah_2019.pdf,145,0.0
2019,Sabah,Tongod,Tongod,DUKU,DUKU,Duku,DUKU / (Duku),major,0.0,0.0,0.0,0.0,0.0,statistik_tanaman_buah_2019.pdf,145,0.0
2019,Sabah,Tongod,Tongod,DURIAN,DURIAN,Durian,DURIAN / (Durian),major,226.3,35.5,258.6,5136.9,7.284507042253522,statistik_tanaman_buah_2019.pdf,146,7.0400649845431404
2019,Sabah,Tongod,Tongod,JAMBU_BATU,JAMBU BATU,Guava,JAMBU BATU / Guava,major,0.0,0.0,0.0,0.0,0.0,statistik_tanaman_buah_2019.pdf,146,0.0
2019,Sabah,Tongod,Tongod,LANGSAT,LANGSAT,Langsat,LANGSAT / (Langsat),major,44.6,20.5,164.0,442.8,8.0,statistik_tanaman_buah_2019.pdf,147,7.930221353707337
2019,Sabah,Tongod,Tongod,LIMAU_BESAR,LIMAU BESAR,Pomelo,LIMAU BESAR / Pomelo,major,0.0,0.0,0.0,0.0,0.0,statistik_tanaman_buah_2019.pdf,147,0.0
2019,Sabah,Tongod,Tongod,LIMAU_MANIS,LIMAU MANIS,Sweet Orange,LIMAU MANIS / Sweet Orange,major,2.0,0.0,0.0,0.0,0.0,statistik_tanaman_buah_2019.pdf,148,0.0
2019,Sabah,Tongod,Tongod,MANGGA,MANGGA,Mango,MANGGA / Mango,major,0.0,0.0,0.0,0.0,0.0,statistik_tanaman_buah_2019.pdf,148,0.0
2019,Sabah,Tongod,Tongod,MANGGIS,MANGGIS,Mangosteen,MANGGIS / Mangosteen,major,0.0,0.0,0.0,0.0,0.0,statistik_tanaman_buah_2019.pdf,149,0.0
2019,Sabah,Tongod,Tongod,MATA_NAGA,MATA NAGA,Dragon Fruit,MATA NAGA / Dragon Fruit,major,0.0,0.0,0.0,0.0,0.0,statistik_tanaman_buah_2019.pdf,149,0.0
2019,Sabah,Tongod,Tongod,NANAS,NANAS,Pineapple,NANAS / Pineapple,major,15.0,9.7,31.0,61.2,3.195876288659794,statistik_tanaman_buah_2019.pdf,150,3.249689766083707
2019,Sabah,Tongod,Tongod,NANGKA,NANGKA,Jackfruit,NANGKA / Jackfruit,major,0.0,0.0,0.0,0.0,0.0,statistik_tanaman_buah_2019.pdf,150,0.0
2019,Sabah,Tongod,Tongod,PISANG,PISANG,Banana,PISANG / Banana,major,23.0,18.7,168.3,299.6,9.000000000000002,statistik_tanaman_buah_2019.pdf,151,8.931612792415129
2019,Sabah,Tongod,Tongod,PULASAN,PULASAN,Pulasan,PULASAN / (Pulasan),major,0.0,0.0,0.0,0.0,0.0,statistik_tanaman_buah_2019.pdf,151,0.0
2019,Sabah,Tongod,Tongod,RAMBUTAN,RAMBUTAN,Rambutan,RAMBUTAN / (Rambutan),major,70.7,33.9,71.2,158.4,2.1002949852507378,statistik_tanaman_buah_2019.pdf,152,2.1151650295147912
2019,Sabah,Tongod,Tongod,SALAK,SALAK,Salak,SALAK / (Salak),major,0.0,0.0,0.0,0.0,0.0,statistik_tanaman_buah_2019.pdf,152,0.0
2019,Sabah,Tongod,Tongod,TEMBIKAI,TEMBIKAI,Watermelon,TEMBIKAI / Water-melon,major,0.0,0.0,0.0,0.0,0.0,statistik_tanaman_buah_2019.pdf,153,0.0
2019,Sabah,Tuaran,Tuaran,BELIMBING,BELIMBING,Starfruit,BELIMBING / Starfruit,major,1.4,1.4,12.3,31.4,8.785714285714286,statistik_tanaman_buah_2019.pdf,143,9.054120421245397
2019,Sabah,Tuaran,Tuaran,BETIK,BETIK,Papaya,BETIK / Papaya,major,1.0,1.0,16.0,25.7,16.0,statistik_tanaman_buah_2019.pdf,143,15.975634624756337
2019,Sabah,Tuaran,Tuaran,CEMPEDAK,CEMPEDAK,Cempedak,CEMPEDAK / (Cempedak),major,162.6,130.5,1213.3,4367.9,9.297318007662836,statistik_tanaman_buah_2019.pdf,144,9.343034067294615
2019,Sabah,Tuaran,Tuaran,CIKU,CIKU,Ciku,CIKU / Sapodilla,major,0.2,0.2,0.4,1.1,2.0,statistik_tanaman_buah_2019.pdf,144,2.11
2019,Sabah,Tuaran,Tuaran,DOKONG,DOKONG,Dokong,DOKONG / (Dokong),major,0.0,0.0,0.0,0.0,0.0,statistik_tanaman_buah_2019.pdf,145,0.0
2019,Sabah,Tuaran,Tuaran,DUKU,DUKU,Duku,DUKU / (Duku),major,0.0,0.0,0.0,0.0,0.0,statistik_tanaman_buah_2019.pdf,145,0.0
2019,Sabah,Tuaran,Tuaran,DURIAN,DURIAN,Durian,DURIAN / (Durian),major,346.9,202.5,1316.3,26147.4,6.500246913580247,statistik_tanaman_buah_2019.pdf,146,6.758449315690585
2019,Sabah,Tuaran,Tuaran,JAMBU_BATU,JAMBU BATU,Guava,JAMBU BATU / Guava,major,6.9,6.8,88.5,292.1,13.014705882352942,statistik_tanaman_buah_2019.pdf,146,13.04697171078083
2019,Sabah,Tuaran,Tuaran,LANGSAT,LANGSAT,Langsat,LANGSAT / (Langsat),major,183.6,179.6,1755.0,4738.5,9.771714922048998,statistik_tanaman_buah_2019.pdf,147,10.384318998591477
2019,Sabah,Tuaran,Tuaran,LIMAU_BESAR,LIMAU BESAR,Pomelo,LIMAU BESAR / Pomelo,major,0.0,0.0,0.0,0.0,0.0,statistik_tanaman_buah_2019.pdf,147,0.0
2019,Sabah,Tuaran,Tuaran,LIMAU_MANIS,LIMAU MANIS,Sweet Orange,LIMAU MANIS / Sweet Orange,major,0.0,0.0,0.0,0.0,0.0,statistik_tanaman_buah_2019.pdf,148,0.0
2019,Sabah,Tuaran,Tuaran,MANGGA,MANGGA,Mango,MANGGA / Mango,major,152.0,131.3,557.7,3996.9,4.247524752475248,statistik_tanaman_buah_2019.pdf,148,4.093687469024771
2019,Sabah,Tuaran,Tuaran,MANGGIS,MANGGIS,Mangosteen,MANGGIS / Mangosteen,major,3.5,3.5,37.5,140.6,10.714285714285714,statistik_tanaman_buah_2019.pdf,149,10.804775463408276
2019,Sabah,Tuaran,Tuaran,MATA_NAGA,MATA NAGA,Dragon Fruit,MATA NAGA / Dragon Fruit,major,0.0,0.0,0.0,0.0,0.0,statistik_tanaman_buah_2019.pdf,149,0.0
2019,Sabah,Tuaran,Tuaran,NANAS,NANAS,Pineapple,NANAS / Pineapple,major,335.4,323.3,5048.3,9970.4,15.61490875347974,statistik_tanaman_buah_2019.pdf,150,17.51038530786599
2019,Sabah,Tuaran,Tuaran,NANGKA,NANGKA,Jackfruit,NANGKA / Jackfruit,major,28.2,26.0,352.0,686.4,13.538461538461538,statistik_tanaman_buah_2019.pdf,150,13.714668222923596
2019,Sabah,Tuaran,Tuaran,PISANG,PISANG,Banana,PISANG / Banana,major,190.8,175.8,2643.0,4704.5,15.034129692832764,statistik_tanaman_buah_2019.pdf,151,14.129029755036521
2019,Sabah,Tuaran,Tuaran,PULASAN,PULASAN,Pulasan,PULASAN / (Pulasan),major,0.0,0.0,0.0,0.0,0.0,statistik_tanaman_buah_2019.pdf,151,0.0
2019,Sabah,Tuaran,Tuaran,RAMBUTAN,RAMBUTAN,Rambutan,RAMBUTAN / (Rambutan),major,154.4,148.0,1670.0,3715.8,11.283783783783784,statistik_tanaman_buah_2019.pdf,152,11.270569466966633
2019,Sabah,Tuaran,Tuaran,SALAK,SALAK,Salak,SALAK / (Salak),major,0.0,0.0,0.0,0.0,0.0,statistik_tanaman_buah_2019.pdf,152,0.0
2019,Sabah,Tuaran,Tuaran,TEMBIKAI,TEMBIKAI,Watermelon,TEMBIKAI / Water-melon,major,13.5,13.5,215.7,318.2,15.977777777777776,statistik_tanaman_buah_2019.pdf,153,16.87769396736157
2020,Sabah,Beaufort,Beaufort,BELIMBING,BELIMBING,Starfruit,BELIMBING / Starfruit,major,0.0,0.0,0.0,0.0,0.0,statistik_tanaman_buah_2020.pdf,145,0.0
2020,Sabah,Beaufort,Beaufort,BETIK,BETIK,Papaya,BETIK / Papaya,major,0.0,0.0,0.0,0.0,0.0,statistik_tanaman_buah_2020.pdf,145,0.0
2020,Sabah,Beaufort,Beaufort,CEMPEDAK,CEMPEDAK,Cempedak,CEMPEDAK / (Cempedak),major,140.0,135.0,499.0,673.7,3.696296296296296,statistik_tanaman_buah_2020.pdf,146,3.9245138291602006
2020,Sabah,Beaufort,Beaufort,CIKU,CIKU,Ciku,CIKU / Sapodilla,major,0.0,0.0,0.0,0.0,0.0,statistik_tanaman_buah_2020.pdf,146,0.0
2020,Sabah,Beaufort,Beaufort,DOKONG,DOKONG,Dokong,DOKONG / (Dokong),major,0.5,0.5,6.1,11.9,12.2,statistik_tanaman_buah_2020.pdf,147,12.104095238095198
2020,Sabah,Beaufort,Beaufort,DUKU,DUKU,Duku,DUKU / (Duku),major,10.5,10.5,89.7,179.4,8.542857142857143,statistik_tanaman_buah_2020.pdf,147,8.90587508614783
2020,Sabah,Beaufort,Beaufort,DURIAN,DURIAN,Durian,DURIAN / (Durian),major,235.5,90.5,438.3,8233.8,4.843093922651934,statistik_tanaman_buah_2020.pdf,148,4.943415201170895
2020,Sabah,Beaufort,Beaufort,JAMBU_BATU,JAMBU BATU,Guava,JAMBU BATU / Guava,major,0.0,0.0,0.0,0.0,0.0,statistik_tanaman_buah_2020.pdf,148,0.0
2020,Sabah,Beaufort,Beaufort,LANGSAT,LANGSAT,Langsat,LANGSAT / (Langsat),major,48.0,48.0,291.6,699.8,6.075,statistik_tanaman_buah_2020.pdf,149,6.311876783299061
2020,Sabah,Beaufort,Beaufort,LIMAU_BESAR,LIMAU BESAR,Pomelo,LIMAU BESAR / Pomelo,major,3.0,3.0,24.6,61.5,8.200000000000001,statistik_tanaman_buah_2020.pdf,149,8.234256629720855
2020,Sabah,Beaufort,Beaufort,LIMAU_MANIS,LIMAU MANIS,Sweet Orange,LIMAU MANIS / Sweet Orange,major,6.4,6.4,23.5,61.1,3.671875,statistik_tanaman_buah_2020.pdf,150,3.683724755444526
2020,Sabah,Beaufort,Beaufort,MANGGA,MANGGA,Mango,MANGGA / Mango,major,33.6,28.5,46.4,339.9,1.6280701754385964,statistik_tanaman_buah_2020.pdf,150,1.6615478860862523
2020,Sabah,Beaufort,Beaufort,MANGGIS,MANGGIS,Mangosteen,MANGGIS / Mangosteen,major,39.7,35.2,233.6,876.0,6.636363636363636,statistik_tanaman_buah_2020.pdf,151,6.622885015451291
2020,Sabah,Beaufort,Beaufort,MATA_NAGA,MATA NAGA/PITAYA,Dragon Fruit,MATA NAGA/PITAYA / Dragon Fruit,major,0.0,0.0,0.0,0.0,0.0,statistik_tanaman_buah_2020.pdf,151,0.0
2020,Sabah,Beaufort,Beaufort,NANAS,NANAS,Pineapple,NANAS / Pineapple,major,47.9,43.9,279.7,493.0,6.371298405466971,statistik_tanaman_buah_2020.pdf,152,6.38505488467969
2020,Sabah,Beaufort,Beaufort,NANGKA,NANGKA,Jackfruit,NANGKA / Jackfruit,major,8.0,8.0,44.7,84.2,5.5875,statistik_tanaman_buah_2020.pdf,152,5.710887570974032
2020,Sabah,Beaufort,Beaufort,PISANG,PISANG,Banana,PISANG / Banana,major,49.8,45.8,785.9,1375.3,17.15938864628821,statistik_tanaman_buah_2020.pdf,153,17.543517229758592
2020,Sabah,Beaufort,Beaufort,PULASAN,PULASAN,Pulasan,PULASAN / (Pulasan),major,0.0,0.0,0.0,0.0,0.0,statistik_tanaman_buah_2020.pdf,153,0.0
2020,Sabah,Beaufort,Beaufort,RAMBUTAN,RAMBUTAN,Rambutan,RAMBUTAN / (Rambutan),major,100.2,95.2,558.0,1395.0,5.861344537815126,statistik_tanaman_buah_2020.pdf,154,5.948627845708439
2020,Sabah,Beaufort,Beaufort,SALAK,SALAK,Salak,SALAK / (Salak),major,0.0,0.0,0.0,0.0,0.0,statistik_tanaman_buah_2020.pdf,154,0.0
2020,Sabah,Beaufort,Beaufort,TEMBIKAI,TEMBIKAI,Watermelon,TEMBIKAI / Water-melon,major,48.0,24.0,304.0,418.0,12.666666666666666,statistik_tanaman_buah_2020.pdf,155,13.192606993389205
2020,Sabah,Beluran,Beluran,BELIMBING,BELIMBING,Starfruit,BELIMBING / Starfruit,major,0.0,0.0,0.0,0.0,0.0,statistik_tanaman_buah_2020.pdf,145,0.0
2020,Sabah,Beluran,Beluran,BETIK,BETIK,Papaya,BETIK / Papaya,major,0.0,0.0,0.0,0.0,0.0,statistik_tanaman_buah_2020.pdf,145,0.0
2020,Sabah,Beluran,Beluran,CEMPEDAK,CEMPEDAK,Cempedak,CEMPEDAK / (Cempedak),major,29.5,29.5,130.0,175.5,4.406779661016949,statistik_tanaman_buah_2020.pdf,146,4.524411415411228
2020,Sabah,Beluran,Beluran,CIKU,CIKU,Ciku,CIKU / Sapodilla,major,0.0,0.0,0.0,0.0,0.0,statistik_tanaman_buah_2020.pdf,146,0.0
2020,Sabah,Beluran,Beluran,DOKONG,DOKONG,Dokong,DOKONG / (Dokong),major,0.0,0.0,0.0,0.0,0.0,statistik_tanaman_buah_2020.pdf,147,0.0
2020,Sabah,Beluran,Beluran,DUKU,DUKU,Duku,DUKU / (Duku),major,2.0,0.0,0.0,0.0,0.0,statistik_tanaman_buah_2020.pdf,147,0.0
2020,Sabah,Beluran,Beluran,DURIAN,DURIAN,Durian,DURIAN / (Durian),major,46.4,10.0,87.0,1634.4,8.7,statistik_tanaman_buah_2020.pdf,148,8.720402702092233
2020,Sabah,Beluran,Beluran,JAMBU_BATU,JAMBU BATU,Guava,JAMBU BATU / Guava,major,0.0,0.0,0.0,0.0,0.0,statistik_tanaman_buah_2020.pdf,148,0.0
2020,Sabah,Beluran,Beluran,LANGSAT,LANGSAT,Langsat,LANGSAT / (Langsat),major,40.0,40.0,250.0,600.0,6.25,statistik_tanaman_buah_2020.pdf,149,6.221382529148195
2020,Sabah,Beluran,Beluran,LIMAU_BESAR,LIMAU BESAR,Pomelo,LIMAU BESAR / Pomelo,major,0.8,0.8,10.0,25.0,12.5,statistik_tanaman_buah_2020.pdf,149,12.227318181818182
2020,Sabah,Beluran,Beluran,LIMAU_MANIS,LIMAU MANIS,Sweet Orange,LIMAU MANIS / Sweet Orange,major,1.3,1.3,6.0,15.6,4.615384615384615,statistik_tanaman_buah_2020.pdf,150,4.625250472838698
2020,Sabah,Beluran,Beluran,MANGGA,MANGGA,Mango,MANGGA / Mango,major,53.2,41.0,140.1,1026.2,3.4170731707317072,statistik_tanaman_buah_2020.pdf,150,3.5690158386556776
2020,Sabah,Beluran,Beluran,MANGGIS,MANGGIS,Mangosteen,MANGGIS / Mangosteen,major,2.0,1.0,8.0,30.0,8.0,statistik_tanaman_buah_2020.pdf,151,7.973070448070446
2020,Sabah,Beluran,Beluran,MATA_NAGA,MATA NAGA/PITAYA,Dragon Fruit,MATA NAGA/PITAYA / Dragon Fruit,major,0.0,0.0,0.0,0.0,0.0,statistik_tanaman_buah_2020.pdf,151,0.0
2020,Sabah,Beluran,Beluran,NANAS,NANAS,Pineapple,NANAS / Pineapple,major,16.0,12.0,102.6,180.8,8.549999999999999,statistik_tanaman_buah_2020.pdf,152,8.87200992800622
2020,Sabah,Beluran,Beluran,NANGKA,NANGKA,Jackfruit,NANGKA / Jackfruit,major,23.0,22.5,347.0,653.5,15.422222222222222,statistik_tanaman_buah_2020.pdf,152,15.659368734368405
2020,Sabah,Beluran,Beluran,PISANG,PISANG,Banana,PISANG / Banana,major,70.7,70.7,810.0,1417.5,11.456859971711456,statistik_tanaman_buah_2020.pdf,153,11.906627869494907
2020,Sabah,Beluran,Beluran,PULASAN,PULASAN,Pulasan,PULASAN / (Pulasan),major,0.0,0.0,0.0,0.0,0.0,statistik_tanaman_buah_2020.pdf,153,0.0
2020,Sabah,Beluran,Beluran,RAMBUTAN,RAMBUTAN,Rambutan,RAMBUTAN / (Rambutan),major,70.6,69.2,800.0,2000.0,11.560693641618496,statistik_tanaman_buah_2020.pdf,154,11.606561813367053
2020,Sabah,Beluran,Beluran,SALAK,SALAK,Salak,SALAK / (Salak),major,0.0,0.0,0.0,0.0,0.0,statistik_tanaman_buah_2020.pdf,154,0.0
2020,Sabah,Beluran,Beluran,TEMBIKAI,TEMBIKAI,Watermelon,TEMBIKAI / Water-melon,major,5.0,0.0,0.0,0.0,0.0,statistik_tanaman_buah_2020.pdf,155,0.0
2020,Sabah,Keningau,Keningau,BELIMBING,BELIMBING,Starfruit,BELIMBING / Starfruit,major,2.4,0.0,0.0,0.0,0.0,statistik_tanaman_buah_2020.pdf,145,0.0
2020,Sabah,Keningau,Keningau,BETIK,BETIK,Papaya,BETIK / Papaya,major,63.4,53.4,815.2,1236.4,15.265917602996256,statistik_tanaman_buah_2020.pdf,145,16.369946132280468
2020,Sabah,Keningau,Keningau,CEMPEDAK,CEMPEDAK,Cempedak,CEMPEDAK / (Cempedak),major,6.0,0.0,0.0,0.0,0.0,statistik_tanaman_buah_2020.pdf,146,0.0
2020,Sabah,Keningau,Keningau,CIKU,CIKU,Ciku,CIKU / Sapodilla,major,1.5,1.5,0.8,2.6,0.5333333333333333,statistik_tanaman_buah_2020.pdf,146,0.5961302401302391
2020,Sabah,Keningau,Keningau,DOKONG,DOKONG,Dokong,DOKONG / (Dokong),major,0.0,0.0,0.0,0.0,0.0,statistik_tanaman_buah_2020.pdf,147,0.0
2020,Sabah,Keningau,Keningau,DUKU,DUKU,Duku,DUKU / (Duku),major,7.0,0.0,0.0,0.0,0.0,statistik_tanaman_buah_2020.pdf,147,0.0
2020,Sabah,Keningau,Keningau,DURIAN,DURIAN,Durian,DURIAN / (Durian),major,429.8,201.0,691.0,12980.9,3.437810945273632,statistik_tanaman_buah_2020.pdf,148,4.2542417234807495
2020,Sabah,Keningau,Keningau,JAMBU_BATU,JAMBU BATU,Guava,JAMBU BATU / Guava,major,3.2,3.2,56.4,143.8,17.625,statistik_tanaman_buah_2020.pdf,148,17.681749160977155
2020,Sabah,Keningau,Keningau,LANGSAT,LANGSAT,Langsat,LANGSAT / (Langsat),major,3.2,0.0,0.0,0.0,0.0,statistik_tanaman_buah_2020.pdf,149,0.0
2020,Sabah,Keningau,Keningau,LIMAU_BESAR,LIMAU BESAR,Pomelo,LIMAU BESAR / Pomelo,major,1.6,1.6,4.8,12.0,3.0,statistik_tanaman_buah_2020.pdf,149,2.969566050779287
2020,Sabah,Keningau,Keningau,LIMAU_MANIS,LIMAU MANIS,Sweet Orange,LIMAU MANIS / Sweet Orange,major,1.6,0.0,0.0,0.0,0.0,statistik_tanaman_buah_2020.pdf,150,0.0
2020,Sabah,Keningau,Keningau,MANGGA,MANGGA,Mango,MANGGA / Mango,major,6.0,3.0,12.8,93.8,4.266666666666667,statistik_tanaman_buah_2020.pdf,150,4.540525318131967
2020,Sabah,Keningau,Keningau,MANGGIS,MANGGIS,Mangosteen,MANGGIS / Mangosteen,major,8.0,0.0,0.0,0.0,0.0,statistik_tanaman_buah_2020.pdf,151,0.0
2020,Sabah,Keningau,Keningau,MATA_NAGA,MATA NAGA/PITAYA,Dragon Fruit,MATA NAGA/PITAYA / Dragon Fruit,major,2.0,2.0,4.9,20.6,2.45,statistik_tanaman_buah_2020.pdf,151,2.4712373629457027
2020,Sabah,Keningau,Keningau,NANAS,NANAS,Pineapple,NANAS / Pineapple,major,30.5,24.0,232.3,409.4,9.679166666666667,statistik_tanaman_buah_2020.pdf,152,9.568166369329473
2020,Sabah,Keningau,Keningau,NANGKA,NANGKA,Jackfruit,NANGKA / Jackfruit,major,3.0,0.0,0.0,0.0,0.0,statistik_tanaman_buah_2020.pdf,152,0.0
2020,Sabah,Keningau,Keningau,PISANG,PISANG,Banana,PISANG / Banana,major,71.6,63.7,1230.4,2153.2,19.315541601255887,statistik_tanaman_buah_2020.pdf,153,19.20212279673296
2020,Sabah,Keningau,Keningau,PULASAN,PULASAN,Pulasan,PULASAN / (Pulasan),major,0.0,0.0,0.0,0.0,0.0,statistik_tanaman_buah_2020.pdf,153,0.0
2020,Sabah,Keningau,Keningau,RAMBUTAN,RAMBUTAN,Rambutan,RAMBUTAN / (Rambutan),major,19.2,3.4,2.8,7.0,0.8235294117647058,statistik_tanaman_buah_2020.pdf,154,0.8453286806043346
2020,Sabah,Keningau,Keningau,SALAK,SALAK,Salak,SALAK / (Salak),major,0.0,0.0,0.0,0.0,0.0,statistik_tanaman_buah_2020.pdf,154,0.0
2020,Sabah,Keningau,Keningau,TEMBIKAI,TEMBIKAI,Watermelon,TEMBIKAI / Water-melon,major,5.8,5.7,82.7,113.7,14.508771929824562,statistik_tanaman_buah_2020.pdf,155,14.991448602736831
2020,Sabah,Kinabatangan,Kinabatangan,BELIMBING,BELIMBING,Starfruit,BELIMBING / Starfruit,major,0.0,0.0,0.0,0.0,0.0,statistik_tanaman_buah_2020.pdf,145,0.0
2020,Sabah,Kinabatangan,Kinabatangan,BETIK,BETIK,Papaya,BETIK / Papaya,major,0.0,0.0,0.0,0.0,0.0,statistik_tanaman_buah_2020.pdf,145,0.0
2020,Sabah,Kinabatangan,Kinabatangan,CEMPEDAK,CEMPEDAK,Cempedak,CEMPEDAK / (Cempedak),major,1.5,1.5,3.0,4.1,2.0,statistik_tanaman_buah_2020.pdf,146,2.092919974080499
2020,Sabah,Kinabatangan,Kinabatangan,CIKU,CIKU,Ciku,CIKU / Sapodilla,major,0.0,0.0,0.0,0.0,0.0,statistik_tanaman_buah_2020.pdf,146,0.0
2020,Sabah,Kinabatangan,Kinabatangan,DOKONG,DOKONG,Dokong,DOKONG / (Dokong),major,0.0,0.0,0.0,0.0,0.0,statistik_tanaman_buah_2020.pdf,147,0.0
2020,Sabah,Kinabatangan,Kinabatangan,DUKU,DUKU,Duku,DUKU / (Duku),major,4.4,1.0,0.2,0.4,0.2,statistik_tanaman_buah_2020.pdf,147,0.27744444444444566
2020,Sabah,Kinabatangan,Kinabatangan,DURIAN,DURIAN,Durian,DURIAN / (Durian),major,129.5,29.0,29.7,557.9,1.0241379310344827,statistik_tanaman_buah_2020.pdf,148,1.117740854269679
2020,Sabah,Kinabatangan,Kinabatangan,JAMBU_BATU,JAMBU BATU,Guava,JAMBU BATU / Guava,major,1.0,0.0,0.0,0.0,0.0,statistik_tanaman_buah_2020.pdf,148,0.0
2020,Sabah,Kinabatangan,Kinabatangan,LANGSAT,LANGSAT,Langsat,LANGSAT / (Langsat),major,8.4,0.0,0.0,0.0,0.0,statistik_tanaman_buah_2020.pdf,149,0.0
2020,Sabah,Kinabatangan,Kinabatangan,LIMAU_BESAR,LIMAU BESAR,Pomelo,LIMAU BESAR / Pomelo,major,0.0,0.0,0.0,0.0,0.0,statistik_tanaman_buah_2020.pdf,149,0.0
2020,Sabah,Kinabatangan,Kinabatangan,LIMAU_MANIS,LIMAU MANIS,Sweet Orange,LIMAU MANIS / Sweet Orange,major,0.0,0.0,0.0,0.0,0.0,statistik_tanaman_buah_2020.pdf,150,0.0
2020,Sabah,Kinabatangan,Kinabatangan,MANGGA,MANGGA,Mango,MANGGA / Mango,major,5.8,0.0,0.0,0.0,0.0,statistik_tanaman_buah_2020.pdf,150,0.0
2020,Sabah,Kinabatangan,Kinabatangan,MANGGIS,MANGGIS,Mangosteen,MANGGIS / Mangosteen,major,0.0,0.0,0.0,0.0,0.0,statistik_tanaman_buah_2020.pdf,151,0.0
2020,Sabah,Kinabatangan,Kinabatangan,MATA_NAGA,MATA NAGA/PITAYA,Dragon Fruit,MATA NAGA/PITAYA / Dragon Fruit,major,0.0,0.0,0.0,0.0,0.0,statistik_tanaman_buah_2020.pdf,151,0.0
2020,Sabah,Kinabatangan,Kinabatangan,NANAS,NANAS,Pineapple,NANAS / Pineapple,major,3.0,1.0,10.3,18.2,10.3,statistik_tanaman_buah_2020.pdf,152,10.168125599890335
2020,Sabah,Kinabatangan,Kinabatangan,NANGKA,NANGKA,Jackfruit,NANGKA / Jackfruit,major,55.0,42.0,99.0,186.5,2.357142857142857,statistik_tanaman_buah_2020.pdf,152,2.4311502753629295
2020,Sabah,Kinabatangan,Kinabatangan,PISANG,PISANG,Banana,PISANG / Banana,major,26.0,22.7,356.9,624.6,15.722466960352422,statistik_tanaman_buah_2020.pdf,153,15.60141727276509
2020,Sabah,Kinabatangan,Kinabatangan,PULASAN,PULASAN,Pulasan,PULASAN / (Pulasan),major,0.0,0.0,0.0,0.0,0.0,statistik_tanaman_buah_2020.pdf,153,0.0
2020,Sabah,Kinabatangan,Kinabatangan,RAMBUTAN,RAMBUTAN,Rambutan,RAMBUTAN / (Rambutan),major,28.4,12.0,10.8,27.0,0.9,statistik_tanaman_buah_2020.pdf,154,0.9550463815291853
2020,Sabah,Kinabatangan,Kinabatangan,SALAK,SALAK,Salak,SALAK / (Salak),major,0.0,0.0,0.0,0.0,0.0,statistik_tanaman_buah_2020.pdf,154,0.0
2020,Sabah,Kinabatangan,Kinabatangan,TEMBIKAI,TEMBIKAI,Watermelon,TEMBIKAI / Water-melon,major,2.0,1.0,0.5,0.7,0.5,statistik_tanaman_buah_2020.pdf,155,0.4653888888888888
2020,Sabah,Kota Belud,Kota Belud,BELIMBING,BELIMBING,Starfruit,BELIMBING / Starfruit,major,6.5,6.0,31.5,78.0,5.25,statistik_tanaman_buah_2020.pdf,145,5.2271531194820255
2020,Sabah,Kota Belud,Kota Belud,BETIK,BETIK,Papaya,BETIK / Papaya,major,10.1,9.5,148.3,224.9,15.610526315789476,statistik_tanaman_buah_2020.pdf,145,15.347530921642617
2020,Sabah,Kota Belud,Kota Belud,CEMPEDAK,CEMPEDAK,Cempedak,CEMPEDAK / (Cempedak),major,124.0,6.0,44.0,59.4,7.333333333333333,statistik_tanaman_buah_2020.pdf,146,7.343388241804575
2020,Sabah,Kota Belud,Kota Belud,CIKU,CIKU,Ciku,CIKU / Sapodilla,major,2.5,2.5,17.8,57.9,7.12,statistik_tanaman_buah_2020.pdf,146,7.168129556781183
2020,Sabah,Kota Belud,Kota Belud,DOKONG,DOKONG,Dokong,DOKONG / (Dokong),major,0.5,0.5,0.7,1.4,1.4,statistik_tanaman_buah_2020.pdf,147,1.4487936507936463
2020,Sabah,Kota Belud,Kota Belud,DUKU,DUKU,Duku,DUKU / (Duku),major,1.0,1.0,3.0,6.0,3.0,statistik_tanaman_buah_2020.pdf,147,2.985583333333332
2020,Sabah,Kota Belud,Kota Belud,DURIAN,DURIAN,Durian,DURIAN / (Durian),major,269.0,200.0,1715.0,32217.5,8.575,statistik_tanaman_buah_2020.pdf,148,8.557534125700485
2020,Sabah,Kota Belud,Kota Belud,JAMBU_BATU,JAMBU BATU,Guava,JAMBU BATU / Guava,major,1.8,1.8,8.7,22.2,4.833333333333333,statistik_tanaman_buah_2020.pdf,148,4.810794483294479
2020,Sabah,Kota Belud,Kota Belud,LANGSAT,LANGSAT,Langsat,LANGSAT / (Langsat),major,113.0,68.0,550.9,1322.2,8.101470588235294,statistik_tanaman_buah_2020.pdf,149,8.117702727204085
2020,Sabah,Kota Belud,Kota Belud,LIMAU_BESAR,LIMAU BESAR,Pomelo,LIMAU BESAR / Pomelo,major,3.0,3.0,23.5,58.8,7.833333333333333,statistik_tanaman_buah_2020.pdf,149,7.88854464676279
2020,Sabah,Kota Belud,Kota Belud,LIMAU_MANIS,LIMAU MANIS,Sweet Orange,LIMAU MANIS / Sweet Orange,major,0.0,0.0,0.0,0.0,0.0,statistik_tanaman_buah_2020.pdf,150,0.0
2020,Sabah,Kota Belud,Kota Belud,MANGGA,MANGGA,Mango,MANGGA / Mango,major,159.2,147.0,593.6,4348.1,4.038095238095238,statistik_tanaman_buah_2020.pdf,150,4.115708579675769
2020,Sabah,Kota Belud,Kota Belud,MANGGIS,MANGGIS,Mangosteen,MANGGIS / Mangosteen,major,10.5,6.0,28.8,108.0,4.8,statistik_tanaman_buah_2020.pdf,151,4.800337445040816
2020,Sabah,Kota Belud,Kota Belud,MATA_NAGA,MATA NAGA/PITAYA,Dragon Fruit,MATA NAGA/PITAYA / Dragon Fruit,major,5.0,5.0,8.0,33.6,1.6,statistik_tanaman_buah_2020.pdf,151,1.6336448482864414
2020,Sabah,Kota Belud,Kota Belud,NANAS,NANAS,Pineapple,NANAS / Pineapple,major,222.6,202.6,2468.4,4350.6,12.183613030602173,statistik_tanaman_buah_2020.pdf,152,12.761361686020093
2020,Sabah,Kota Belud,Kota Belud,NANGKA,NANGKA,Jackfruit,NANGKA / Jackfruit,major,47.0,21.0,315.0,593.3,15.0,statistik_tanaman_buah_2020.pdf,152,15.206827313357723
2020,Sabah,Kota Belud,Kota Belud,PISANG,PISANG,Banana,PISANG / Banana,major,718.7,662.3,10184.6,17823.1,15.377623433489356,statistik_tanaman_buah_2020.pdf,153,15.537677465541629
2020,Sabah,Kota Belud,Kota Belud,PULASAN,PULASAN,Pulasan,PULASAN / (Pulasan),major,0.0,0.0,0.0,0.0,0.0,statistik_tanaman_buah_2020.pdf,153,0.0
2020,Sabah,Kota Belud,Kota Belud,RAMBUTAN,RAMBUTAN,Rambutan,RAMBUTAN / (Rambutan),major,140.5,87.0,610.3,1535.9,7.014942528735632,statistik_tanaman_buah_2020.pdf,154,7.094839736927235
2020,Sabah,Kota Belud,Kota Belud,SALAK,SALAK,Salak,SALAK / (Salak),major,0.0,0.0,0.0,0.0,0.0,statistik_tanaman_buah_2020.pdf,154,0.0
2020,Sabah,Kota Belud,Kota Belud,TEMBIKAI,TEMBIKAI,Watermelon,TEMBIKAI / Water-melon,major,7.6,5.6,106.4,146.3,19.000000000000004,statistik_tanaman_buah_2020.pdf,155,17.98214322633306
2020,Sabah,Kota Kinabalu,Kota Kinabalu,BELIMBING,BELIMBING,Starfruit,BELIMBING / Starfruit,major,0.0,0.0,0.0,0.0,0.0,statistik_tanaman_buah_2020.pdf,145,0.0
2020,Sabah,Kota Kinabalu,Kota Kinabalu,BETIK,BETIK,Papaya,BETIK / Papaya,major,0.0,0.0,0.0,0.0,0.0,statistik_tanaman_buah_2020.pdf,145,0.0
2020,Sabah,Kota Kinabalu,Kota Kinabalu,CEMPEDAK,CEMPEDAK,Cempedak,CEMPEDAK / (Cempedak),major,3.1,2.9,21.8,29.4,7.517241379310345,statistik_tanaman_buah_2020.pdf,146,7.76737510024757
2020,Sabah,Kota Kinabalu,Kota Kinabalu,CIKU,CIKU,Ciku,CIKU / Sapodilla,major,0.0,0.0,0.0,0.0,0.0,statistik_tanaman_buah_2020.pdf,146,0.0
2020,Sabah,Kota Kinabalu,Kota Kinabalu,DOKONG,DOKONG,Dokong,DOKONG / (Dokong),major,0.0,0.0,0.0,0.0,0.0,statistik_tanaman_buah_2020.pdf,147,0.0
2020,Sabah,Kota Kinabalu,Kota Kinabalu,DUKU,DUKU,Duku,DUKU / (Duku),major,1.7,1.7,17.9,35.8,10.529411764705882,statistik_tanaman_buah_2020.pdf,147,10.067290958542658
2020,Sabah,Kota Kinabalu,Kota Kinabalu,DURIAN,DURIAN,Durian,DURIAN / (Durian),major,54.9,15.0,142.5,2677.0,9.5,statistik_tanaman_buah_2020.pdf,148,9.4726883364728
2020,Sabah,Kota Kinabalu,Kota Kinabalu,JAMBU_BATU,JAMBU BATU,Guava,JAMBU BATU / Guava,major,0.0,0.0,0.0,0.0,0.0,statistik_tanaman_buah_2020.pdf,148,0.0
2020,Sabah,Kota Kinabalu,Kota Kinabalu,LANGSAT,LANGSAT,Langsat,LANGSAT / (Langsat),major,12.6,8.0,57.6,138.2,7.2,statistik_tanaman_buah_2020.pdf,149,7.168293217097218
2020,Sabah,Kota Kinabalu,Kota Kinabalu,LIMAU_BESAR,LIMAU BESAR,Pomelo,LIMAU BESAR / Pomelo,major,0.0,0.0,0.0,0.0,0.0,statistik_tanaman_buah_2020.pdf,149,0.0
2020,Sabah,Kota Kinabalu,Kota Kinabalu,LIMAU_MANIS,LIMAU MANIS,Sweet Orange,LIMAU MANIS / Sweet Orange,major,0.0,0.0,0.0,0.0,0.0,statistik_tanaman_buah_2020.pdf,150,0.0
2020,Sabah,Kota Kinabalu,Kota Kinabalu,MANGGA,MANGGA,Mango,MANGGA / Mango,major,0.3,0.3,1.3,9.5,4.333333333333334,statistik_tanaman_buah_2020.pdf,150,4.393388888888885
2020,Sabah,Kota Kinabalu,Kota Kinabalu,MANGGIS,MANGGIS,Mangosteen,MANGGIS / Mangosteen,major,6.5,0.0,0.0,0.0,0.0,statistik_tanaman_buah_2020.pdf,151,0.0
2020,Sabah,Kota Kinabalu,Kota Kinabalu,MATA_NAGA,MATA NAGA/PITAYA,Dragon Fruit,MATA NAGA/PITAYA / Dragon Fruit,major,0.1,0.0,0.0,0.0,0.0,statistik_tanaman_buah_2020.pdf,151,0.0
2020,Sabah,Kota Kinabalu,Kota Kinabalu,NANAS,NANAS,Pineapple,NANAS / Pineapple,major,14.1,10.1,95.4,168.1,9.445544554455449,statistik_tanaman_buah_2020.pdf,152,9.646300970029944
2020,Sabah,Kota Kinabalu,Kota Kinabalu,NANGKA,NANGKA,Jackfruit,NANGKA / Jackfruit,major,1.5,1.0,10.5,19.8,10.5,statistik_tanaman_buah_2020.pdf,152,10.477008935508938
2020,Sabah,Kota Kinabalu,Kota Kinabalu,PISANG,PISANG,Banana,PISANG / Banana,major,0.0,0.0,0.0,0.0,0.0,statistik_tanaman_buah_2020.pdf,153,0.0
2020,Sabah,Kota Kinabalu,Kota Kinabalu,PULASAN,PULASAN,Pulasan,PULASAN / (Pulasan),major,0.0,0.0,0.0,0.0,0.0,statistik_tanaman_buah_2020.pdf,153,0.0
2020,Sabah,Kota Kinabalu,Kota Kinabalu,RAMBUTAN,RAMBUTAN,Rambutan,RAMBUTAN / (Rambutan),major,6.5,5.0,35.0,87.5,7.0,statistik_tanaman_buah_2020.pdf,154,7.017587600669026
2020,Sabah,Kota Kinabalu,Kota Kinabalu,SALAK,SALAK,Salak,SALAK / (Salak),major,0.0,0.0,0.0,0.0,0.0,statistik_tanaman_buah_2020.pdf,154,0.0
2020,Sabah,Kota Kinabalu,Kota Kinabalu,TEMBIKAI,TEMBIKAI,Watermelon,TEMBIKAI / Water-melon,major,0.0,0.0,0.0,0.0,0.0,statistik_tanaman_buah_2020.pdf,155,0.0
2020,Sabah,Kota Marudu,Kota Marudu,BELIMBING,BELIMBING,Starfruit,BELIMBING / Starfruit,major,0.6,0.6,1.6,4.0,2.666666666666667,statistik_tanaman_buah_2020.pdf,145,3.2014986772486793
2020,Sabah,Kota Marudu,Kota Marudu,BETIK,BETIK,Papaya,BETIK / Papaya,major,1.3,0.6,1.8,2.7,3.0,statistik_tanaman_buah_2020.pdf,145,3.0027380952380933
2020,Sabah,Kota Marudu,Kota Marudu,CEMPEDAK,CEMPEDAK,Cempedak,CEMPEDAK / (Cempedak),major,12.4,3.0,10.5,14.2,3.5,statistik_tanaman_buah_2020.pdf,146,3.6460578144373805
2020,Sabah,Kota Marudu,Kota Marudu,CIKU,CIKU,Ciku,CIKU / Sapodilla,major,0.4,0.4,0.9,2.9,2.25,statistik_tanaman_buah_2020.pdf,146,2.3593333333333324
2020,Sabah,Kota Marudu,Kota Marudu,DOKONG,DOKONG,Dokong,DOKONG / (Dokong),major,0.0,0.0,0.0,0.0,0.0,statistik_tanaman_buah_2020.pdf,147,0.0
2020,Sabah,Kota Marudu,Kota Marudu,DUKU,DUKU,Duku,DUKU / (Duku),major,5.0,3.0,10.0,20.0,3.333333333333333,statistik_tanaman_buah_2020.pdf,147,3.323874779541454
2020,Sabah,Kota Marudu,Kota Marudu,DURIAN,DURIAN,Durian,DURIAN / (Durian),major,97.5,30.0,142.0,2667.6,4.733333333333333,statistik_tanaman_buah_2020.pdf,148,5.216898202013322
2020,Sabah,Kota Marudu,Kota Marudu,JAMBU_BATU,JAMBU BATU,Guava,JAMBU BATU / Guava,major,0.0,0.0,0.0,0.0,0.0,statistik_tanaman_buah_2020.pdf,148,0.0
2020,Sabah,Kota Marudu,Kota Marudu,LANGSAT,LANGSAT,Langsat,LANGSAT / (Langsat),major,24.2,17.0,115.0,276.0,6.764705882352941,statistik_tanaman_buah_2020.pdf,149,6.807706233010642
2020,Sabah,Kota Marudu,Kota Marudu,LIMAU_BESAR,LIMAU BESAR,Pomelo,LIMAU BESAR / Pomelo,major,2.2,0.8,7.2,18.0,9.0,statistik_tanaman_buah_2020.pdf,149,8.935957671957672
2020,Sabah,Kota Marudu,Kota Marudu,LIMAU_MANIS,LIMAU MANIS,Sweet Orange,LIMAU MANIS / Sweet Orange,major,2.7,0.8,3.2,8.3,4.0,statistik_tanaman_buah_2020.pdf,150,4.006217338217339
2020,Sabah,Kota Marudu,Kota Marudu,MANGGA,MANGGA,Mango,MANGGA / Mango,major,15.7,6.3,15.0,109.9,2.380952380952381,statistik_tanaman_buah_2020.pdf,150,2.3872282063262014
2020,Sabah,Kota Marudu,Kota Marudu,MANGGIS,MANGGIS,Mangosteen,MANGGIS / Mangosteen,major,8.2,0.3,0.7,2.6,2.333333333333333,statistik_tanaman_buah_2020.pdf,151,2.313722222222226
2020,Sabah,Kota Marudu,Kota Marudu,MATA_NAGA,MATA NAGA/PITAYA,Dragon Fruit,MATA NAGA/PITAYA / Dragon Fruit,major,0.0,0.0,0.0,0.0,0.0,statistik_tanaman_buah_2020.pdf,151,0.0
2020,Sabah,Kota Marudu,Kota Marudu,NANAS,NANAS,Pineapple,NANAS / Pineapple,major,5.1,1.2,7.7,13.6,6.416666666666667,statistik_tanaman_buah_2020.pdf,152,6.541527801827823
2020,Sabah,Kota Marudu,Kota Marudu,NANGKA,NANGKA,Jackfruit,NANGKA / Jackfruit,major,13.0,0.0,0.0,0.0,0.0,statistik_tanaman_buah_2020.pdf,152,0.0
2020,Sabah,Kota Marudu,Kota Marudu,PISANG,PISANG,Banana,PISANG / Banana,major,353.5,320.5,4573.8,8004.2,14.270826833073324,statistik_tanaman_buah_2020.pdf,153,14.896474637719358
2020,Sabah,Kota Marudu,Kota Marudu,PULASAN,PULASAN,Pulasan,PULASAN / (Pulasan),major,0.0,0.0,0.0,0.0,0.0,statistik_tanaman_buah_2020.pdf,153,0.0
2020,Sabah,Kota Marudu,Kota Marudu,RAMBUTAN,RAMBUTAN,Rambutan,RAMBUTAN / (Rambutan),major,21.7,0.0,0.0,0.0,0.0,statistik_tanaman_buah_2020.pdf,154,0.0
2020,Sabah,Kota Marudu,Kota Marudu,SALAK,SALAK,Salak,SALAK / (Salak),major,0.0,0.0,0.0,0.0,0.0,statistik_tanaman_buah_2020.pdf,154,0.0
2020,Sabah,Kota Marudu,Kota Marudu,TEMBIKAI,TEMBIKAI,Watermelon,TEMBIKAI / Water-melon,major,4.0,4.0,22.0,30.3,5.5,statistik_tanaman_buah_2020.pdf,155,5.880883937687475
2020,Sabah,Kuala Penyu,Kuala Penyu,BELIMBING,BELIMBING,Starfruit,BELIMBING / Starfruit,major,0.0,0.0,0.0,0.0,0.0,statistik_tanaman_buah_2020.pdf,145,0.0
2020,Sabah,Kuala Penyu,Kuala Penyu,BETIK,BETIK,Papaya,BETIK / Papaya,major,0.0,0.0,0.0,0.0,0.0,statistik_tanaman_buah_2020.pdf,145,0.0
2020,Sabah,Kuala Penyu,Kuala Penyu,CEMPEDAK,CEMPEDAK,Cempedak,CEMPEDAK / (Cempedak),major,4.5,2.8,2.8,3.8,1.0,statistik_tanaman_buah_2020.pdf,146,1.0052137221772461
2020,Sabah,Kuala Penyu,Kuala Penyu,CIKU,CIKU,Ciku,CIKU / Sapodilla,major,0.0,0.0,0.0,0.0,0.0,statistik_tanaman_buah_2020.pdf,146,0.0
2020,Sabah,Kuala Penyu,Kuala Penyu,DOKONG,DOKONG,Dokong,DOKONG / (Dokong),major,0.0,0.0,0.0,0.0,0.0,statistik_tanaman_buah_2020.pdf,147,0.0
2020,Sabah,Kuala Penyu,Kuala Penyu,DUKU,DUKU,Duku,DUKU / (Duku),major,0.0,0.0,0.0,0.0,0.0,statistik_tanaman_buah_2020.pdf,147,0.0
2020,Sabah,Kuala Penyu,Kuala Penyu,DURIAN,DURIAN,Durian,DURIAN / (Durian),major,42.5,6.0,9.0,169.1,1.5,statistik_tanaman_buah_2020.pdf,148,1.5155463696487386
2020,Sabah,Kuala Penyu,Kuala Penyu,JAMBU_BATU,JAMBU BATU,Guava,JAMBU BATU / Guava,major,0.0,0.0,0.0,0.0,0.0,statistik_tanaman_buah_2020.pdf,148,0.0
2020,Sabah,Kuala Penyu,Kuala Penyu,LANGSAT,LANGSAT,Langsat,LANGSAT / (Langsat),major,0.0,0.0,0.0,0.0,0.0,statistik_tanaman_buah_2020.pdf,149,0.0
2020,Sabah,Kuala Penyu,Kuala Penyu,LIMAU_BESAR,LIMAU BESAR,Pomelo,LIMAU BESAR / Pomelo,major,0.0,0.0,0.0,0.0,0.0,statistik_tanaman_buah_2020.pdf,149,0.0
2020,Sabah,Kuala Penyu,Kuala Penyu,LIMAU_MANIS,LIMAU MANIS,Sweet Orange,LIMAU MANIS / Sweet Orange,major,0.0,0.0,0.0,0.0,0.0,statistik_tanaman_buah_2020.pdf,150,0.0
2020,Sabah,Kuala Penyu,Kuala Penyu,MANGGA,MANGGA,Mango,MANGGA / Mango,major,151.3,21.0,33.2,243.2,1.580952380952381,statistik_tanaman_buah_2020.pdf,150,1.628450435558851
2020,Sabah,Kuala Penyu,Kuala Penyu,MANGGIS,MANGGIS,Mangosteen,MANGGIS / Mangosteen,major,0.0,0.0,0.0,0.0,0.0,statistik_tanaman_buah_2020.pdf,151,0.0
2020,Sabah,Kuala Penyu,Kuala Penyu,MATA_NAGA,MATA NAGA/PITAYA,Dragon Fruit,MATA NAGA/PITAYA / Dragon Fruit,major,0.0,0.0,0.0,0.0,0.0,statistik_tanaman_buah_2020.pdf,151,0.0
2020,Sabah,Kuala Penyu,Kuala Penyu,NANAS,NANAS,Pineapple,NANAS / Pineapple,major,0.0,0.0,0.0,0.0,0.0,statistik_tanaman_buah_2020.pdf,152,0.0
2020,Sabah,Kuala Penyu,Kuala Penyu,NANGKA,NANGKA,Jackfruit,NANGKA / Jackfruit,major,0.0,0.0,0.0,0.0,0.0,statistik_tanaman_buah_2020.pdf,152,0.0
2020,Sabah,Kuala Penyu,Kuala Penyu,PISANG,PISANG,Banana,PISANG / Banana,major,34.1,23.1,196.0,343.0,8.484848484848484,statistik_tanaman_buah_2020.pdf,153,8.488543080554432
2020,Sabah,Kuala Penyu,Kuala Penyu,PULASAN,PULASAN,Pulasan,PULASAN / (Pulasan),major,0.0,0.0,0.0,0.0,0.0,statistik_tanaman_buah_2020.pdf,153,0.0
2020,Sabah,Kuala Penyu,Kuala Penyu,RAMBUTAN,RAMBUTAN,Rambutan,RAMBUTAN / (Rambutan),major,9.0,1.0,8.4,21.0,8.4,statistik_tanaman_buah_2020.pdf,154,8.328880011984609
2020,Sabah,Kuala Penyu,Kuala Penyu,SALAK,SALAK,Salak,SALAK / (Salak),major,0.0,0.0,0.0,0.0,0.0,statistik_tanaman_buah_2020.pdf,154,0.0
2020,Sabah,Kuala Penyu,Kuala Penyu,TEMBIKAI,TEMBIKAI,Watermelon,TEMBIKAI / Water-melon,major,1.5,1.5,14.5,19.9,9.666666666666666,statistik_tanaman_buah_2020.pdf,155,9.741482495603217
2020,Sabah,Kudat,Kudat,BELIMBING,BELIMBING,Starfruit,BELIMBING / Starfruit,major,1.0,1.0,0.6,1.5,0.6,statistik_tanaman_buah_2020.pdf,145,0.6152499999999969
2020,Sabah,Kudat,Kudat,BETIK,BETIK,Papaya,BETIK / Papaya,major,1.5,1.5,1.6,2.4,1.0666666666666669,statistik_tanaman_buah_2020.pdf,145,1.0830814857656947
2020,Sabah,Kudat,Kudat,CEMPEDAK,CEMPEDAK,Cempedak,CEMPEDAK / (Cempedak),major,4.8,4.8,11.9,16.1,2.479166666666667,statistik_tanaman_buah_2020.pdf,146,2.519977820733863
2020,Sabah,Kudat,Kudat,CIKU,CIKU,Ciku,CIKU / Sapodilla,major,0.1,0.1,0.1,0.3,1.0,statistik_tanaman_buah_2020.pdf,146,1.0016666666666667
2020,Sabah,Kudat,Kudat,DOKONG,DOKONG,Dokong,DOKONG / (Dokong),major,0.0,0.0,0.0,0.0,0.0,statistik_tanaman_buah_2020.pdf,147,0.0
2020,Sabah,Kudat,Kudat,DUKU,DUKU,Duku,DUKU / (Duku),major,0.0,0.0,0.0,0.0,0.0,statistik_tanaman_buah_2020.pdf,147,0.0
2020,Sabah,Kudat,Kudat,DURIAN,DURIAN,Durian,DURIAN / (Durian),major,9.1,4.0,6.0,112.7,1.5,statistik_tanaman_buah_2020.pdf,148,1.5831627864376765
2020,Sabah,Kudat,Kudat,JAMBU_BATU,JAMBU BATU,Guava,JAMBU BATU / Guava,major,0.9,0.9,4.1,10.5,4.555555555555555,statistik_tanaman_buah_2020.pdf,148,4.653781144781156
2020,Sabah,Kudat,Kudat,LANGSAT,LANGSAT,Langsat,LANGSAT / (Langsat),major,0.3,0.0,0.0,0.0,0.0,statistik_tanaman_buah_2020.pdf,149,0.0
2020,Sabah,Kudat,Kudat,LIMAU_BESAR,LIMAU BESAR,Pomelo,LIMAU BESAR / Pomelo,major,0.2,0.2,0.6,1.5,3.0,statistik_tanaman_buah_2020.pdf,149,2.9975
2020,Sabah,Kudat,Kudat,LIMAU_MANIS,LIMAU MANIS,Sweet Orange,LIMAU MANIS / Sweet Orange,major,0.0,0.0,0.0,0.0,0.0,statistik_tanaman_buah_2020.pdf,150,0.0
2020,Sabah,Kudat,Kudat,MANGGA,MANGGA,Mango,MANGGA / Mango,major,42.9,20.7,72.1,528.1,3.483091787439613,statistik_tanaman_buah_2020.pdf,150,3.457968117491634
2020,Sabah,Kudat,Kudat,MANGGIS,MANGGIS,Mangosteen,MANGGIS / Mangosteen,major,0.5,0.0,0.0,0.0,0.0,statistik_tanaman_buah_2020.pdf,151,0.0
2020,Sabah,Kudat,Kudat,MATA_NAGA,MATA NAGA/PITAYA,Dragon Fruit,MATA NAGA/PITAYA / Dragon Fruit,major,4.7,4.5,40.5,170.1,9.0,statistik_tanaman_buah_2020.pdf,151,9.115251106189874
2020,Sabah,Kudat,Kudat,NANAS,NANAS,Pineapple,NANAS / Pineapple,major,4.9,3.5,10.0,17.6,2.857142857142857,statistik_tanaman_buah_2020.pdf,152,2.811611598563826
2020,Sabah,Kudat,Kudat,NANGKA,NANGKA,Jackfruit,NANGKA / Jackfruit,major,7.1,5.9,17.7,33.3,3.0,statistik_tanaman_buah_2020.pdf,152,3.049703413461901
2020,Sabah,Kudat,Kudat,PISANG,PISANG,Banana,PISANG / Banana,major,251.9,192.9,2372.7,4152.2,12.300155520995332,statistik_tanaman_buah_2020.pdf,153,12.517526368526289
2020,Sabah,Kudat,Kudat,PULASAN,PULASAN,Pulasan,PULASAN / (Pulasan),major,0.0,0.0,0.0,0.0,0.0,statistik_tanaman_buah_2020.pdf,153,0.0
2020,Sabah,Kudat,Kudat,RAMBUTAN,RAMBUTAN,Rambutan,RAMBUTAN / (Rambutan),major,8.7,5.5,22.0,55.0,4.0,statistik_tanaman_buah_2020.pdf,154,4.0270132740452915
2020,Sabah,Kudat,Kudat,SALAK,SALAK,Salak,SALAK / (Salak),major,0.0,0.0,0.0,0.0,0.0,statistik_tanaman_buah_2020.pdf,154,0.0
2020,Sabah,Kudat,Kudat,TEMBIKAI,TEMBIKAI,Watermelon,TEMBIKAI / Water-melon,major,34.0,34.0,822.0,1130.3,24.176470588235293,statistik_tanaman_buah_2020.pdf,155,22.747840877491505
2020,Sabah,Kunak,Kunak,BELIMBING,BELIMBING,Starfruit,BELIMBING / Starfruit,major,0.0,0.0,0.0,0.0,0.0,statistik_tanaman_buah_2020.pdf,145,0.0
2020,Sabah,Kunak,Kunak,BETIK,BETIK,Papaya,BETIK / Papaya,major,3.4,1.2,6.0,9.1,5.0,statistik_tanaman_buah_2020.pdf,145,5.181731689128239
2020,Sabah,Kunak,Kunak,CEMPEDAK,CEMPEDAK,Cempedak,CEMPEDAK / (Cempedak),major,2.0,0.0,0.0,0.0,0.0,statistik_tanaman_buah_2020.pdf,146,0.0
2020,Sabah,Kunak,Kunak,CIKU,CIKU,Ciku,CIKU / Sapodilla,major,0.0,0.0,0.0,0.0,0.0,statistik_tanaman_buah_2020.pdf,146,0.0
2020,Sabah,Kunak,Kunak,DOKONG,DOKONG,Dokong,DOKONG / (Dokong),major,0.0,0.0,0.0,0.0,0.0,statistik_tanaman_buah_2020.pdf,147,0.0
2020,Sabah,Kunak,Kunak,DUKU,DUKU,Duku,DUKU / (Duku),major,0.0,0.0,0.0,0.0,0.0,statistik_tanaman_buah_2020.pdf,147,0.0
2020,Sabah,Kunak,Kunak,DURIAN,DURIAN,Durian,DURIAN / (Durian),major,66.2,13.0,20.3,381.4,1.5615384615384615,statistik_tanaman_buah_2020.pdf,148,1.57223845247743
2020,Sabah,Kunak,Kunak,JAMBU_BATU,JAMBU BATU,Guava,JAMBU BATU / Guava,major,0.0,0.0,0.0,0.0,0.0,statistik_tanaman_buah_2020.pdf,148,0.0
2020,Sabah,Kunak,Kunak,LANGSAT,LANGSAT,Langsat,LANGSAT / (Langsat),major,5.0,2.2,11.5,27.6,5.227272727272727,statistik_tanaman_buah_2020.pdf,149,5.422381549471506
2020,Sabah,Kunak,Kunak,LIMAU_BESAR,LIMAU BESAR,Pomelo,LIMAU BESAR / Pomelo,major,0.0,0.0,0.0,0.0,0.0,statistik_tanaman_buah_2020.pdf,149,0.0
2020,Sabah,Kunak,Kunak,LIMAU_MANIS,LIMAU MANIS,Sweet Orange,LIMAU MANIS / Sweet Orange,major,0.0,0.0,0.0,0.0,0.0,statistik_tanaman_buah_2020.pdf,150,0.0
2020,Sabah,Kunak,Kunak,MANGGA,MANGGA,Mango,MANGGA / Mango,major,20.0,1.0,1.5,11.0,1.5,statistik_tanaman_buah_2020.pdf,150,1.531594627594626
2020,Sabah,Kunak,Kunak,MANGGIS,MANGGIS,Mangosteen,MANGGIS / Mangosteen,major,0.0,0.0,0.0,0.0,0.0,statistik_tanaman_buah_2020.pdf,151,0.0
2020,Sabah,Kunak,Kunak,MATA_NAGA,MATA NAGA/PITAYA,Dragon Fruit,MATA NAGA/PITAYA / Dragon Fruit,major,0.0,0.0,0.0,0.0,0.0,statistik_tanaman_buah_2020.pdf,151,0.0
2020,Sabah,Kunak,Kunak,NANAS,NANAS,Pineapple,NANAS / Pineapple,major,4.0,2.0,6.8,12.0,3.4,statistik_tanaman_buah_2020.pdf,152,3.4794851370735045
2020,Sabah,Kunak,Kunak,NANGKA,NANGKA,Jackfruit,NANGKA / Jackfruit,major,2.0,0.0,0.0,0.0,0.0,statistik_tanaman_buah_2020.pdf,152,0.0
2020,Sabah,Kunak,Kunak,PISANG,PISANG,Banana,PISANG / Banana,major,48.0,18.0,304.0,532.0,16.88888888888889,statistik_tanaman_buah_2020.pdf,153,16.954959673619456
2020,Sabah,Kunak,Kunak,PULASAN,PULASAN,Pulasan,PULASAN / (Pulasan),major,0.0,0.0,0.0,0.0,0.0,statistik_tanaman_buah_2020.pdf,153,0.0
2020,Sabah,Kunak,Kunak,RAMBUTAN,RAMBUTAN,Rambutan,RAMBUTAN / (Rambutan),major,11.0,2.0,16.0,40.0,8.0,statistik_tanaman_buah_2020.pdf,154,7.575847064047061
2020,Sabah,Kunak,Kunak,SALAK,SALAK,Salak,SALAK / (Salak),major,2.0,2.0,12.0,33.6,6.0,statistik_tanaman_buah_2020.pdf,154,6.108469591399316
2020,Sabah,Kunak,Kunak,TEMBIKAI,TEMBIKAI,Watermelon,TEMBIKAI / Water-melon,major,10.0,10.0,23.7,32.6,2.37,statistik_tanaman_buah_2020.pdf,155,2.6215848933649264
2020,Sabah,Lahad Datu,Lahad Datu,BELIMBING,BELIMBING,Starfruit,BELIMBING / Starfruit,major,1.0,1.0,5.2,12.9,5.2,statistik_tanaman_buah_2020.pdf,145,5.175125541125558
2020,Sabah,Lahad Datu,Lahad Datu,BETIK,BETIK,Papaya,BETIK / Papaya,major,10.5,10.5,119.2,180.8,11.352380952380951,statistik_tanaman_buah_2020.pdf,145,11.303045027602462
2020,Sabah,Lahad Datu,Lahad Datu,CEMPEDAK,CEMPEDAK,Cempedak,CEMPEDAK / (Cempedak),major,15.0,12.8,106.0,143.1,8.28125,statistik_tanaman_buah_2020.pdf,146,8.178031623297407
2020,Sabah,Lahad Datu,Lahad Datu,CIKU,CIKU,Ciku,CIKU / Sapodilla,major,1.0,1.0,3.1,10.1,3.1,statistik_tanaman_buah_2020.pdf,146,3.0972828282828404
2020,Sabah,Lahad Datu,Lahad Datu,DOKONG,DOKONG,Dokong,DOKONG / (Dokong),major,0.0,0.0,0.0,0.0,0.0,statistik_tanaman_buah_2020.pdf,147,0.0
2020,Sabah,Lahad Datu,Lahad Datu,DUKU,DUKU,Duku,DUKU / (Duku),major,21.0,15.3,69.8,139.6,4.562091503267974,statistik_tanaman_buah_2020.pdf,147,4.586235708906154
2020,Sabah,Lahad Datu,Lahad Datu,DURIAN,DURIAN,Durian,DURIAN / (Durian),major,235.0,118.5,979.7,18404.4,8.267510548523207,statistik_tanaman_buah_2020.pdf,148,8.213150838496283
2020,Sabah,Lahad Datu,Lahad Datu,JAMBU_BATU,JAMBU BATU,Guava,JAMBU BATU / Guava,major,15.0,15.0,198.8,506.9,13.253333333333334,statistik_tanaman_buah_2020.pdf,148,13.23869343960574
2020,Sabah,Lahad Datu,Lahad Datu,LANGSAT,LANGSAT,Langsat,LANGSAT / (Langsat),major,71.6,48.0,267.2,641.3,5.566666666666666,statistik_tanaman_buah_2020.pdf,149,5.59253424491549
2020,Sabah,Lahad Datu,Lahad Datu,LIMAU_BESAR,LIMAU BESAR,Pomelo,LIMAU BESAR / Pomelo,major,2.0,2.0,16.1,40.3,8.05,statistik_tanaman_buah_2020.pdf,149,8.07824401913876
2020,Sabah,Lahad Datu,Lahad Datu,LIMAU_MANIS,LIMAU MANIS,Sweet Orange,LIMAU MANIS / Sweet Orange,major,16.0,16.0,57.4,149.2,3.5875,statistik_tanaman_buah_2020.pdf,150,3.6191548810453567
2020,Sabah,Lahad Datu,Lahad Datu,MANGGA,MANGGA,Mango,MANGGA / Mango,major,35.5,17.4,55.6,407.3,3.195402298850575,statistik_tanaman_buah_2020.pdf,150,3.220231293366155
2020,Sabah,Lahad Datu,Lahad Datu,MANGGIS,MANGGIS,Mangosteen,MANGGIS / Mangosteen,major,6.0,0.0,0.0,0.0,0.0,statistik_tanaman_buah_2020.pdf,151,0.0
2020,Sabah,Lahad Datu,Lahad Datu,MATA_NAGA,MATA NAGA/PITAYA,Dragon Fruit,MATA NAGA/PITAYA / Dragon Fruit,major,10.1,6.1,50.7,212.9,8.311475409836067,statistik_tanaman_buah_2020.pdf,151,8.281405911306656
2020,Sabah,Lahad Datu,Lahad Datu,NANAS,NANAS,Pineapple,NANAS / Pineapple,major,4.2,0.2,1.5,2.6,7.5,statistik_tanaman_buah_2020.pdf,152,7.00254365079365
2020,Sabah,Lahad Datu,Lahad Datu,NANGKA,NANGKA,Jackfruit,NANGKA / Jackfruit,major,5.0,5.0,46.1,86.8,9.22,statistik_tanaman_buah_2020.pdf,152,9.121093207474614
2020,Sabah,Lahad Datu,Lahad Datu,PISANG,PISANG,Banana,PISANG / Banana,major,114.0,102.0,2004.5,3507.9,19.65196078431373,statistik_tanaman_buah_2020.pdf,153,19.485947085755015
2020,Sabah,Lahad Datu,Lahad Datu,PULASAN,PULASAN,Pulasan,PULASAN / (Pulasan),major,0.0,0.0,0.0,0.0,0.0,statistik_tanaman_buah_2020.pdf,153,0.0
2020,Sabah,Lahad Datu,Lahad Datu,RAMBUTAN,RAMBUTAN,Rambutan,RAMBUTAN / (Rambutan),major,80.0,51.0,126.0,315.0,2.4705882352941178,statistik_tanaman_buah_2020.pdf,154,2.5456222246583398
2020,Sabah,Lahad Datu,Lahad Datu,SALAK,SALAK,Salak,SALAK / (Salak),major,2.0,2.0,8.0,22.4,4.0,statistik_tanaman_buah_2020.pdf,154,3.962883322387964
2020,Sabah,Lahad Datu,Lahad Datu,TEMBIKAI,TEMBIKAI,Watermelon,TEMBIKAI / Water-melon,major,6.0,5.0,74.0,101.8,14.8,statistik_tanaman_buah_2020.pdf,155,14.924124937367102
2020,Sabah,Matunggong,Matunggong,BELIMBING,BELIMBING,Starfruit,BELIMBING / Starfruit,major,0.0,0.0,0.0,0.0,0.0,statistik_tanaman_buah_2020.pdf,145,0.0
2020,Sabah,Matunggong,Matunggong,BETIK,BETIK,Papaya,BETIK / Papaya,major,0.0,0.0,0.0,0.0,0.0,statistik_tanaman_buah_2020.pdf,145,0.0
2020,Sabah,Matunggong,Matunggong,CEMPEDAK,CEMPEDAK,Cempedak,CEMPEDAK / (Cempedak),major,7.0,7.0,30.0,40.5,4.285714285714286,statistik_tanaman_buah_2020.pdf,146,4.255313888888893
2020,Sabah,Matunggong,Matunggong,CIKU,CIKU,Ciku,CIKU / Sapodilla,major,0.0,0.0,0.0,0.0,0.0,statistik_tanaman_buah_2020.pdf,146,0.0
2020,Sabah,Matunggong,Matunggong,DOKONG,DOKONG,Dokong,DOKONG / (Dokong),major,0.0,0.0,0.0,0.0,0.0,statistik_tanaman_buah_2020.pdf,147,0.0
2020,Sabah,Matunggong,Matunggong,DUKU,DUKU,Duku,DUKU / (Duku),major,0.0,0.0,0.0,0.0,0.0,statistik_tanaman_buah_2020.pdf,147,0.0
2020,Sabah,Matunggong,Matunggong,DURIAN,DURIAN,Durian,DURIAN / (Durian),major,3.7,3.7,9.0,169.1,2.4324324324324325,statistik_tanaman_buah_2020.pdf,148,2.4190304340995072
2020,Sabah,Matunggong,Matunggong,JAMBU_BATU,JAMBU BATU,Guava,JAMBU BATU / Guava,major,0.0,0.0,0.0,0.0,0.0,statistik_tanaman_buah_2020.pdf,148,0.0
2020,Sabah,Matunggong,Matunggong,LANGSAT,LANGSAT,Langsat,LANGSAT / (Langsat),major,5.0,4.0,14.1,33.8,3.525,statistik_tanaman_buah_2020.pdf,149,3.398239497538463
2020,Sabah,Matunggong,Matunggong,LIMAU_BESAR,LIMAU BESAR,Pomelo,LIMAU BESAR / Pomelo,major,6.0,6.0,40.0,100.0,6.666666666666667,statistik_tanaman_buah_2020.pdf,149,6.564875529046065
2020,Sabah,Matunggong,Matunggong,LIMAU_MANIS,LIMAU MANIS,Sweet Orange,LIMAU MANIS / Sweet Orange,major,4.0,4.0,10.0,26.0,2.5,statistik_tanaman_buah_2020.pdf,150,2.526533312664889
2020,Sabah,Matunggong,Matunggong,MANGGA,MANGGA,Mango,MANGGA / Mango,major,24.0,19.0,43.7,320.1,2.3000000000000003,statistik_tanaman_buah_2020.pdf,150,2.3294099786606766
2020,Sabah,Matunggong,Matunggong,MANGGIS,MANGGIS,Mangosteen,MANGGIS / Mangosteen,major,0.0,0.0,0.0,0.0,0.0,statistik_tanaman_buah_2020.pdf,151,0.0
2020,Sabah,Matunggong,Matunggong,MATA_NAGA,MATA NAGA/PITAYA,Dragon Fruit,MATA NAGA/PITAYA / Dragon Fruit,major,0.0,0.0,0.0,0.0,0.0,statistik_tanaman_buah_2020.pdf,151,0.0
2020,Sabah,Matunggong,Matunggong,NANAS,NANAS,Pineapple,NANAS / Pineapple,major,5.0,0.0,0.0,0.0,0.0,statistik_tanaman_buah_2020.pdf,152,0.0
2020,Sabah,Matunggong,Matunggong,NANGKA,NANGKA,Jackfruit,NANGKA / Jackfruit,major,30.0,30.0,270.0,508.5,9.0,statistik_tanaman_buah_2020.pdf,152,8.950888163159252
2020,Sabah,Matunggong,Matunggong,PISANG,PISANG,Banana,PISANG / Banana,major,154.8,82.5,1014.8,1775.9,12.30060606060606,statistik_tanaman_buah_2020.pdf,153,11.872459137126778
2020,Sabah,Matunggong,Matunggong,PULASAN,PULASAN,Pulasan,PULASAN / (Pulasan),major,0.0,0.0,0.0,0.0,0.0,statistik_tanaman_buah_2020.pdf,153,0.0
2020,Sabah,Matunggong,Matunggong,RAMBUTAN,RAMBUTAN,Rambutan,RAMBUTAN / (Rambutan),major,9.0,8.5,56.2,140.5,6.611764705882353,statistik_tanaman_buah_2020.pdf,154,6.603108284724455
2020,Sabah,Matunggong,Matunggong,SALAK,SALAK,Salak,SALAK / (Salak),major,0.0,0.0,0.0,0.0,0.0,statistik_tanaman_buah_2020.pdf,154,0.0
2020,Sabah,Matunggong,Matunggong,TEMBIKAI,TEMBIKAI,Watermelon,TEMBIKAI / Water-melon,major,0.0,0.0,0.0,0.0,0.0,statistik_tanaman_buah_2020.pdf,155,0.0
2020,Sabah,Nabawan/Pensiangan,Nabawan,BELIMBING,BELIMBING,Starfruit,BELIMBING / Starfruit,major,0.0,0.0,0.0,0.0,0.0,statistik_tanaman_buah_2020.pdf,145,0.0
2020,Sabah,Nabawan/Pensiangan,Nabawan,BETIK,BETIK,Papaya,BETIK / Papaya,major,0.0,0.0,0.0,0.0,0.0,statistik_tanaman_buah_2020.pdf,145,0.0
2020,Sabah,Nabawan/Pensiangan,Nabawan,CEMPEDAK,CEMPEDAK,Cempedak,CEMPEDAK / (Cempedak),major,16.7,3.0,3.0,4.1,1.0,statistik_tanaman_buah_2020.pdf,146,0.9752217283805521
2020,Sabah,Nabawan/Pensiangan,Nabawan,CIKU,CIKU,Ciku,CIKU / Sapodilla,major,0.0,0.0,0.0,0.0,0.0,statistik_tanaman_buah_2020.pdf,146,0.0
2020,Sabah,Nabawan/Pensiangan,Nabawan,DOKONG,DOKONG,Dokong,DOKONG / (Dokong),major,0.0,0.0,0.0,0.0,0.0,statistik_tanaman_buah_2020.pdf,147,0.0
2020,Sabah,Nabawan/Pensiangan,Nabawan,DUKU,DUKU,Duku,DUKU / (Duku),major,0.0,0.0,0.0,0.0,0.0,statistik_tanaman_buah_2020.pdf,147,0.0
2020,Sabah,Nabawan/Pensiangan,Nabawan,DURIAN,DURIAN,Durian,DURIAN / (Durian),major,240.3,20.0,31.0,582.4,1.55,statistik_tanaman_buah_2020.pdf,148,1.6200899800860333
2020,Sabah,Nabawan/Pensiangan,Nabawan,JAMBU_BATU,JAMBU BATU,Guava,JAMBU BATU / Guava,major,0.0,0.0,0.0,0.0,0.0,statistik_tanaman_buah_2020.pdf,148,0.0
2020,Sabah,Nabawan/Pensiangan,Nabawan,LANGSAT,LANGSAT,Langsat,LANGSAT / (Langsat),major,3.4,0.5,0.5,1.2,1.0,statistik_tanaman_buah_2020.pdf,149,0.99156746031746
2020,Sabah,Nabawan/Pensiangan,Nabawan,LIMAU_BESAR,LIMAU BESAR,Pomelo,LIMAU BESAR / Pomelo,major,0.0,0.0,0.0,0.0,0.0,statistik_tanaman_buah_2020.pdf,149,0.0
2020,Sabah,Nabawan/Pensiangan,Nabawan,LIMAU_MANIS,LIMAU MANIS,Sweet Orange,LIMAU MANIS / Sweet Orange,major,0.0,0.0,0.0,0.0,0.0,statistik_tanaman_buah_2020.pdf,150,0.0
2020,Sabah,Nabawan/Pensiangan,Nabawan,MANGGA,MANGGA,Mango,MANGGA / Mango,major,6.2,2.5,2.5,18.3,1.0,statistik_tanaman_buah_2020.pdf,150,0.9894630221296531
2020,Sabah,Nabawan/Pensiangan,Nabawan,MANGGIS,MANGGIS,Mangosteen,MANGGIS / Mangosteen,major,21.3,0.5,0.5,1.9,1.0,statistik_tanaman_buah_2020.pdf,151,1.0069841269841269
2020,Sabah,Nabawan/Pensiangan,Nabawan,MATA_NAGA,MATA NAGA/PITAYA,Dragon Fruit,MATA NAGA/PITAYA / Dragon Fruit,major,0.0,0.0,0.0,0.0,0.0,statistik_tanaman_buah_2020.pdf,151,0.0
2020,Sabah,Nabawan/Pensiangan,Nabawan,NANAS,NANAS,Pineapple,NANAS / Pineapple,major,2.2,1.1,12.0,21.2,10.909090909090908,statistik_tanaman_buah_2020.pdf,152,11.09758324083328
2020,Sabah,Nabawan/Pensiangan,Nabawan,NANGKA,NANGKA,Jackfruit,NANGKA / Jackfruit,major,0.4,0.2,0.2,0.4,1.0,statistik_tanaman_buah_2020.pdf,152,1.3956666666666666
2020,Sabah,Nabawan/Pensiangan,Nabawan,PISANG,PISANG,Banana,PISANG / Banana,major,64.2,25.0,26.8,46.9,1.072,statistik_tanaman_buah_2020.pdf,153,1.392263667269689
2020,Sabah,Nabawan/Pensiangan,Nabawan,PULASAN,PULASAN,Pulasan,PULASAN / (Pulasan),major,0.0,0.0,0.0,0.0,0.0,statistik_tanaman_buah_2020.pdf,153,0.0
2020,Sabah,Nabawan/Pensiangan,Pensiangan,RAMBUTAN,RAMBUTAN,Rambutan,RAMBUTAN / (Rambutan),major,30.5,2.0,1.5,3.8,0.75,statistik_tanaman_buah_2020.pdf,154,0.8666280184813464
2020,Sabah,Nabawan/Pensiangan,Pensiangan,SALAK,SALAK,Salak,SALAK / (Salak),major,0.0,0.0,0.0,0.0,0.0,statistik_tanaman_buah_2020.pdf,154,0.0
2020,Sabah,Nabawan/Pensiangan,Pensiangan,TEMBIKAI,TEMBIKAI,Watermelon,TEMBIKAI / Water-melon,major,0.0,0.0,0.0,0.0,0.0,statistik_tanaman_buah_2020.pdf,155,0.0
2020,Sabah,Papar,Papar,BELIMBING,BELIMBING,Starfruit,BELIMBING / Starfruit,major,2.0,0.0,0.0,0.0,0.0,statistik_tanaman_buah_2020.pdf,145,0.0
2020,Sabah,Papar,Papar,BETIK,BETIK,Papaya,BETIK / Papaya,major,2.0,1.0,2.2,3.3,2.2,statistik_tanaman_buah_2020.pdf,145,2.201752525252529
2020,Sabah,Papar,Papar,CEMPEDAK,CEMPEDAK,Cempedak,CEMPEDAK / (Cempedak),major,40.0,0.0,0.0,0.0,0.0,statistik_tanaman_buah_2020.pdf,146,0.0
2020,Sabah,Papar,Papar,CIKU,CIKU,Ciku,CIKU / Sapodilla,major,0.0,0.0,0.0,0.0,0.0,statistik_tanaman_buah_2020.pdf,146,0.0
2020,Sabah,Papar,Papar,DOKONG,DOKONG,Dokong,DOKONG / (Dokong),major,0.0,0.0,0.0,0.0,0.0,statistik_tanaman_buah_2020.pdf,147,0.0
2020,Sabah,Papar,Papar,DUKU,DUKU,Duku,DUKU / (Duku),major,3.0,0.0,0.0,0.0,0.0,statistik_tanaman_buah_2020.pdf,147,0.0
2020,Sabah,Papar,Papar,DURIAN,DURIAN,Durian,DURIAN / (Durian),major,267.0,90.0,270.0,5072.1,3.0,statistik_tanaman_buah_2020.pdf,148,3.071335267449437
2020,Sabah,Papar,Papar,JAMBU_BATU,JAMBU BATU,Guava,JAMBU BATU / Guava,major,42.0,20.0,290.0,739.5,14.5,statistik_tanaman_buah_2020.pdf,148,14.38400791051092
2020,Sabah,Papar,Papar,LANGSAT,LANGSAT,Langsat,LANGSAT / (Langsat),major,45.0,0.0,0.0,0.0,0.0,statistik_tanaman_buah_2020.pdf,149,0.0
2020,Sabah,Papar,Papar,LIMAU_BESAR,LIMAU BESAR,Pomelo,LIMAU BESAR / Pomelo,major,0.0,0.0,0.0,0.0,0.0,statistik_tanaman_buah_2020.pdf,149,0.0
2020,Sabah,Papar,Papar,LIMAU_MANIS,LIMAU MANIS,Sweet Orange,LIMAU MANIS / Sweet Orange,major,0.0,0.0,0.0,0.0,0.0,statistik_tanaman_buah_2020.pdf,150,0.0
2020,Sabah,Papar,Papar,MANGGA,MANGGA,Mango,MANGGA / Mango,major,90.0,50.0,140.0,1025.5,2.8,statistik_tanaman_buah_2020.pdf,150,2.9637227887852373
2020,Sabah,Papar,Papar,MANGGIS,MANGGIS,Mangosteen,MANGGIS / Mangosteen,major,20.0,0.0,0.0,0.0,0.0,statistik_tanaman_buah_2020.pdf,151,0.0
2020,Sabah,Papar,Papar,MATA_NAGA,MATA NAGA/PITAYA,Dragon Fruit,MATA NAGA/PITAYA / Dragon Fruit,major,3.0,0.0,0.0,0.0,0.0,statistik_tanaman_buah_2020.pdf,151,0.0
2020,Sabah,Papar,Papar,NANAS,NANAS,Pineapple,NANAS / Pineapple,major,19.0,8.0,102.0,179.8,12.75,statistik_tanaman_buah_2020.pdf,152,12.42977580054298
2020,Sabah,Papar,Papar,NANGKA,NANGKA,Jackfruit,NANGKA / Jackfruit,major,10.0,8.0,55.0,103.6,6.875,statistik_tanaman_buah_2020.pdf,152,6.83998619302668
2020,Sabah,Papar,Papar,PISANG,PISANG,Banana,PISANG / Banana,major,72.0,64.0,772.0,1351.0,12.0625,statistik_tanaman_buah_2020.pdf,153,13.268552060571464
2020,Sabah,Papar,Papar,PULASAN,PULASAN,Pulasan,PULASAN / (Pulasan),major,0.0,0.0,0.0,0.0,0.0,statistik_tanaman_buah_2020.pdf,153,0.0
2020,Sabah,Papar,Papar,RAMBUTAN,RAMBUTAN,Rambutan,RAMBUTAN / (Rambutan),major,50.0,0.0,0.0,0.0,0.0,statistik_tanaman_buah_2020.pdf,154,0.0
2020,Sabah,Papar,Papar,SALAK,SALAK,Salak,SALAK / (Salak),major,0.0,0.0,0.0,0.0,0.0,statistik_tanaman_buah_2020.pdf,154,0.0
2020,Sabah,Papar,Papar,TEMBIKAI,TEMBIKAI,Watermelon,TEMBIKAI / Water-melon,major,130.0,130.0,1300.0,1787.5,10.0,statistik_tanaman_buah_2020.pdf,155,10.10094641151571
2020,Sabah,Penampang,Penampang,BELIMBING,BELIMBING,Starfruit,BELIMBING / Starfruit,major,0.0,0.0,0.0,0.0,0.0,statistik_tanaman_buah_2020.pdf,145,0.0
2020,Sabah,Penampang,Penampang,BETIK,BETIK,Papaya,BETIK / Papaya,major,0.0,0.0,0.0,0.0,0.0,statistik_tanaman_buah_2020.pdf,145,0.0
2020,Sabah,Penampang,Penampang,CEMPEDAK,CEMPEDAK,Cempedak,CEMPEDAK / (Cempedak),major,4.0,2.8,14.4,19.4,5.142857142857143,statistik_tanaman_buah_2020.pdf,146,5.267130216248082
2020,Sabah,Penampang,Penampang,CIKU,CIKU,Ciku,CIKU / Sapodilla,major,0.0,0.0,0.0,0.0,0.0,statistik_tanaman_buah_2020.pdf,146,0.0
2020,Sabah,Penampang,Penampang,DOKONG,DOKONG,Dokong,DOKONG / (Dokong),major,0.0,0.0,0.0,0.0,0.0,statistik_tanaman_buah_2020.pdf,147,0.0
2020,Sabah,Penampang,Penampang,DUKU,DUKU,Duku,DUKU / (Duku),major,3.5,0.0,0.0,0.0,0.0,statistik_tanaman_buah_2020.pdf,147,0.0
2020,Sabah,Penampang,Penampang,DURIAN,DURIAN,Durian,DURIAN / (Durian),major,40.2,6.5,52.0,976.9,8.0,statistik_tanaman_buah_2020.pdf,148,7.9280537101143835
2020,Sabah,Penampang,Penampang,JAMBU_BATU,JAMBU BATU,Guava,JAMBU BATU / Guava,major,0.0,0.0,0.0,0.0,0.0,statistik_tanaman_buah_2020.pdf,148,0.0
2020,Sabah,Penampang,Penampang,LANGSAT,LANGSAT,Langsat,LANGSAT / (Langsat),major,6.0,5.0,32.5,78.0,6.5,statistik_tanaman_buah_2020.pdf,149,6.403461337024249
2020,Sabah,Penampang,Penampang,LIMAU_BESAR,LIMAU BESAR,Pomelo,LIMAU BESAR / Pomelo,major,0.0,0.0,0.0,0.0,0.0,statistik_tanaman_buah_2020.pdf,149,0.0
2020,Sabah,Penampang,Penampang,LIMAU_MANIS,LIMAU MANIS,Sweet Orange,LIMAU MANIS / Sweet Orange,major,0.0,0.0,0.0,0.0,0.0,statistik_tanaman_buah_2020.pdf,150,0.0
2020,Sabah,Penampang,Penampang,MANGGA,MANGGA,Mango,MANGGA / Mango,major,1.8,0.1,0.4,2.9,4.0,statistik_tanaman_buah_2020.pdf,150,3.5834444444444453
2020,Sabah,Penampang,Penampang,MANGGIS,MANGGIS,Mangosteen,MANGGIS / Mangosteen,major,3.1,1.7,11.0,41.3,6.470588235294118,statistik_tanaman_buah_2020.pdf,151,6.581278485807295
2020,Sabah,Penampang,Penampang,MATA_NAGA,MATA NAGA/PITAYA,Dragon Fruit,MATA NAGA/PITAYA / Dragon Fruit,major,1.3,1.3,7.8,32.8,6.0,statistik_tanaman_buah_2020.pdf,151,5.923949660475963
2020,Sabah,Penampang,Penampang,NANAS,NANAS,Pineapple,NANAS / Pineapple,major,102.4,51.0,445.9,785.9,8.74313725490196,statistik_tanaman_buah_2020.pdf,152,8.857156480615336
2020,Sabah,Penampang,Penampang,NANGKA,NANGKA,Jackfruit,NANGKA / Jackfruit,major,0.6,0.6,4.2,7.9,7.000000000000001,statistik_tanaman_buah_2020.pdf,152,6.991759259259261
2020,Sabah,Penampang,Penampang,PISANG,PISANG,Banana,PISANG / Banana,major,2.4,1.5,7.5,13.1,5.0,statistik_tanaman_buah_2020.pdf,153,5.105377837848425
2020,Sabah,Penampang,Penampang,PULASAN,PULASAN,Pulasan,PULASAN / (Pulasan),major,0.0,0.0,0.0,0.0,0.0,statistik_tanaman_buah_2020.pdf,153,0.0
2020,Sabah,Penampang,Penampang,RAMBUTAN,RAMBUTAN,Rambutan,RAMBUTAN / (Rambutan),major,8.5,5.5,17.5,43.8,3.1818181818181817,statistik_tanaman_buah_2020.pdf,154,3.2108312616643335
2020,Sabah,Penampang,Penampang,SALAK,SALAK,Salak,SALAK / (Salak),major,0.0,0.0,0.0,0.0,0.0,statistik_tanaman_buah_2020.pdf,154,0.0
2020,Sabah,Penampang,Penampang,TEMBIKAI,TEMBIKAI,Watermelon,TEMBIKAI / Water-melon,major,0.0,0.0,0.0,0.0,0.0,statistik_tanaman_buah_2020.pdf,155,0.0
2020,Sabah,Pitas,Pitas,BELIMBING,BELIMBING,Starfruit,BELIMBING / Starfruit,major,0.0,0.0,0.0,0.0,0.0,statistik_tanaman_buah_2020.pdf,145,0.0
2020,Sabah,Pitas,Pitas,BETIK,BETIK,Papaya,BETIK / Papaya,major,0.0,0.0,0.0,0.0,0.0,statistik_tanaman_buah_2020.pdf,145,0.0
2020,Sabah,Pitas,Pitas,CEMPEDAK,CEMPEDAK,Cempedak,CEMPEDAK / (Cempedak),major,23.0,23.0,92.0,124.2,4.0,statistik_tanaman_buah_2020.pdf,146,4.049914848962514
2020,Sabah,Pitas,Pitas,CIKU,CIKU,Ciku,CIKU / Sapodilla,major,0.0,0.0,0.0,0.0,0.0,statistik_tanaman_buah_2020.pdf,146,0.0
2020,Sabah,Pitas,Pitas,DOKONG,DOKONG,Dokong,DOKONG / (Dokong),major,0.0,0.0,0.0,0.0,0.0,statistik_tanaman_buah_2020.pdf,147,0.0
2020,Sabah,Pitas,Pitas,DUKU,DUKU,Duku,DUKU / (Duku),major,0.0,0.0,0.0,0.0,0.0,statistik_tanaman_buah_2020.pdf,147,0.0
2020,Sabah,Pitas,Pitas,DURIAN,DURIAN,Durian,DURIAN / (Durian),major,20.6,4.6,16.1,302.5,3.5000000000000004,statistik_tanaman_buah_2020.pdf,148,3.742938675010655
2020,Sabah,Pitas,Pitas,JAMBU_BATU,JAMBU BATU,Guava,JAMBU BATU / Guava,major,0.0,0.0,0.0,0.0,0.0,statistik_tanaman_buah_2020.pdf,148,0.0
2020,Sabah,Pitas,Pitas,LANGSAT,LANGSAT,Langsat,LANGSAT / (Langsat),major,10.4,10.4,52.0,124.8,5.0,statistik_tanaman_buah_2020.pdf,149,5.088998299145194
2020,Sabah,Pitas,Pitas,LIMAU_BESAR,LIMAU BESAR,Pomelo,LIMAU BESAR / Pomelo,major,0.0,0.0,0.0,0.0,0.0,statistik_tanaman_buah_2020.pdf,149,0.0
2020,Sabah,Pitas,Pitas,LIMAU_MANIS,LIMAU MANIS,Sweet Orange,LIMAU MANIS / Sweet Orange,major,0.0,0.0,0.0,0.0,0.0,statistik_tanaman_buah_2020.pdf,150,0.0
2020,Sabah,Pitas,Pitas,MANGGA,MANGGA,Mango,MANGGA / Mango,major,45.4,32.4,71.3,522.3,2.200617283950617,statistik_tanaman_buah_2020.pdf,150,2.224710734796912
2020,Sabah,Pitas,Pitas,MANGGIS,MANGGIS,Mangosteen,MANGGIS / Mangosteen,major,3.4,0.0,0.0,0.0,0.0,statistik_tanaman_buah_2020.pdf,151,0.0
2020,Sabah,Pitas,Pitas,MATA_NAGA,MATA NAGA/PITAYA,Dragon Fruit,MATA NAGA/PITAYA / Dragon Fruit,major,0.6,0.6,1.1,4.6,1.8333333333333333,statistik_tanaman_buah_2020.pdf,151,1.919222222222221
2020,Sabah,Pitas,Pitas,NANAS,NANAS,Pineapple,NANAS / Pineapple,major,12.3,12.0,120.0,211.5,10.0,statistik_tanaman_buah_2020.pdf,152,10.053273079487912
2020,Sabah,Pitas,Pitas,NANGKA,NANGKA,Jackfruit,NANGKA / Jackfruit,major,5.8,0.0,0.0,0.0,0.0,statistik_tanaman_buah_2020.pdf,152,0.0
2020,Sabah,Pitas,Pitas,PISANG,PISANG,Banana,PISANG / Banana,major,152.1,128.0,1346.0,2355.5,10.515625,statistik_tanaman_buah_2020.pdf,153,10.548025067083087
2020,Sabah,Pitas,Pitas,PULASAN,PULASAN,Pulasan,PULASAN / (Pulasan),major,0.0,0.0,0.0,0.0,0.0,statistik_tanaman_buah_2020.pdf,153,0.0
2020,Sabah,Pitas,Pitas,RAMBUTAN,RAMBUTAN,Rambutan,RAMBUTAN / (Rambutan),major,17.0,0.0,0.0,0.0,0.0,statistik_tanaman_buah_2020.pdf,154,0.0
2020,Sabah,Pitas,Pitas,SALAK,SALAK,Salak,SALAK / (Salak),major,0.0,0.0,0.0,0.0,0.0,statistik_tanaman_buah_2020.pdf,154,0.0
2020,Sabah,Pitas,Pitas,TEMBIKAI,TEMBIKAI,Watermelon,TEMBIKAI / Water-melon,major,0.0,0.0,0.0,0.0,0.0,statistik_tanaman_buah_2020.pdf,155,0.0
2020,Sabah,Putatan,Putatan,BELIMBING,BELIMBING,Starfruit,BELIMBING / Starfruit,major,0.0,0.0,0.0,0.0,0.0,statistik_tanaman_buah_2020.pdf,145,0.0
2020,Sabah,Putatan,Putatan,BETIK,BETIK,Papaya,BETIK / Papaya,major,0.0,0.0,0.0,0.0,0.0,statistik_tanaman_buah_2020.pdf,145,0.0
2020,Sabah,Putatan,Putatan,CEMPEDAK,CEMPEDAK,Cempedak,CEMPEDAK / (Cempedak),major,0.0,0.0,0.0,0.0,0.0,statistik_tanaman_buah_2020.pdf,146,0.0
2020,Sabah,Putatan,Putatan,CIKU,CIKU,Ciku,CIKU / Sapodilla,major,0.0,0.0,0.0,0.0,0.0,statistik_tanaman_buah_2020.pdf,146,0.0
2020,Sabah,Putatan,Putatan,DOKONG,DOKONG,Dokong,DOKONG / (Dokong),major,0.0,0.0,0.0,0.0,0.0,statistik_tanaman_buah_2020.pdf,147,0.0
2020,Sabah,Putatan,Putatan,DUKU,DUKU,Duku,DUKU / (Duku),major,0.0,0.0,0.0,0.0,0.0,statistik_tanaman_buah_2020.pdf,147,0.0
2020,Sabah,Putatan,Putatan,DURIAN,DURIAN,Durian,DURIAN / (Durian),major,0.0,0.0,0.0,0.0,0.0,statistik_tanaman_buah_2020.pdf,148,0.0
2020,Sabah,Putatan,Putatan,JAMBU_BATU,JAMBU BATU,Guava,JAMBU BATU / Guava,major,1.4,1.0,1.0,2.6,1.0,statistik_tanaman_buah_2020.pdf,148,0.9833009768009775
2020,Sabah,Putatan,Putatan,LANGSAT,LANGSAT,Langsat,LANGSAT / (Langsat),major,0.0,0.0,0.0,0.0,0.0,statistik_tanaman_buah_2020.pdf,149,0.0
2020,Sabah,Putatan,Putatan,LIMAU_BESAR,LIMAU BESAR,Pomelo,LIMAU BESAR / Pomelo,major,0.0,0.0,0.0,0.0,0.0,statistik_tanaman_buah_2020.pdf,149,0.0
2020,Sabah,Putatan,Putatan,LIMAU_MANIS,LIMAU MANIS,Sweet Orange,LIMAU MANIS / Sweet Orange,major,0.0,0.0,0.0,0.0,0.0,statistik_tanaman_buah_2020.pdf,150,0.0
2020,Sabah,Putatan,Putatan,MANGGA,MANGGA,Mango,MANGGA / Mango,major,0.0,0.0,0.0,0.0,0.0,statistik_tanaman_buah_2020.pdf,150,0.0
2020,Sabah,Putatan,Putatan,MANGGIS,MANGGIS,Mangosteen,MANGGIS / Mangosteen,major,0.0,0.0,0.0,0.0,0.0,statistik_tanaman_buah_2020.pdf,151,0.0
2020,Sabah,Putatan,Putatan,MATA_NAGA,MATA NAGA/PITAYA,Dragon Fruit,MATA NAGA/PITAYA / Dragon Fruit,major,0.0,0.0,0.0,0.0,0.0,statistik_tanaman_buah_2020.pdf,151,0.0
2020,Sabah,Putatan,Putatan,NANAS,NANAS,Pineapple,NANAS / Pineapple,major,0.0,0.0,0.0,0.0,0.0,statistik_tanaman_buah_2020.pdf,152,0.0
2020,Sabah,Putatan,Putatan,NANGKA,NANGKA,Jackfruit,NANGKA / Jackfruit,major,0.0,0.0,0.0,0.0,0.0,statistik_tanaman_buah_2020.pdf,152,0.0
2020,Sabah,Putatan,Putatan,PISANG,PISANG,Banana,PISANG / Banana,major,2.1,2.1,38.4,67.2,18.285714285714285,statistik_tanaman_buah_2020.pdf,153,16.339299106242613
2020,Sabah,Putatan,Putatan,PULASAN,PULASAN,Pulasan,PULASAN / (Pulasan),major,0.0,0.0,0.0,0.0,0.0,statistik_tanaman_buah_2020.pdf,153,0.0
2020,Sabah,Putatan,Putatan,RAMBUTAN,RAMBUTAN,Rambutan,RAMBUTAN / (Rambutan),major,0.0,0.0,0.0,0.0,0.0,statistik_tanaman_buah_2020.pdf,154,0.0
2020,Sabah,Putatan,Putatan,SALAK,SALAK,Salak,SALAK / (Salak),major,0.0,0.0,0.0,0.0,0.0,statistik_tanaman_buah_2020.pdf,154,0.0
2020,Sabah,Putatan,Putatan,TEMBIKAI,TEMBIKAI,Watermelon,TEMBIKAI / Water-melon,major,4.2,4.1,25.9,35.6,6.317073170731708,statistik_tanaman_buah_2020.pdf,155,6.507911900636696
2020,Sabah,Ranau,Ranau,BELIMBING,BELIMBING,Starfruit,BELIMBING / Starfruit,major,5.0,5.0,17.7,43.8,3.54,statistik_tanaman_buah_2020.pdf,145,3.5824809498723758
2020,Sabah,Ranau,Ranau,BETIK,BETIK,Papaya,BETIK / Papaya,major,16.0,16.0,159.4,241.8,9.9625,statistik_tanaman_buah_2020.pdf,145,10.505910360558682
2020,Sabah,Ranau,Ranau,CEMPEDAK,CEMPEDAK,Cempedak,CEMPEDAK / (Cempedak),major,110.9,13.0,115.0,155.3,8.846153846153847,statistik_tanaman_buah_2020.pdf,146,8.738622997891746
2020,Sabah,Ranau,Ranau,CIKU,CIKU,Ciku,CIKU / Sapodilla,major,0.0,0.0,0.0,0.0,0.0,statistik_tanaman_buah_2020.pdf,146,0.0
2020,Sabah,Ranau,Ranau,DOKONG,DOKONG,Dokong,DOKONG / (Dokong),major,5.0,4.5,5.5,10.7,1.2222222222222223,statistik_tanaman_buah_2020.pdf,147,1.2285995502090818
2020,Sabah,Ranau,Ranau,DUKU,DUKU,Duku,DUKU / (Duku),major,26.0,18.0,13.8,27.6,0.7666666666666667,statistik_tanaman_buah_2020.pdf,147,0.7966415782213354
2020,Sabah,Ranau,Ranau,DURIAN,DURIAN,Durian,DURIAN / (Durian),major,1415.1,550.9,3557.0,66820.8,6.456707206389544,statistik_tanaman_buah_2020.pdf,148,6.971323424567795
2020,Sabah,Ranau,Ranau,JAMBU_BATU,JAMBU BATU,Guava,JAMBU BATU / Guava,major,3.0,3.0,35.5,90.5,11.833333333333334,statistik_tanaman_buah_2020.pdf,148,11.771203293272153
2020,Sabah,Ranau,Ranau,LANGSAT,LANGSAT,Langsat,LANGSAT / (Langsat),major,380.8,115.0,750.0,1800.0,6.521739130434782,statistik_tanaman_buah_2020.pdf,149,7.253506392300926
2020,Sabah,Ranau,Ranau,LIMAU_BESAR,LIMAU BESAR,Pomelo,LIMAU BESAR / Pomelo,major,5.0,5.0,23.0,57.5,4.6,statistik_tanaman_buah_2020.pdf,149,4.609621601625475
2020,Sabah,Ranau,Ranau,LIMAU_MANIS,LIMAU MANIS,Sweet Orange,LIMAU MANIS / Sweet Orange,major,5.0,5.0,20.3,52.8,4.0600000000000005,statistik_tanaman_buah_2020.pdf,150,4.045019448805145
2020,Sabah,Ranau,Ranau,MANGGA,MANGGA,Mango,MANGGA / Mango,major,55.3,34.0,161.0,1179.3,4.735294117647059,statistik_tanaman_buah_2020.pdf,150,4.796650814922497
2020,Sabah,Ranau,Ranau,MANGGIS,MANGGIS,Mangosteen,MANGGIS / Mangosteen,major,29.6,11.0,81.0,303.8,7.363636363636363,statistik_tanaman_buah_2020.pdf,151,7.309513229231355
2020,Sabah,Ranau,Ranau,MATA_NAGA,MATA NAGA/PITAYA,Dragon Fruit,MATA NAGA/PITAYA / Dragon Fruit,major,0.0,0.0,0.0,0.0,0.0,statistik_tanaman_buah_2020.pdf,151,0.0
2020,Sabah,Ranau,Ranau,NANAS,NANAS,Pineapple,NANAS / Pineapple,major,25.7,24.0,365.2,643.7,15.216666666666669,statistik_tanaman_buah_2020.pdf,152,15.310472112640067
2020,Sabah,Ranau,Ranau,NANGKA,NANGKA,Jackfruit,NANGKA / Jackfruit,major,35.6,33.0,283.0,533.0,8.575757575757576,statistik_tanaman_buah_2020.pdf,152,8.512168846895564
2020,Sabah,Ranau,Ranau,PISANG,PISANG,Banana,PISANG / Banana,major,173.0,111.0,1470.0,2572.5,13.243243243243244,statistik_tanaman_buah_2020.pdf,153,13.255374061925748
2020,Sabah,Ranau,Ranau,PULASAN,PULASAN,Pulasan,PULASAN / (Pulasan),major,0.0,0.0,0.0,0.0,0.0,statistik_tanaman_buah_2020.pdf,153,0.0
2020,Sabah,Ranau,Ranau,RAMBUTAN,RAMBUTAN,Rambutan,RAMBUTAN / (Rambutan),major,188.5,41.0,355.0,887.5,8.658536585365853,statistik_tanaman_buah_2020.pdf,154,8.295086737778119
2020,Sabah,Ranau,Ranau,SALAK,SALAK,Salak,SALAK / (Salak),major,1.0,1.0,1.2,3.4,1.2,statistik_tanaman_buah_2020.pdf,154,1.203134310134306
2020,Sabah,Ranau,Ranau,TEMBIKAI,TEMBIKAI,Watermelon,TEMBIKAI / Water-melon,major,0.8,0.8,7.4,10.2,9.25,statistik_tanaman_buah_2020.pdf,155,9.566765873015875
2020,Sabah,Sandakan,Sandakan,BELIMBING,BELIMBING,Starfruit,BELIMBING / Starfruit,major,5.0,5.0,40.0,99.0,8.0,statistik_tanaman_buah_2020.pdf,145,8.011964756941483
2020,Sabah,Sandakan,Sandakan,BETIK,BETIK,Papaya,BETIK / Papaya,major,3.8,3.8,31.6,47.9,8.31578947368421,statistik_tanaman_buah_2020.pdf,145,8.332163906027835
2020,Sabah,Sandakan,Sandakan,CEMPEDAK,CEMPEDAK,Cempedak,CEMPEDAK / (Cempedak),major,3.0,3.0,16.0,21.6,5.333333333333333,statistik_tanaman_buah_2020.pdf,146,5.460034721424798
2020,Sabah,Sandakan,Sandakan,CIKU,CIKU,Ciku,CIKU / Sapodilla,major,2.8,2.5,11.8,38.4,4.720000000000001,statistik_tanaman_buah_2020.pdf,146,4.88168313306803
2020,Sabah,Sandakan,Sandakan,DOKONG,DOKONG,Dokong,DOKONG / (Dokong),major,4.1,4.1,30.0,58.5,7.317073170731708,statistik_tanaman_buah_2020.pdf,147,7.475546066716413
2020,Sabah,Sandakan,Sandakan,DUKU,DUKU,Duku,DUKU / (Duku),major,36.8,36.8,210.0,420.0,5.706521739130436,statistik_tanaman_buah_2020.pdf,147,5.825960635694677
2020,Sabah,Sandakan,Sandakan,DURIAN,DURIAN,Durian,DURIAN / (Durian),major,92.6,50.0,250.0,4696.4,5.0,statistik_tanaman_buah_2020.pdf,148,5.048281503101749
2020,Sabah,Sandakan,Sandakan,JAMBU_BATU,JAMBU BATU,Guava,JAMBU BATU / Guava,major,8.5,8.0,41.0,104.6,5.125,statistik_tanaman_buah_2020.pdf,148,5.25395659388829
2020,Sabah,Sandakan,Sandakan,LANGSAT,LANGSAT,Langsat,LANGSAT / (Langsat),major,50.0,20.0,100.0,240.0,5.0,statistik_tanaman_buah_2020.pdf,149,5.002467814012675
2020,Sabah,Sandakan,Sandakan,LIMAU_BESAR,LIMAU BESAR,Pomelo,LIMAU BESAR / Pomelo,major,7.1,6.0,52.0,130.0,8.666666666666666,statistik_tanaman_buah_2020.pdf,149,8.700722984714456
2020,Sabah,Sandakan,Sandakan,LIMAU_MANIS,LIMAU MANIS,Sweet Orange,LIMAU MANIS / Sweet Orange,major,1.5,1.5,7.0,18.2,4.666666666666667,statistik_tanaman_buah_2020.pdf,150,4.816627163685995
2020,Sabah,Sandakan,Sandakan,MANGGA,MANGGA,Mango,MANGGA / Mango,major,115.1,73.0,206.0,1509.0,2.8219178082191783,statistik_tanaman_buah_2020.pdf,150,2.953652701079615
2020,Sabah,Sandakan,Sandakan,MANGGIS,MANGGIS,Mangosteen,MANGGIS / Mangosteen,major,28.1,10.1,46.0,172.5,4.554455445544555,statistik_tanaman_buah_2020.pdf,151,4.626684012696144
2020,Sabah,Sandakan,Sandakan,MATA_NAGA,MATA NAGA/PITAYA,Dragon Fruit,MATA NAGA/PITAYA / Dragon Fruit,major,3.0,3.0,16.0,67.2,5.333333333333333,statistik_tanaman_buah_2020.pdf,151,5.48220222164488
2020,Sabah,Sandakan,Sandakan,NANAS,NANAS,Pineapple,NANAS / Pineapple,major,6.5,2.5,17.0,30.0,6.8,statistik_tanaman_buah_2020.pdf,152,6.915456532356505
2020,Sabah,Sandakan,Sandakan,NANGKA,NANGKA,Jackfruit,NANGKA / Jackfruit,major,11.5,3.5,35.0,65.9,10.0,statistik_tanaman_buah_2020.pdf,152,9.974210257693288
2020,Sabah,Sandakan,Sandakan,PISANG,PISANG,Banana,PISANG / Banana,major,44.0,33.2,477.6,835.8,14.385542168674698,statistik_tanaman_buah_2020.pdf,153,14.317445652682752
2020,Sabah,Sandakan,Sandakan,PULASAN,PULASAN,Pulasan,PULASAN / (Pulasan),major,0.0,0.0,0.0,0.0,0.0,statistik_tanaman_buah_2020.pdf,153,0.0
2020,Sabah,Sandakan,Sandakan,RAMBUTAN,RAMBUTAN,Rambutan,RAMBUTAN / (Rambutan),major,95.9,60.0,450.0,1125.0,7.5,statistik_tanaman_buah_2020.pdf,154,7.644317340935935
2020,Sabah,Sandakan,Sandakan,SALAK,SALAK,Salak,SALAK / (Salak),major,60.0,40.0,416.1,1165.1,10.4025,statistik_tanaman_buah_2020.pdf,154,10.492318604918356
2020,Sabah,Sandakan,Sandakan,TEMBIKAI,TEMBIKAI,Watermelon,TEMBIKAI / Water-melon,major,11.0,11.0,76.0,104.5,6.909090909090909,statistik_tanaman_buah_2020.pdf,155,7.490463950890081
2020,Sabah,Semporna,Semporna,BELIMBING,BELIMBING,Starfruit,BELIMBING / Starfruit,major,0.0,0.0,0.0,0.0,0.0,statistik_tanaman_buah_2020.pdf,145,0.0
2020,Sabah,Semporna,Semporna,BETIK,BETIK,Papaya,BETIK / Papaya,major,4.7,4.7,48.4,73.4,10.297872340425531,statistik_tanaman_buah_2020.pdf,145,10.250660449425899
2020,Sabah,Semporna,Semporna,CEMPEDAK,CEMPEDAK,Cempedak,CEMPEDAK / (Cempedak),major,0.0,0.0,0.0,0.0,0.0,statistik_tanaman_buah_2020.pdf,146,0.0
2020,Sabah,Semporna,Semporna,CIKU,CIKU,Ciku,CIKU / Sapodilla,major,0.0,0.0,0.0,0.0,0.0,statistik_tanaman_buah_2020.pdf,146,0.0
2020,Sabah,Semporna,Semporna,DOKONG,DOKONG,Dokong,DOKONG / (Dokong),major,0.0,0.0,0.0,0.0,0.0,statistik_tanaman_buah_2020.pdf,147,0.0
2020,Sabah,Semporna,Semporna,DUKU,DUKU,Duku,DUKU / (Duku),major,0.0,0.0,0.0,0.0,0.0,statistik_tanaman_buah_2020.pdf,147,0.0
2020,Sabah,Semporna,Semporna,DURIAN,DURIAN,Durian,DURIAN / (Durian),major,14.0,1.0,1.5,28.2,1.5,statistik_tanaman_buah_2020.pdf,148,1.4997792022792018
2020,Sabah,Semporna,Semporna,JAMBU_BATU,JAMBU BATU,Guava,JAMBU BATU / Guava,major,29.6,24.0,231.0,589.1,9.625,statistik_tanaman_buah_2020.pdf,148,9.614693350912017
2020,Sabah,Semporna,Semporna,LANGSAT,LANGSAT,Langsat,LANGSAT / (Langsat),major,18.0,12.0,102.0,244.8,8.5,statistik_tanaman_buah_2020.pdf,149,8.612347477502391
2020,Sabah,Semporna,Semporna,LIMAU_BESAR,LIMAU BESAR,Pomelo,LIMAU BESAR / Pomelo,major,0.0,0.0,0.0,0.0,0.0,statistik_tanaman_buah_2020.pdf,149,0.0
2020,Sabah,Semporna,Semporna,LIMAU_MANIS,LIMAU MANIS,Sweet Orange,LIMAU MANIS / Sweet Orange,major,0.0,0.0,0.0,0.0,0.0,statistik_tanaman_buah_2020.pdf,150,0.0
2020,Sabah,Semporna,Semporna,MANGGA,MANGGA,Mango,MANGGA / Mango,major,79.7,42.0,92.4,676.8,2.2,statistik_tanaman_buah_2020.pdf,150,2.239255385709481
2020,Sabah,Semporna,Semporna,MANGGIS,MANGGIS,Mangosteen,MANGGIS / Mangosteen,major,0.0,0.0,0.0,0.0,0.0,statistik_tanaman_buah_2020.pdf,151,0.0
2020,Sabah,Semporna,Semporna,MATA_NAGA,MATA NAGA/PITAYA,Dragon Fruit,MATA NAGA/PITAYA / Dragon Fruit,major,0.0,0.0,0.0,0.0,0.0,statistik_tanaman_buah_2020.pdf,151,0.0
2020,Sabah,Semporna,Semporna,NANAS,NANAS,Pineapple,NANAS / Pineapple,major,1.4,0.0,0.0,0.0,0.0,statistik_tanaman_buah_2020.pdf,152,0.0
2020,Sabah,Semporna,Semporna,NANGKA,NANGKA,Jackfruit,NANGKA / Jackfruit,major,0.0,0.0,0.0,0.0,0.0,statistik_tanaman_buah_2020.pdf,152,0.0
2020,Sabah,Semporna,Semporna,PISANG,PISANG,Banana,PISANG / Banana,major,121.6,113.1,1418.5,2482.4,12.541998231653404,statistik_tanaman_buah_2020.pdf,153,12.93654999805559
2020,Sabah,Semporna,Semporna,PULASAN,PULASAN,Pulasan,PULASAN / (Pulasan),major,0.0,0.0,0.0,0.0,0.0,statistik_tanaman_buah_2020.pdf,153,0.0
2020,Sabah,Semporna,Semporna,RAMBUTAN,RAMBUTAN,Rambutan,RAMBUTAN / (Rambutan),major,77.5,39.0,221.0,552.5,5.666666666666667,statistik_tanaman_buah_2020.pdf,154,5.655841557596502
2020,Sabah,Semporna,Semporna,SALAK,SALAK,Salak,SALAK / (Salak),major,0.0,0.0,0.0,0.0,0.0,statistik_tanaman_buah_2020.pdf,154,0.0
2020,Sabah,Semporna,Semporna,TEMBIKAI,TEMBIKAI,Watermelon,TEMBIKAI / Water-melon,major,0.0,0.0,0.0,0.0,0.0,statistik_tanaman_buah_2020.pdf,155,0.0
2020,Sabah,Sipitang,Sipitang,BELIMBING,BELIMBING,Starfruit,BELIMBING / Starfruit,major,0.0,0.0,0.0,0.0,0.0,statistik_tanaman_buah_2020.pdf,145,0.0
2020,Sabah,Sipitang,Sipitang,BETIK,BETIK,Papaya,BETIK / Papaya,major,0.0,0.0,0.0,0.0,0.0,statistik_tanaman_buah_2020.pdf,145,0.0
2020,Sabah,Sipitang,Sipitang,CEMPEDAK,CEMPEDAK,Cempedak,CEMPEDAK / (Cempedak),major,213.2,149.2,253.7,342.5,1.700402144772118,statistik_tanaman_buah_2020.pdf,146,1.9756897412750671
2020,Sabah,Sipitang,Sipitang,CIKU,CIKU,Ciku,CIKU / Sapodilla,major,0.5,0.1,0.1,0.3,1.0,statistik_tanaman_buah_2020.pdf,146,1.0063333333333333
2020,Sabah,Sipitang,Sipitang,DOKONG,DOKONG,Dokong,DOKONG / (Dokong),major,4.6,4.0,16.0,31.2,4.0,statistik_tanaman_buah_2020.pdf,147,3.990215037607895
2020,Sabah,Sipitang,Sipitang,DUKU,DUKU,Duku,DUKU / (Duku),major,17.8,15.2,58.8,117.6,3.8684210526315783,statistik_tanaman_buah_2020.pdf,147,3.9557811776525456
2020,Sabah,Sipitang,Sipitang,DURIAN,DURIAN,Durian,DURIAN / (Durian),major,668.8,499.7,3647.8,68526.5,7.2999799879927965,statistik_tanaman_buah_2020.pdf,148,7.850444488629793
2020,Sabah,Sipitang,Sipitang,JAMBU_BATU,JAMBU BATU,Guava,JAMBU BATU / Guava,major,1.3,0.7,1.6,4.1,2.285714285714286,statistik_tanaman_buah_2020.pdf,148,2.471537037037044
2020,Sabah,Sipitang,Sipitang,LANGSAT,LANGSAT,Langsat,LANGSAT / (Langsat),major,87.8,75.0,292.5,702.0,3.9,statistik_tanaman_buah_2020.pdf,149,3.9419218981600563
2020,Sabah,Sipitang,Sipitang,LIMAU_BESAR,LIMAU BESAR,Pomelo,LIMAU BESAR / Pomelo,major,2.0,2.0,1.8,4.5,0.9,statistik_tanaman_buah_2020.pdf,149,0.9576284770784773
2020,Sabah,Sipitang,Sipitang,LIMAU_MANIS,LIMAU MANIS,Sweet Orange,LIMAU MANIS / Sweet Orange,major,6.1,4.5,8.6,22.4,1.911111111111111,statistik_tanaman_buah_2020.pdf,150,1.8980262185038794
2020,Sabah,Sipitang,Sipitang,MANGGA,MANGGA,Mango,MANGGA / Mango,major,5.0,1.5,2.3,16.8,1.5333333333333332,statistik_tanaman_buah_2020.pdf,150,1.4998438698241412
2020,Sabah,Sipitang,Sipitang,MANGGIS,MANGGIS,Mangosteen,MANGGIS / Mangosteen,major,8.0,1.6,1.9,7.1,1.1874999999999998,statistik_tanaman_buah_2020.pdf,151,1.220732212475634
2020,Sabah,Sipitang,Sipitang,MATA_NAGA,MATA NAGA/PITAYA,Dragon Fruit,MATA NAGA/PITAYA / Dragon Fruit,major,0.0,0.0,0.0,0.0,0.0,statistik_tanaman_buah_2020.pdf,151,0.0
2020,Sabah,Sipitang,Sipitang,NANAS,NANAS,Pineapple,NANAS / Pineapple,major,14.8,13.9,163.3,287.8,11.748201438848922,statistik_tanaman_buah_2020.pdf,152,11.8170967152208
2020,Sabah,Sipitang,Sipitang,NANGKA,NANGKA,Jackfruit,NANGKA / Jackfruit,major,1.0,0.4,0.7,1.3,1.7499999999999998,statistik_tanaman_buah_2020.pdf,152,1.8448492063492063
2020,Sabah,Sipitang,Sipitang,PISANG,PISANG,Banana,PISANG / Banana,major,290.3,287.6,5436.1,9513.2,18.901599443671767,statistik_tanaman_buah_2020.pdf,153,18.788402979788756
2020,Sabah,Sipitang,Sipitang,PULASAN,PULASAN,Pulasan,PULASAN / (Pulasan),major,0.0,0.0,0.0,0.0,0.0,statistik_tanaman_buah_2020.pdf,153,0.0
2020,Sabah,Sipitang,Sipitang,RAMBUTAN,RAMBUTAN,Rambutan,RAMBUTAN / (Rambutan),major,120.0,66.0,250.0,625.0,3.787878787878788,statistik_tanaman_buah_2020.pdf,154,3.7463015033053946
2020,Sabah,Sipitang,Sipitang,SALAK,SALAK,Salak,SALAK / (Salak),major,0.0,0.0,0.0,0.0,0.0,statistik_tanaman_buah_2020.pdf,154,0.0
2020,Sabah,Sipitang,Sipitang,TEMBIKAI,TEMBIKAI,Watermelon,TEMBIKAI / Water-melon,major,21.5,21.5,440.0,605.0,20.46511627906977,statistik_tanaman_buah_2020.pdf,155,20.38928153739139
2020,Sabah,Sook,Sook,BELIMBING,BELIMBING,Starfruit,BELIMBING / Starfruit,major,1.9,1.5,0.5,1.2,0.3333333333333333,statistik_tanaman_buah_2020.pdf,145,0.39599074074073976
2020,Sabah,Sook,Sook,BETIK,BETIK,Papaya,BETIK / Papaya,major,0.0,0.0,0.0,0.0,0.0,statistik_tanaman_buah_2020.pdf,145,0.0
2020,Sabah,Sook,Sook,CEMPEDAK,CEMPEDAK,Cempedak,CEMPEDAK / (Cempedak),major,18.0,0.0,0.0,0.0,0.0,statistik_tanaman_buah_2020.pdf,146,0.0
2020,Sabah,Sook,Sook,CIKU,CIKU,Ciku,CIKU / Sapodilla,major,0.0,0.0,0.0,0.0,0.0,statistik_tanaman_buah_2020.pdf,146,0.0
2020,Sabah,Sook,Sook,DOKONG,DOKONG,Dokong,DOKONG / (Dokong),major,3.0,0.0,0.0,0.0,0.0,statistik_tanaman_buah_2020.pdf,147,0.0
2020,Sabah,Sook,Sook,DUKU,DUKU,Duku,DUKU / (Duku),major,1.0,0.0,0.0,0.0,0.0,statistik_tanaman_buah_2020.pdf,147,0.0
2020,Sabah,Sook,Sook,DURIAN,DURIAN,Durian,DURIAN / (Durian),major,58.1,24.0,64.5,1211.7,2.6875,statistik_tanaman_buah_2020.pdf,148,2.7203232123817345
2020,Sabah,Sook,Sook,JAMBU_BATU,JAMBU BATU,Guava,JAMBU BATU / Guava,major,0.0,0.0,0.0,0.0,0.0,statistik_tanaman_buah_2020.pdf,148,0.0
2020,Sabah,Sook,Sook,LANGSAT,LANGSAT,Langsat,LANGSAT / (Langsat),major,20.0,12.0,87.6,210.2,7.3,statistik_tanaman_buah_2020.pdf,149,7.483813957540151
2020,Sabah,Sook,Sook,LIMAU_BESAR,LIMAU BESAR,Pomelo,LIMAU BESAR / Pomelo,major,3.0,3.0,10.0,25.0,3.333333333333333,statistik_tanaman_buah_2020.pdf,149,3.399480553019867
2020,Sabah,Sook,Sook,LIMAU_MANIS,LIMAU MANIS,Sweet Orange,LIMAU MANIS / Sweet Orange,major,3.0,0.0,0.0,0.0,0.0,statistik_tanaman_buah_2020.pdf,150,0.0
2020,Sabah,Sook,Sook,MANGGA,MANGGA,Mango,MANGGA / Mango,major,10.7,3.0,8.9,65.2,2.966666666666667,statistik_tanaman_buah_2020.pdf,150,3.0006026790461204
2020,Sabah,Sook,Sook,MANGGIS,MANGGIS,Mangosteen,MANGGIS / Mangosteen,major,11.7,5.0,31.3,117.4,6.26,statistik_tanaman_buah_2020.pdf,151,6.155273107473941
2020,Sabah,Sook,Sook,MATA_NAGA,MATA NAGA/PITAYA,Dragon Fruit,MATA NAGA/PITAYA / Dragon Fruit,major,2.7,1.0,0.6,2.5,0.6,statistik_tanaman_buah_2020.pdf,151,0.5993703703703676
2020,Sabah,Sook,Sook,NANAS,NANAS,Pineapple,NANAS / Pineapple,major,65.7,23.0,473.9,835.2,20.604347826086958,statistik_tanaman_buah_2020.pdf,152,19.63472604252935
2020,Sabah,Sook,Sook,NANGKA,NANGKA,Jackfruit,NANGKA / Jackfruit,major,7.0,0.0,0.0,0.0,0.0,statistik_tanaman_buah_2020.pdf,152,0.0
2020,Sabah,Sook,Sook,PISANG,PISANG,Banana,PISANG / Banana,major,80.6,46.0,609.6,1066.8,13.252173913043478,statistik_tanaman_buah_2020.pdf,153,12.168294238878145
2020,Sabah,Sook,Sook,PULASAN,PULASAN,Pulasan,PULASAN / (Pulasan),major,0.0,0.0,0.0,0.0,0.0,statistik_tanaman_buah_2020.pdf,153,0.0
2020,Sabah,Sook,Sook,RAMBUTAN,RAMBUTAN,Rambutan,RAMBUTAN / (Rambutan),major,31.5,41.0,275.0,687.5,6.7073170731707314,statistik_tanaman_buah_2020.pdf,154,6.709641257703085
2020,Sabah,Sook,Sook,SALAK,SALAK,Salak,SALAK / (Salak),major,0.0,0.0,0.0,0.0,0.0,statistik_tanaman_buah_2020.pdf,154,0.0
2020,Sabah,Sook,Sook,TEMBIKAI,TEMBIKAI,Watermelon,TEMBIKAI / Water-melon,major,38.0,31.0,457.0,628.4,14.741935483870968,statistik_tanaman_buah_2020.pdf,155,14.559076923142982
2020,Sabah,Tambunan,Tambunan,BELIMBING,BELIMBING,Starfruit,BELIMBING / Starfruit,major,0.6,0.6,0.7,1.7,1.1666666666666667,statistik_tanaman_buah_2020.pdf,145,1.3229880952380988
2020,Sabah,Tambunan,Tambunan,BETIK,BETIK,Papaya,BETIK / Papaya,major,0.4,0.2,1.6,2.4,8.0,statistik_tanaman_buah_2020.pdf,145,7.921666666666667
2020,Sabah,Tambunan,Tambunan,CEMPEDAK,CEMPEDAK,Cempedak,CEMPEDAK / (Cempedak),major,3.0,1.5,2.7,3.6,1.8,statistik_tanaman_buah_2020.pdf,146,1.768917298588356
2020,Sabah,Tambunan,Tambunan,CIKU,CIKU,Ciku,CIKU / Sapodilla,major,0.0,0.0,0.0,0.0,0.0,statistik_tanaman_buah_2020.pdf,146,0.0
2020,Sabah,Tambunan,Tambunan,DOKONG,DOKONG,Dokong,DOKONG / (Dokong),major,0.0,0.0,0.0,0.0,0.0,statistik_tanaman_buah_2020.pdf,147,0.0
2020,Sabah,Tambunan,Tambunan,DUKU,DUKU,Duku,DUKU / (Duku),major,0.0,0.0,0.0,0.0,0.0,statistik_tanaman_buah_2020.pdf,147,0.0
2020,Sabah,Tambunan,Tambunan,DURIAN,DURIAN,Durian,DURIAN / (Durian),major,89.9,10.0,65.0,1221.1,6.5,statistik_tanaman_buah_2020.pdf,148,6.618550254175124
2020,Sabah,Tambunan,Tambunan,JAMBU_BATU,JAMBU BATU,Guava,JAMBU BATU / Guava,major,9.0,1.1,1.1,2.8,1.0,statistik_tanaman_buah_2020.pdf,148,1.0180529100529099
2020,Sabah,Tambunan,Tambunan,LANGSAT,LANGSAT,Langsat,LANGSAT / (Langsat),major,4.9,3.5,3.9,9.4,1.1142857142857143,statistik_tanaman_buah_2020.pdf,149,1.1777426292200843
2020,Sabah,Tambunan,Tambunan,LIMAU_BESAR,LIMAU BESAR,Pomelo,LIMAU BESAR / Pomelo,major,0.7,0.5,4.1,10.3,8.2,statistik_tanaman_buah_2020.pdf,149,8.35049206349206
2020,Sabah,Tambunan,Tambunan,LIMAU_MANIS,LIMAU MANIS,Sweet Orange,LIMAU MANIS / Sweet Orange,major,2.7,2.0,4.0,10.4,2.0,statistik_tanaman_buah_2020.pdf,150,2.090126735333632
2020,Sabah,Tambunan,Tambunan,MANGGA,MANGGA,Mango,MANGGA / Mango,major,6.3,4.0,10.7,78.4,2.675,statistik_tanaman_buah_2020.pdf,150,2.7086031815650156
2020,Sabah,Tambunan,Tambunan,MANGGIS,MANGGIS,Mangosteen,MANGGIS / Mangosteen,major,5.5,5.2,26.2,98.3,5.038461538461538,statistik_tanaman_buah_2020.pdf,151,5.062499490631532
2020,Sabah,Tambunan,Tambunan,MATA_NAGA,MATA NAGA/PITAYA,Dragon Fruit,MATA NAGA/PITAYA / Dragon Fruit,major,0.2,0.2,0.2,0.8,1.0,statistik_tanaman_buah_2020.pdf,151,1.1572222222222224
2020,Sabah,Tambunan,Tambunan,NANAS,NANAS,Pineapple,NANAS / Pineapple,major,52.8,40.0,480.0,846.0,12.0,statistik_tanaman_buah_2020.pdf,152,12.121458658861322
2020,Sabah,Tambunan,Tambunan,NANGKA,NANGKA,Jackfruit,NANGKA / Jackfruit,major,1.6,1.3,10.5,19.8,8.076923076923077,statistik_tanaman_buah_2020.pdf,152,7.96519971749382
2020,Sabah,Tambunan,Tambunan,PISANG,PISANG,Banana,PISANG / Banana,major,33.8,31.8,409.8,717.2,12.88679245283019,statistik_tanaman_buah_2020.pdf,153,13.04373316166104
2020,Sabah,Tambunan,Tambunan,PULASAN,PULASAN,Pulasan,PULASAN / (Pulasan),major,0.0,0.0,0.0,0.0,0.0,statistik_tanaman_buah_2020.pdf,153,0.0
2020,Sabah,Tambunan,Tambunan,RAMBUTAN,RAMBUTAN,Rambutan,RAMBUTAN / (Rambutan),major,14.9,5.0,29.0,72.5,5.8,statistik_tanaman_buah_2020.pdf,154,5.7663874795308345
2020,Sabah,Tambunan,Tambunan,SALAK,SALAK,Salak,SALAK / (Salak),major,0.0,0.0,0.0,0.0,0.0,statistik_tanaman_buah_2020.pdf,154,0.0
2020,Sabah,Tambunan,Tambunan,TEMBIKAI,TEMBIKAI,Watermelon,TEMBIKAI / Water-melon,major,0.0,0.0,0.0,0.0,0.0,statistik_tanaman_buah_2020.pdf,155,0.0
2020,Sabah,Tawau,Tawau,BELIMBING,BELIMBING,Starfruit,BELIMBING / Starfruit,major,7.0,7.0,60.9,150.7,8.7,statistik_tanaman_buah_2020.pdf,145,9.045184878170497
2020,Sabah,Tawau,Tawau,BETIK,BETIK,Papaya,BETIK / Papaya,major,8.0,8.0,166.2,252.1,20.775,statistik_tanaman_buah_2020.pdf,145,20.694368228938753
2020,Sabah,Tawau,Tawau,CEMPEDAK,CEMPEDAK,Cempedak,CEMPEDAK / (Cempedak),major,121.0,91.0,204.7,276.3,2.249450549450549,statistik_tanaman_buah_2020.pdf,146,2.264407482673263
2020,Sabah,Tawau,Tawau,CIKU,CIKU,Ciku,CIKU / Sapodilla,major,0.0,0.0,0.0,0.0,0.0,statistik_tanaman_buah_2020.pdf,146,0.0
2020,Sabah,Tawau,Tawau,DOKONG,DOKONG,Dokong,DOKONG / (Dokong),major,16.3,15.0,24.0,46.8,1.6,statistik_tanaman_buah_2020.pdf,147,1.6739438711759211
2020,Sabah,Tawau,Tawau,DUKU,DUKU,Duku,DUKU / (Duku),major,14.0,12.0,33.9,67.8,2.825,statistik_tanaman_buah_2020.pdf,147,2.843073568059587
2020,Sabah,Tawau,Tawau,DURIAN,DURIAN,Durian,DURIAN / (Durian),major,330.0,171.2,1391.8,26146.0,8.129672897196262,statistik_tanaman_buah_2020.pdf,148,8.043411961244322
2020,Sabah,Tawau,Tawau,JAMBU_BATU,JAMBU BATU,Guava,JAMBU BATU / Guava,major,20.0,16.0,227.7,580.6,14.23125,statistik_tanaman_buah_2020.pdf,148,14.246070332292431
2020,Sabah,Tawau,Tawau,LANGSAT,LANGSAT,Langsat,LANGSAT / (Langsat),major,72.0,30.3,161.9,388.6,5.343234323432343,statistik_tanaman_buah_2020.pdf,149,5.343841052802684
2020,Sabah,Tawau,Tawau,LIMAU_BESAR,LIMAU BESAR,Pomelo,LIMAU BESAR / Pomelo,major,15.0,9.0,44.7,111.8,4.966666666666667,statistik_tanaman_buah_2020.pdf,149,4.989316820097426
2020,Sabah,Tawau,Tawau,LIMAU_MANIS,LIMAU MANIS,Sweet Orange,LIMAU MANIS / Sweet Orange,major,0.0,0.0,0.0,0.0,0.0,statistik_tanaman_buah_2020.pdf,150,0.0
2020,Sabah,Tawau,Tawau,MANGGA,MANGGA,Mango,MANGGA / Mango,major,145.0,135.5,512.8,3756.3,3.78450184501845,statistik_tanaman_buah_2020.pdf,150,3.8427906151146005
2020,Sabah,Tawau,Tawau,MANGGIS,MANGGIS,Mangosteen,MANGGIS / Mangosteen,major,55.8,0.0,0.0,0.0,0.0,statistik_tanaman_buah_2020.pdf,151,0.0
2020,Sabah,Tawau,Tawau,MATA_NAGA,MATA NAGA/PITAYA,Dragon Fruit,MATA NAGA/PITAYA / Dragon Fruit,major,0.0,0.0,0.0,0.0,0.0,statistik_tanaman_buah_2020.pdf,151,0.0
2020,Sabah,Tawau,Tawau,NANAS,NANAS,Pineapple,NANAS / Pineapple,major,29.2,23.5,340.4,600.0,14.485106382978724,statistik_tanaman_buah_2020.pdf,152,14.390991472894381
2020,Sabah,Tawau,Tawau,NANGKA,NANGKA,Jackfruit,NANGKA / Jackfruit,major,52.0,46.6,636.1,1198.0,13.650214592274676,statistik_tanaman_buah_2020.pdf,152,13.772724022315982
2020,Sabah,Tawau,Tawau,PISANG,PISANG,Banana,PISANG / Banana,major,268.3,214.0,3035.8,5312.7,14.185981308411217,statistik_tanaman_buah_2020.pdf,153,14.101583090717167
2020,Sabah,Tawau,Tawau,PULASAN,PULASAN,Pulasan,PULASAN / (Pulasan),major,0.0,0.0,0.0,0.0,0.0,statistik_tanaman_buah_2020.pdf,153,0.0
2020,Sabah,Tawau,Tawau,RAMBUTAN,RAMBUTAN,Rambutan,RAMBUTAN / (Rambutan),major,270.0,165.0,1338.2,3345.5,8.110303030303031,statistik_tanaman_buah_2020.pdf,154,8.105954030273733
2020,Sabah,Tawau,Tawau,SALAK,SALAK,Salak,SALAK / (Salak),major,68.0,66.5,585.3,1638.8,8.801503759398496,statistik_tanaman_buah_2020.pdf,154,9.053249436975893
2020,Sabah,Tawau,Tawau,TEMBIKAI,TEMBIKAI,Watermelon,TEMBIKAI / Water-melon,major,96.2,94.6,1435.0,1973.1,15.169133192389006,statistik_tanaman_buah_2020.pdf,155,15.025946980658752
2020,Sabah,Telupid,Telupid,BELIMBING,BELIMBING,Starfruit,BELIMBING / Starfruit,major,0.0,0.0,0.0,0.0,0.0,statistik_tanaman_buah_2020.pdf,145,0.0
2020,Sabah,Telupid,Telupid,BETIK,BETIK,Papaya,BETIK / Papaya,major,0.0,0.0,0.0,0.0,0.0,statistik_tanaman_buah_2020.pdf,145,0.0
2020,Sabah,Telupid,Telupid,CEMPEDAK,CEMPEDAK,Cempedak,CEMPEDAK / (Cempedak),major,3.0,3.0,1.4,1.9,0.4666666666666666,statistik_tanaman_buah_2020.pdf,146,0.5879744007685184
2020,Sabah,Telupid,Telupid,CIKU,CIKU,Ciku,CIKU / Sapodilla,major,0.0,0.0,0.0,0.0,0.0,statistik_tanaman_buah_2020.pdf,146,0.0
2020,Sabah,Telupid,Telupid,DOKONG,DOKONG,Dokong,DOKONG / (Dokong),major,0.0,0.0,0.0,0.0,0.0,statistik_tanaman_buah_2020.pdf,147,0.0
2020,Sabah,Telupid,Telupid,DUKU,DUKU,Duku,DUKU / (Duku),major,3.0,1.0,1.4,2.8,1.4,statistik_tanaman_buah_2020.pdf,147,1.3715655270655234
2020,Sabah,Telupid,Telupid,DURIAN,DURIAN,Durian,DURIAN / (Durian),major,42.0,8.0,21.9,411.4,2.7375,statistik_tanaman_buah_2020.pdf,148,2.7793085842048435
2020,Sabah,Telupid,Telupid,JAMBU_BATU,JAMBU BATU,Guava,JAMBU BATU / Guava,major,0.0,0.0,0.0,0.0,0.0,statistik_tanaman_buah_2020.pdf,148,0.0
2020,Sabah,Telupid,Telupid,LANGSAT,LANGSAT,Langsat,LANGSAT / (Langsat),major,4.0,0.0,0.0,0.0,0.0,statistik_tanaman_buah_2020.pdf,149,0.0
2020,Sabah,Telupid,Telupid,LIMAU_BESAR,LIMAU BESAR,Pomelo,LIMAU BESAR / Pomelo,major,0.0,0.0,0.0,0.0,0.0,statistik_tanaman_buah_2020.pdf,149,0.0
2020,Sabah,Telupid,Telupid,LIMAU_MANIS,LIMAU MANIS,Sweet Orange,LIMAU MANIS / Sweet Orange,major,0.0,0.0,0.0,0.0,0.0,statistik_tanaman_buah_2020.pdf,150,0.0
2020,Sabah,Telupid,Telupid,MANGGA,MANGGA,Mango,MANGGA / Mango,major,4.0,2.7,1.5,11.0,0.5555555555555555,statistik_tanaman_buah_2020.pdf,150,0.6178286188069454
2020,Sabah,Telupid,Telupid,MANGGIS,MANGGIS,Mangosteen,MANGGIS / Mangosteen,major,0.0,0.0,0.0,0.0,0.0,statistik_tanaman_buah_2020.pdf,151,0.0
2020,Sabah,Telupid,Telupid,MATA_NAGA,MATA NAGA/PITAYA,Dragon Fruit,MATA NAGA/PITAYA / Dragon Fruit,major,0.0,0.0,0.0,0.0,0.0,statistik_tanaman_buah_2020.pdf,151,0.0
2020,Sabah,Telupid,Telupid,NANAS,NANAS,Pineapple,NANAS / Pineapple,major,3.1,0.2,0.3,0.5,1.4999999999999998,statistik_tanaman_buah_2020.pdf,152,1.7313333333333332
2020,Sabah,Telupid,Telupid,NANGKA,NANGKA,Jackfruit,NANGKA / Jackfruit,major,1.0,1.0,2.5,4.7,2.5,statistik_tanaman_buah_2020.pdf,152,2.4683888888888887
2020,Sabah,Telupid,Telupid,PISANG,PISANG,Banana,PISANG / Banana,major,27.3,19.0,109.0,190.8,5.7368421052631575,statistik_tanaman_buah_2020.pdf,153,5.707121988295711
2020,Sabah,Telupid,Telupid,PULASAN,PULASAN,Pulasan,PULASAN / (Pulasan),major,0.0,0.0,0.0,0.0,0.0,statistik_tanaman_buah_2020.pdf,153,0.0
2020,Sabah,Telupid,Telupid,RAMBUTAN,RAMBUTAN,Rambutan,RAMBUTAN / (Rambutan),major,12.0,3.0,6.5,16.3,2.1666666666666665,statistik_tanaman_buah_2020.pdf,154,2.254311647813598
2020,Sabah,Telupid,Telupid,SALAK,SALAK,Salak,SALAK / (Salak),major,0.0,0.0,0.0,0.0,0.0,statistik_tanaman_buah_2020.pdf,154,0.0
2020,Sabah,Telupid,Telupid,TEMBIKAI,TEMBIKAI,Watermelon,TEMBIKAI / Water-melon,major,0.4,0.4,2.3,3.2,5.749999999999999,statistik_tanaman_buah_2020.pdf,155,7.0938888888888885
2020,Sabah,Tenom,Tenom,BELIMBING,BELIMBING,Starfruit,BELIMBING / Starfruit,major,2.6,2.6,32.0,79.2,12.307692307692308,statistik_tanaman_buah_2020.pdf,145,12.202495245701002
2020,Sabah,Tenom,Tenom,BETIK,BETIK,Papaya,BETIK / Papaya,major,121.5,104.2,2704.6,4102.0,25.955854126679466,statistik_tanaman_buah_2020.pdf,145,25.5062148081884
2020,Sabah,Tenom,Tenom,CEMPEDAK,CEMPEDAK,Cempedak,CEMPEDAK / (Cempedak),major,4.7,2.9,30.3,40.9,10.448275862068966,statistik_tanaman_buah_2020.pdf,146,10.079835219065139
2020,Sabah,Tenom,Tenom,CIKU,CIKU,Ciku,CIKU / Sapodilla,major,0.0,0.0,0.0,0.0,0.0,statistik_tanaman_buah_2020.pdf,146,0.0
2020,Sabah,Tenom,Tenom,DOKONG,DOKONG,Dokong,DOKONG / (Dokong),major,10.2,5.2,60.4,117.8,11.615384615384617,statistik_tanaman_buah_2020.pdf,147,11.3241857102669
2020,Sabah,Tenom,Tenom,DUKU,DUKU,Duku,DUKU / (Duku),major,3.2,2.0,13.5,27.0,6.75,statistik_tanaman_buah_2020.pdf,147,6.705816971092206
2020,Sabah,Tenom,Tenom,DURIAN,DURIAN,Durian,DURIAN / (Durian),major,145.0,48.8,359.3,6749.7,7.3627049180327875,statistik_tanaman_buah_2020.pdf,148,7.562629626373815
2020,Sabah,Tenom,Tenom,JAMBU_BATU,JAMBU BATU,Guava,JAMBU BATU / Guava,major,50.7,35.2,743.8,1896.7,21.130681818181817,statistik_tanaman_buah_2020.pdf,148,20.750124154926215
2020,Sabah,Tenom,Tenom,LANGSAT,LANGSAT,Langsat,LANGSAT / (Langsat),major,21.2,21.2,184.5,442.8,8.702830188679245,statistik_tanaman_buah_2020.pdf,149,8.550706002669056
2020,Sabah,Tenom,Tenom,LIMAU_BESAR,LIMAU BESAR,Pomelo,LIMAU BESAR / Pomelo,major,429.9,324.5,9103.5,22758.8,28.053929121725734,statistik_tanaman_buah_2020.pdf,149,27.102662458324822
2020,Sabah,Tenom,Tenom,LIMAU_MANIS,LIMAU MANIS,Sweet Orange,LIMAU MANIS / Sweet Orange,major,5.0,4.0,24.3,63.2,6.075,statistik_tanaman_buah_2020.pdf,150,6.065816912844946
2020,Sabah,Tenom,Tenom,MANGGA,MANGGA,Mango,MANGGA / Mango,major,1.0,1.0,3.3,24.2,3.3,statistik_tanaman_buah_2020.pdf,150,3.318238243238237
2020,Sabah,Tenom,Tenom,MANGGIS,MANGGIS,Mangosteen,MANGGIS / Mangosteen,major,15.0,15.0,180.0,675.0,12.0,statistik_tanaman_buah_2020.pdf,151,12.135666173521692
2020,Sabah,Tenom,Tenom,MATA_NAGA,MATA NAGA/PITAYA,Dragon Fruit,MATA NAGA/PITAYA / Dragon Fruit,major,0.0,0.0,0.0,0.0,0.0,statistik_tanaman_buah_2020.pdf,151,0.0
2020,Sabah,Tenom,Tenom,NANAS,NANAS,Pineapple,NANAS / Pineapple,major,2.5,1.7,20.4,36.0,12.0,statistik_tanaman_buah_2020.pdf,152,11.601238606809424
2020,Sabah,Tenom,Tenom,NANGKA,NANGKA,Jackfruit,NANGKA / Jackfruit,major,0.0,0.0,0.0,0.0,0.0,statistik_tanaman_buah_2020.pdf,152,0.0
2020,Sabah,Tenom,Tenom,PISANG,PISANG,Banana,PISANG / Banana,major,447.3,355.5,7499.6,13124.3,21.09592123769339,statistik_tanaman_buah_2020.pdf,153,20.08228862246019
2020,Sabah,Tenom,Tenom,PULASAN,PULASAN,Pulasan,PULASAN / (Pulasan),major,0.0,0.0,0.0,0.0,0.0,statistik_tanaman_buah_2020.pdf,153,0.0
2020,Sabah,Tenom,Tenom,RAMBUTAN,RAMBUTAN,Rambutan,RAMBUTAN / (Rambutan),major,3.1,1.9,18.5,46.3,9.736842105263158,statistik_tanaman_buah_2020.pdf,154,9.559118981053373
2020,Sabah,Tenom,Tenom,SALAK,SALAK,Salak,SALAK / (Salak),major,0.0,0.0,0.0,0.0,0.0,statistik_tanaman_buah_2020.pdf,154,0.0
2020,Sabah,Tenom,Tenom,TEMBIKAI,TEMBIKAI,Watermelon,TEMBIKAI / Water-melon,major,2.0,2.0,29.3,40.3,14.65,statistik_tanaman_buah_2020.pdf,155,14.169702163407104
2020,Sabah,Tongod,Tongod,BELIMBING,BELIMBING,Starfruit,BELIMBING / Starfruit,major,0.0,0.0,0.0,0.0,0.0,statistik_tanaman_buah_2020.pdf,145,0.0
2020,Sabah,Tongod,Tongod,BETIK,BETIK,Papaya,BETIK / Papaya,major,0.0,0.0,0.0,0.0,0.0,statistik_tanaman_buah_2020.pdf,145,0.0
2020,Sabah,Tongod,Tongod,CEMPEDAK,CEMPEDAK,Cempedak,CEMPEDAK / (Cempedak),major,42.9,20.3,65.0,87.8,3.2019704433497536,statistik_tanaman_buah_2020.pdf,146,3.2170684786297903
2020,Sabah,Tongod,Tongod,CIKU,CIKU,Ciku,CIKU / Sapodilla,major,0.0,0.0,0.0,0.0,0.0,statistik_tanaman_buah_2020.pdf,146,0.0
2020,Sabah,Tongod,Tongod,DOKONG,DOKONG,Dokong,DOKONG / (Dokong),major,0.0,0.0,0.0,0.0,0.0,statistik_tanaman_buah_2020.pdf,147,0.0
2020,Sabah,Tongod,Tongod,DUKU,DUKU,Duku,DUKU / (Duku),major,0.0,0.0,0.0,0.0,0.0,statistik_tanaman_buah_2020.pdf,147,0.0
2020,Sabah,Tongod,Tongod,DURIAN,DURIAN,Durian,DURIAN / (Durian),major,234.7,50.3,320.8,6026.5,6.377733598409543,statistik_tanaman_buah_2020.pdf,148,6.483944673384981
2020,Sabah,Tongod,Tongod,JAMBU_BATU,JAMBU BATU,Guava,JAMBU BATU / Guava,major,0.0,0.0,0.0,0.0,0.0,statistik_tanaman_buah_2020.pdf,148,0.0
2020,Sabah,Tongod,Tongod,LANGSAT,LANGSAT,Langsat,LANGSAT / (Langsat),major,44.6,19.5,64.3,154.3,3.2974358974358973,statistik_tanaman_buah_2020.pdf,149,3.2707586517518
2020,Sabah,Tongod,Tongod,LIMAU_BESAR,LIMAU BESAR,Pomelo,LIMAU BESAR / Pomelo,major,0.0,0.0,0.0,0.0,0.0,statistik_tanaman_buah_2020.pdf,149,0.0
2020,Sabah,Tongod,Tongod,LIMAU_MANIS,LIMAU MANIS,Sweet Orange,LIMAU MANIS / Sweet Orange,major,0.0,0.0,0.0,0.0,0.0,statistik_tanaman_buah_2020.pdf,150,0.0
2020,Sabah,Tongod,Tongod,MANGGA,MANGGA,Mango,MANGGA / Mango,major,0.0,0.0,0.0,0.0,0.0,statistik_tanaman_buah_2020.pdf,150,0.0
2020,Sabah,Tongod,Tongod,MANGGIS,MANGGIS,Mangosteen,MANGGIS / Mangosteen,major,0.0,0.0,0.0,0.0,0.0,statistik_tanaman_buah_2020.pdf,151,0.0
2020,Sabah,Tongod,Tongod,MATA_NAGA,MATA NAGA/PITAYA,Dragon Fruit,MATA NAGA/PITAYA / Dragon Fruit,major,0.0,0.0,0.0,0.0,0.0,statistik_tanaman_buah_2020.pdf,151,0.0
2020,Sabah,Tongod,Tongod,NANAS,NANAS,Pineapple,NANAS / Pineapple,major,15.0,7.3,39.4,69.4,5.397260273972603,statistik_tanaman_buah_2020.pdf,152,5.360901490473739
2020,Sabah,Tongod,Tongod,NANGKA,NANGKA,Jackfruit,NANGKA / Jackfruit,major,0.0,0.0,0.0,0.0,0.0,statistik_tanaman_buah_2020.pdf,152,0.0
2020,Sabah,Tongod,Tongod,PISANG,PISANG,Banana,PISANG / Banana,major,23.0,15.5,133.3,233.3,8.600000000000001,statistik_tanaman_buah_2020.pdf,153,8.56667041132813
2020,Sabah,Tongod,Tongod,PULASAN,PULASAN,Pulasan,PULASAN / (Pulasan),major,0.0,0.0,0.0,0.0,0.0,statistik_tanaman_buah_2020.pdf,153,0.0
2020,Sabah,Tongod,Tongod,RAMBUTAN,RAMBUTAN,Rambutan,RAMBUTAN / (Rambutan),major,70.7,23.4,74.9,187.3,3.200854700854701,statistik_tanaman_buah_2020.pdf,154,3.1649233272020827
2020,Sabah,Tongod,Tongod,SALAK,SALAK,Salak,SALAK / (Salak),major,0.0,0.0,0.0,0.0,0.0,statistik_tanaman_buah_2020.pdf,154,0.0
2020,Sabah,Tongod,Tongod,TEMBIKAI,TEMBIKAI,Watermelon,TEMBIKAI / Water-melon,major,0.0,0.0,0.0,0.0,0.0,statistik_tanaman_buah_2020.pdf,155,0.0
2020,Sabah,Tuaran,Tuaran,BELIMBING,BELIMBING,Starfruit,BELIMBING / Starfruit,major,1.4,1.4,12.4,30.7,8.857142857142858,statistik_tanaman_buah_2020.pdf,145,8.975275488400461
2020,Sabah,Tuaran,Tuaran,BETIK,BETIK,Papaya,BETIK / Papaya,major,1.0,1.0,15.1,22.9,15.1,statistik_tanaman_buah_2020.pdf,145,15.276435761119968
2020,Sabah,Tuaran,Tuaran,CEMPEDAK,CEMPEDAK,Cempedak,CEMPEDAK / (Cempedak),major,162.6,130.0,1213.0,1637.5,9.330769230769231,statistik_tanaman_buah_2020.pdf,146,9.614043339266715
2020,Sabah,Tuaran,Tuaran,CIKU,CIKU,Ciku,CIKU / Sapodilla,major,0.2,0.2,0.5,1.6,2.5,statistik_tanaman_buah_2020.pdf,146,2.4922222222222223
2020,Sabah,Tuaran,Tuaran,DOKONG,DOKONG,Dokong,DOKONG / (Dokong),major,0.0,0.0,0.0,0.0,0.0,statistik_tanaman_buah_2020.pdf,147,0.0
2020,Sabah,Tuaran,Tuaran,DUKU,DUKU,Duku,DUKU / (Duku),major,0.0,0.0,0.0,0.0,0.0,statistik_tanaman_buah_2020.pdf,147,0.0
2020,Sabah,Tuaran,Tuaran,DURIAN,DURIAN,Durian,DURIAN / (Durian),major,336.4,204.5,1319.8,24793.4,6.453789731051344,statistik_tanaman_buah_2020.pdf,148,6.915619943715766
2020,Sabah,Tuaran,Tuaran,JAMBU_BATU,JAMBU BATU,Guava,JAMBU BATU / Guava,major,6.9,6.8,88.3,225.2,12.985294117647058,statistik_tanaman_buah_2020.pdf,148,12.966329489699438
2020,Sabah,Tuaran,Tuaran,LANGSAT,LANGSAT,Langsat,LANGSAT / (Langsat),major,183.6,179.5,1794.0,4305.6,9.994428969359332,statistik_tanaman_buah_2020.pdf,149,10.394760491645092
2020,Sabah,Tuaran,Tuaran,LIMAU_BESAR,LIMAU BESAR,Pomelo,LIMAU BESAR / Pomelo,major,0.0,0.0,0.0,0.0,0.0,statistik_tanaman_buah_2020.pdf,149,0.0
2020,Sabah,Tuaran,Tuaran,LIMAU_MANIS,LIMAU MANIS,Sweet Orange,LIMAU MANIS / Sweet Orange,major,0.0,0.0,0.0,0.0,0.0,statistik_tanaman_buah_2020.pdf,150,0.0
2020,Sabah,Tuaran,Tuaran,MANGGA,MANGGA,Mango,MANGGA / Mango,major,152.0,131.0,556.0,4072.7,4.244274809160306,statistik_tanaman_buah_2020.pdf,150,4.149043575899592
2020,Sabah,Tuaran,Tuaran,MANGGIS,MANGGIS,Mangosteen,MANGGIS / Mangosteen,major,3.5,3.5,37.4,140.3,10.685714285714283,statistik_tanaman_buah_2020.pdf,151,10.863180225313034
2020,Sabah,Tuaran,Tuaran,MATA_NAGA,MATA NAGA/PITAYA,Dragon Fruit,MATA NAGA/PITAYA / Dragon Fruit,major,0.0,0.0,0.0,0.0,0.0,statistik_tanaman_buah_2020.pdf,151,0.0
2020,Sabah,Tuaran,Tuaran,NANAS,NANAS,Pineapple,NANAS / Pineapple,major,345.4,326.4,6663.5,11744.4,20.41513480392157,statistik_tanaman_buah_2020.pdf,152,20.35392362741544
2020,Sabah,Tuaran,Tuaran,NANGKA,NANGKA,Jackfruit,NANGKA / Jackfruit,major,28.2,26.0,350.0,659.2,13.461538461538462,statistik_tanaman_buah_2020.pdf,152,13.691587685772953
2020,Sabah,Tuaran,Tuaran,PISANG,PISANG,Banana,PISANG / Banana,major,183.6,162.6,2034.0,3559.5,12.509225092250922,statistik_tanaman_buah_2020.pdf,153,12.780998841350824
2020,Sabah,Tuaran,Tuaran,PULASAN,PULASAN,Pulasan,PULASAN / (Pulasan),major,0.0,0.0,0.0,0.0,0.0,statistik_tanaman_buah_2020.pdf,153,0.0
2020,Sabah,Tuaran,Tuaran,RAMBUTAN,RAMBUTAN,Rambutan,RAMBUTAN / (Rambutan),major,154.4,148.0,1660.0,4150.0,11.216216216216216,statistik_tanaman_buah_2020.pdf,154,11.269894225411438
2020,Sabah,Tuaran,Tuaran,SALAK,SALAK,Salak,SALAK / (Salak),major,0.0,0.0,0.0,0.0,0.0,statistik_tanaman_buah_2020.pdf,154,0.0
2020,Sabah,Tuaran,Tuaran,TEMBIKAI,TEMBIKAI,Watermelon,TEMBIKAI / Water-melon,major,14.0,14.0,208.4,286.6,14.885714285714286,statistik_tanaman_buah_2020.pdf,155,15.14690328676196
2021,Sabah,Beaufort,Beaufort,BELIMBING,BELIMBING,Starfruit,BELIMBING / Starfruit,major,0.0,0.0,0.0,0.0,0.0,statistik_tanaman_buah_2021.pdf,145,0.0
2021,Sabah,Beaufort,Beaufort,BETIK,BETIK,Papaya,BETIK / Papaya,major,0.0,0.0,0.0,0.0,0.0,statistik_tanaman_buah_2021.pdf,145,0.0
2021,Sabah,Beaufort,Beaufort,CEMPEDAK,CEMPEDAK,Cempedak,CEMPEDAK / (Cempedak),major,140.0,76.0,281.0,871.1,3.697368421052632,statistik_tanaman_buah_2021.pdf,146,3.7388645726373944
2021,Sabah,Beaufort,Beaufort,CIKU,Ciku,Ciku,Ciku / (Ciku),major,0.0,0.0,0.0,0.0,0.0,statistik_tanaman_buah_2021.pdf,146,0.0
2021,Sabah,Beaufort,Beaufort,DOKONG,DOKONG,Dokong,DOKONG / (Dokong),major,0.5,0.3,2.9,5.5,9.666666666666666,statistik_tanaman_buah_2021.pdf,147,9.50194444444443
2021,Sabah,Beaufort,Beaufort,DUKU,DUKU,Duku,DUKU / (Duku),major,10.5,6.8,60.7,109.3,8.926470588235295,statistik_tanaman_buah_2021.pdf,147,8.974207739762132
2021,Sabah,Beaufort,Beaufort,DURIAN,DURIAN,Durian,DURIAN / (Durian),major,235.5,82.2,347.1,6553.2,4.2226277372262775,statistik_tanaman_buah_2021.pdf,148,4.3499438295627595
2021,Sabah,Beaufort,Beaufort,JAMBU_BATU,JAMBU BATU,Guava,JAMBU BATU / Guava,major,0.0,0.0,0.0,0.0,0.0,statistik_tanaman_buah_2021.pdf,148,0.0
2021,Sabah,Beaufort,Beaufort,LANGSAT,LANGSAT,Langsat,LANGSAT / (Langsat),major,48.0,4.5,24.0,62.4,5.333333333333333,statistik_tanaman_buah_2021.pdf,149,5.282395391359462
2021,Sabah,Beaufort,Beaufort,LIMAU_BESAR,LIMAU BESAR,Pomelo,LIMAU BESAR / Pomelo,major,3.0,3.0,20.2,60.6,6.733333333333333,statistik_tanaman_buah_2021.pdf,149,6.7960925118942495
2021,Sabah,Beaufort,Beaufort,LIMAU_MANIS,LIMAU MANIS,Sweet Orange,LIMAU MANIS / Sweet Orange,major,6.4,6.4,19.0,53.2,2.96875,statistik_tanaman_buah_2021.pdf,150,2.9626688510881127
2021,Sabah,Beaufort,Beaufort,MANGGA,MANGGA,Mango,MANGGA / Mango,major,33.6,1.2,2.5,20.3,2.083333333333333,statistik_tanaman_buah_2021.pdf,150,2.018757379316591
2021,Sabah,Beaufort,Beaufort,MANGGIS,MANGGIS,Mangosteen,MANGGIS / Mangosteen,major,39.7,4.5,16.0,50.4,3.555555555555556,statistik_tanaman_buah_2021.pdf,151,3.6172637564206016
2021,Sabah,Beaufort,Beaufort,MATA_NAGA,MATA NAGA/PITAYA,Dragon Fruit,MATA NAGA/PITAYA / Dragon Fruit,major,0.0,0.0,0.0,0.0,0.0,statistik_tanaman_buah_2021.pdf,151,0.0
2021,Sabah,Beaufort,Beaufort,NANAS,NANAS,Pineapple,NANAS / Pineapple,major,47.9,47.9,290.8,523.4,6.07098121085595,statistik_tanaman_buah_2021.pdf,152,6.712831325511412
2021,Sabah,Beaufort,Beaufort,NANGKA,NANGKA,Jackfruit,NANGKA / Jackfruit,major,8.0,8.0,40.8,76.7,5.1,statistik_tanaman_buah_2021.pdf,152,5.147978219590015
2021,Sabah,Beaufort,Beaufort,PISANG,PISANG,Banana,PISANG / Banana,major,56.8,50.8,763.0,1327.6,15.01968503937008,statistik_tanaman_buah_2021.pdf,153,15.334981333443823
2021,Sabah,Beaufort,Beaufort,PULASAN,PULASAN,Pulasan,PULASAN / (Pulasan),major,0.0,0.0,0.0,0.0,0.0,statistik_tanaman_buah_2021.pdf,153,0.0
2021,Sabah,Beaufort,Beaufort,RAMBUTAN,RAMBUTAN,Rambutan,RAMBUTAN / (Rambutan),major,100.2,11.2,55.9,135.3,4.991071428571429,statistik_tanaman_buah_2021.pdf,154,4.923891206564225
2021,Sabah,Beaufort,Beaufort,SALAK,SALAK,Salak,SALAK / (Salak),major,0.0,0.0,0.0,0.0,0.0,statistik_tanaman_buah_2021.pdf,154,0.0
2021,Sabah,Beaufort,Beaufort,TEMBIKAI,TEMBIKAI,Watermelon,TEMBIKAI / Water-melon,major,48.0,48.0,588.0,993.7,12.25,statistik_tanaman_buah_2021.pdf,155,12.244502632993695
2021,Sabah,Beluran,Beluran,BELIMBING,BELIMBING,Starfruit,BELIMBING / Starfruit,major,0.0,0.0,0.0,0.0,0.0,statistik_tanaman_buah_2021.pdf,145,0.0
2021,Sabah,Beluran,Beluran,BETIK,BETIK,Papaya,BETIK / Papaya,major,0.0,0.0,0.0,0.0,0.0,statistik_tanaman_buah_2021.pdf,145,0.0
2021,Sabah,Beluran,Beluran,CEMPEDAK,CEMPEDAK,Cempedak,CEMPEDAK / (Cempedak),major,29.5,29.5,306.0,948.6,10.372881355932204,statistik_tanaman_buah_2021.pdf,146,10.627665923660071
2021,Sabah,Beluran,Beluran,CIKU,Ciku,Ciku,Ciku / (Ciku),major,0.0,0.0,0.0,0.0,0.0,statistik_tanaman_buah_2021.pdf,146,0.0
2021,Sabah,Beluran,Beluran,DOKONG,DOKONG,Dokong,DOKONG / (Dokong),major,0.0,0.0,0.0,0.0,0.0,statistik_tanaman_buah_2021.pdf,147,0.0
2021,Sabah,Beluran,Beluran,DUKU,DUKU,Duku,DUKU / (Duku),major,2.0,0.0,0.0,0.0,0.0,statistik_tanaman_buah_2021.pdf,147,0.0
2021,Sabah,Beluran,Beluran,DURIAN,DURIAN,Durian,DURIAN / (Durian),major,54.4,15.3,90.0,1699.2,5.88235294117647,statistik_tanaman_buah_2021.pdf,148,5.956747836433942
2021,Sabah,Beluran,Beluran,JAMBU_BATU,JAMBU BATU,Guava,JAMBU BATU / Guava,major,0.0,0.0,0.0,0.0,0.0,statistik_tanaman_buah_2021.pdf,148,0.0
2021,Sabah,Beluran,Beluran,LANGSAT,LANGSAT,Langsat,LANGSAT / (Langsat),major,40.0,40.0,260.0,676.0,6.5,statistik_tanaman_buah_2021.pdf,149,6.504611215233522
2021,Sabah,Beluran,Beluran,LIMAU_BESAR,LIMAU BESAR,Pomelo,LIMAU BESAR / Pomelo,major,0.8,0.8,10.0,30.0,12.5,statistik_tanaman_buah_2021.pdf,149,12.181540404040403
2021,Sabah,Beluran,Beluran,LIMAU_MANIS,LIMAU MANIS,Sweet Orange,LIMAU MANIS / Sweet Orange,major,1.3,1.3,8.0,22.4,6.153846153846153,statistik_tanaman_buah_2021.pdf,150,6.045803547329875
2021,Sabah,Beluran,Beluran,MANGGA,MANGGA,Mango,MANGGA / Mango,major,67.2,57.0,175.5,1426.8,3.0789473684210527,statistik_tanaman_buah_2021.pdf,150,3.275502917384135
2021,Sabah,Beluran,Beluran,MANGGIS,MANGGIS,Mangosteen,MANGGIS / Mangosteen,major,2.0,1.5,7.0,22.1,4.666666666666667,statistik_tanaman_buah_2021.pdf,151,4.7439652732888105
2021,Sabah,Beluran,Beluran,MATA_NAGA,MATA NAGA/PITAYA,Dragon Fruit,MATA NAGA/PITAYA / Dragon Fruit,major,0.0,0.0,0.0,0.0,0.0,statistik_tanaman_buah_2021.pdf,151,0.0
2021,Sabah,Beluran,Beluran,NANAS,NANAS,Pineapple,NANAS / Pineapple,major,16.0,8.5,108.8,195.8,12.8,statistik_tanaman_buah_2021.pdf,152,12.532225488950989
2021,Sabah,Beluran,Beluran,NANGKA,NANGKA,Jackfruit,NANGKA / Jackfruit,major,25.0,22.5,350.0,658.0,15.555555555555555,statistik_tanaman_buah_2021.pdf,152,15.580581247316864
2021,Sabah,Beluran,Beluran,PISANG,PISANG,Banana,PISANG / Banana,major,70.7,67.0,1115.0,1940.1,16.64179104477612,statistik_tanaman_buah_2021.pdf,153,16.36136735169756
2021,Sabah,Beluran,Beluran,PULASAN,PULASAN,Pulasan,PULASAN / (Pulasan),major,0.0,0.0,0.0,0.0,0.0,statistik_tanaman_buah_2021.pdf,153,0.0
2021,Sabah,Beluran,Beluran,RAMBUTAN,RAMBUTAN,Rambutan,RAMBUTAN / (Rambutan),major,70.6,55.0,580.0,1403.6,10.545454545454543,statistik_tanaman_buah_2021.pdf,154,10.145878191579374
2021,Sabah,Beluran,Beluran,SALAK,SALAK,Salak,SALAK / (Salak),major,0.0,0.0,0.0,0.0,0.0,statistik_tanaman_buah_2021.pdf,154,0.0
2021,Sabah,Beluran,Beluran,TEMBIKAI,TEMBIKAI,Watermelon,TEMBIKAI / Water-melon,major,4.0,4.0,40.0,67.6,10.0,statistik_tanaman_buah_2021.pdf,155,10.331397905121094
2021,Sabah,Keningau,Keningau,BELIMBING,BELIMBING,Starfruit,BELIMBING / Starfruit,major,2.4,0.0,0.0,0.0,0.0,statistik_tanaman_buah_2021.pdf,145,0.0
2021,Sabah,Keningau,Keningau,BETIK,BETIK,Papaya,BETIK / Papaya,major,63.4,33.4,1093.8,1662.6,32.74850299401198,statistik_tanaman_buah_2021.pdf,145,28.142555331554473
2021,Sabah,Keningau,Keningau,CEMPEDAK,CEMPEDAK,Cempedak,CEMPEDAK / (Cempedak),major,6.0,0.0,0.0,0.0,0.0,statistik_tanaman_buah_2021.pdf,146,0.0
2021,Sabah,Keningau,Keningau,CIKU,Ciku,Ciku,Ciku / (Ciku),major,0.0,0.0,0.0,0.0,0.0,statistik_tanaman_buah_2021.pdf,146,0.0
2021,Sabah,Keningau,Keningau,DOKONG,DOKONG,Dokong,DOKONG / (Dokong),major,0.0,0.0,0.0,0.0,0.0,statistik_tanaman_buah_2021.pdf,147,0.0
2021,Sabah,Keningau,Keningau,DUKU,DUKU,Duku,DUKU / (Duku),major,7.0,0.0,0.0,0.0,0.0,statistik_tanaman_buah_2021.pdf,147,0.0
2021,Sabah,Keningau,Keningau,DURIAN,DURIAN,Durian,DURIAN / (Durian),major,1234.8,232.6,1593.4,30083.4,6.8503869303525375,statistik_tanaman_buah_2021.pdf,148,7.1883856739639045
2021,Sabah,Keningau,Keningau,JAMBU_BATU,JAMBU BATU,Guava,JAMBU BATU / Guava,major,3.2,3.2,89.8,220.0,28.0625,statistik_tanaman_buah_2021.pdf,148,24.843988531315876
2021,Sabah,Keningau,Keningau,LANGSAT,LANGSAT,Langsat,LANGSAT / (Langsat),major,3.2,0.0,0.0,0.0,0.0,statistik_tanaman_buah_2021.pdf,149,0.0
2021,Sabah,Keningau,Keningau,LIMAU_BESAR,LIMAU BESAR,Pomelo,LIMAU BESAR / Pomelo,major,0.0,0.0,0.0,0.0,0.0,statistik_tanaman_buah_2021.pdf,149,0.0
2021,Sabah,Keningau,Keningau,LIMAU_MANIS,LIMAU MANIS,Sweet Orange,LIMAU MANIS / Sweet Orange,major,0.0,0.0,0.0,0.0,0.0,statistik_tanaman_buah_2021.pdf,150,0.0
2021,Sabah,Keningau,Keningau,MANGGA,MANGGA,Mango,MANGGA / Mango,major,6.0,6.0,33.0,268.3,5.5,statistik_tanaman_buah_2021.pdf,150,5.424725039600221
2021,Sabah,Keningau,Keningau,MANGGIS,MANGGIS,Mangosteen,MANGGIS / Mangosteen,major,0.4,0.0,0.0,0.0,0.0,statistik_tanaman_buah_2021.pdf,151,0.0
2021,Sabah,Keningau,Keningau,MATA_NAGA,MATA NAGA/PITAYA,Dragon Fruit,MATA NAGA/PITAYA / Dragon Fruit,major,5.6,2.0,7.5,34.9,3.75,statistik_tanaman_buah_2021.pdf,151,3.8072328676848715
2021,Sabah,Keningau,Keningau,NANAS,NANAS,Pineapple,NANAS / Pineapple,major,40.3,25.0,412.7,742.9,16.508,statistik_tanaman_buah_2021.pdf,152,16.482360211825878
2021,Sabah,Keningau,Keningau,NANGKA,NANGKA,Jackfruit,NANGKA / Jackfruit,major,3.0,0.0,0.0,0.0,0.0,statistik_tanaman_buah_2021.pdf,152,0.0
2021,Sabah,Keningau,Keningau,PISANG,PISANG,Banana,PISANG / Banana,major,136.6,76.4,1555.3,2706.2,20.357329842931936,statistik_tanaman_buah_2021.pdf,153,19.210876444753847
2021,Sabah,Keningau,Keningau,PULASAN,PULASAN,Pulasan,PULASAN / (Pulasan),major,0.0,0.0,0.0,0.0,0.0,statistik_tanaman_buah_2021.pdf,153,0.0
2021,Sabah,Keningau,Keningau,RAMBUTAN,RAMBUTAN,Rambutan,RAMBUTAN / (Rambutan),major,19.2,19.2,153.6,371.7,8.0,statistik_tanaman_buah_2021.pdf,154,7.662067336503939
2021,Sabah,Keningau,Keningau,SALAK,SALAK,Salak,SALAK / (Salak),major,0.0,0.0,0.0,0.0,0.0,statistik_tanaman_buah_2021.pdf,154,0.0
2021,Sabah,Keningau,Keningau,TEMBIKAI,TEMBIKAI,Watermelon,TEMBIKAI / Water-melon,major,14.3,14.3,279.6,472.5,19.552447552447557,statistik_tanaman_buah_2021.pdf,155,17.380171280307053
2021,Sabah,Kinabatangan,Kinabatangan,BELIMBING,BELIMBING,Starfruit,BELIMBING / Starfruit,major,0.0,0.0,0.0,0.0,0.0,statistik_tanaman_buah_2021.pdf,145,0.0
2021,Sabah,Kinabatangan,Kinabatangan,BETIK,BETIK,Papaya,BETIK / Papaya,major,0.0,0.0,0.0,0.0,0.0,statistik_tanaman_buah_2021.pdf,145,0.0
2021,Sabah,Kinabatangan,Kinabatangan,CEMPEDAK,CEMPEDAK,Cempedak,CEMPEDAK / (Cempedak),major,1.5,1.5,8.0,24.8,5.333333333333333,statistik_tanaman_buah_2021.pdf,146,5.409028083028068
2021,Sabah,Kinabatangan,Kinabatangan,CIKU,Ciku,Ciku,Ciku / (Ciku),major,0.0,0.0,0.0,0.0,0.0,statistik_tanaman_buah_2021.pdf,146,0.0
2021,Sabah,Kinabatangan,Kinabatangan,DOKONG,DOKONG,Dokong,DOKONG / (Dokong),major,0.0,0.0,0.0,0.0,0.0,statistik_tanaman_buah_2021.pdf,147,0.0
2021,Sabah,Kinabatangan,Kinabatangan,DUKU,DUKU,Duku,DUKU / (Duku),major,4.4,1.0,0.2,0.4,0.2,statistik_tanaman_buah_2021.pdf,147,0.28166666666666795
2021,Sabah,Kinabatangan,Kinabatangan,DURIAN,DURIAN,Durian,DURIAN / (Durian),major,137.5,54.0,82.3,1553.8,1.524074074074074,statistik_tanaman_buah_2021.pdf,148,1.8834655707444645
2021,Sabah,Kinabatangan,Kinabatangan,JAMBU_BATU,JAMBU BATU,Guava,JAMBU BATU / Guava,major,1.0,0.0,0.0,0.0,0.0,statistik_tanaman_buah_2021.pdf,148,0.0
2021,Sabah,Kinabatangan,Kinabatangan,LANGSAT,LANGSAT,Langsat,LANGSAT / (Langsat),major,8.4,0.0,0.0,0.0,0.0,statistik_tanaman_buah_2021.pdf,149,0.0
2021,Sabah,Kinabatangan,Kinabatangan,LIMAU_BESAR,LIMAU BESAR,Pomelo,LIMAU BESAR / Pomelo,major,0.0,0.0,0.0,0.0,0.0,statistik_tanaman_buah_2021.pdf,149,0.0
2021,Sabah,Kinabatangan,Kinabatangan,LIMAU_MANIS,LIMAU MANIS,Sweet Orange,LIMAU MANIS / Sweet Orange,major,0.0,0.0,0.0,0.0,0.0,statistik_tanaman_buah_2021.pdf,150,0.0
2021,Sabah,Kinabatangan,Kinabatangan,MANGGA,MANGGA,Mango,MANGGA / Mango,major,5.8,0.0,0.0,0.0,0.0,statistik_tanaman_buah_2021.pdf,150,0.0
2021,Sabah,Kinabatangan,Kinabatangan,MANGGIS,MANGGIS,Mangosteen,MANGGIS / Mangosteen,major,0.0,0.0,0.0,0.0,0.0,statistik_tanaman_buah_2021.pdf,151,0.0
2021,Sabah,Kinabatangan,Kinabatangan,MATA_NAGA,MATA NAGA/PITAYA,Dragon Fruit,MATA NAGA/PITAYA / Dragon Fruit,major,0.0,0.0,0.0,0.0,0.0,statistik_tanaman_buah_2021.pdf,151,0.0
2021,Sabah,Kinabatangan,Kinabatangan,NANAS,NANAS,Pineapple,NANAS / Pineapple,major,3.0,1.5,8.2,14.8,5.466666666666666,statistik_tanaman_buah_2021.pdf,152,5.459911381646687
2021,Sabah,Kinabatangan,Kinabatangan,NANGKA,NANGKA,Jackfruit,NANGKA / Jackfruit,major,63.4,42.5,55.0,103.4,1.2941176470588236,statistik_tanaman_buah_2021.pdf,152,1.4426028080732476
2021,Sabah,Kinabatangan,Kinabatangan,PISANG,PISANG,Banana,PISANG / Banana,major,31.0,26.5,252.0,438.5,9.50943396226415,statistik_tanaman_buah_2021.pdf,153,9.468773036174875
2021,Sabah,Kinabatangan,Kinabatangan,PULASAN,PULASAN,Pulasan,PULASAN / (Pulasan),major,0.0,0.0,0.0,0.0,0.0,statistik_tanaman_buah_2021.pdf,153,0.0
2021,Sabah,Kinabatangan,Kinabatangan,RAMBUTAN,RAMBUTAN,Rambutan,RAMBUTAN / (Rambutan),major,28.4,15.0,12.5,30.3,0.8333333333333334,statistik_tanaman_buah_2021.pdf,154,0.8477249544613006
2021,Sabah,Kinabatangan,Kinabatangan,SALAK,SALAK,Salak,SALAK / (Salak),major,0.0,0.0,0.0,0.0,0.0,statistik_tanaman_buah_2021.pdf,154,0.0
2021,Sabah,Kinabatangan,Kinabatangan,TEMBIKAI,TEMBIKAI,Watermelon,TEMBIKAI / Water-melon,major,3.5,3.5,57.0,96.3,16.285714285714285,statistik_tanaman_buah_2021.pdf,155,15.811809934104879
2021,Sabah,Kota Belud,Kota Belud,BELIMBING,BELIMBING,Starfruit,BELIMBING / Starfruit,major,6.0,5.9,24.5,54.6,4.152542372881356,statistik_tanaman_buah_2021.pdf,145,4.192029404381925
2021,Sabah,Kota Belud,Kota Belud,BETIK,BETIK,Papaya,BETIK / Papaya,major,10.1,9.4,143.7,218.4,15.28723404255319,statistik_tanaman_buah_2021.pdf,145,15.13366896407974
2021,Sabah,Kota Belud,Kota Belud,CEMPEDAK,CEMPEDAK,Cempedak,CEMPEDAK / (Cempedak),major,124.0,7.0,46.0,142.6,6.571428571428571,statistik_tanaman_buah_2021.pdf,146,6.524511743863361
2021,Sabah,Kota Belud,Kota Belud,CIKU,Ciku,Ciku,Ciku / (Ciku),major,2.5,2.5,16.5,54.5,6.6,statistik_tanaman_buah_2021.pdf,146,6.629981818181789
2021,Sabah,Kota Belud,Kota Belud,DOKONG,DOKONG,Dokong,DOKONG / (Dokong),major,0.5,0.5,0.8,1.5,1.6,statistik_tanaman_buah_2021.pdf,147,1.6172380952381016
2021,Sabah,Kota Belud,Kota Belud,DUKU,DUKU,Duku,DUKU / (Duku),major,1.0,1.0,3.2,5.8,3.2,statistik_tanaman_buah_2021.pdf,147,3.1984291634291777
2021,Sabah,Kota Belud,Kota Belud,DURIAN,DURIAN,Durian,DURIAN / (Durian),major,277.0,120.0,855.0,16142.4,7.125,statistik_tanaman_buah_2021.pdf,148,7.356722522148596
2021,Sabah,Kota Belud,Kota Belud,JAMBU_BATU,JAMBU BATU,Guava,JAMBU BATU / Guava,major,1.8,1.8,6.6,16.2,3.6666666666666665,statistik_tanaman_buah_2021.pdf,148,3.708554797684824
2021,Sabah,Kota Belud,Kota Belud,LANGSAT,LANGSAT,Langsat,LANGSAT / (Langsat),major,113.0,85.0,647.2,1682.7,7.614117647058824,statistik_tanaman_buah_2021.pdf,149,7.792620411284346
2021,Sabah,Kota Belud,Kota Belud,LIMAU_BESAR,LIMAU BESAR,Pomelo,LIMAU BESAR / Pomelo,major,3.0,3.0,21.3,63.9,7.1000000000000005,statistik_tanaman_buah_2021.pdf,149,7.40525740808395
2021,Sabah,Kota Belud,Kota Belud,LIMAU_MANIS,LIMAU MANIS,Sweet Orange,LIMAU MANIS / Sweet Orange,major,0.0,0.0,0.0,0.0,0.0,statistik_tanaman_buah_2021.pdf,150,0.0
2021,Sabah,Kota Belud,Kota Belud,MANGGA,MANGGA,Mango,MANGGA / Mango,major,159.2,140.4,606.6,4931.7,4.32051282051282,statistik_tanaman_buah_2021.pdf,150,4.329761253563373
2021,Sabah,Kota Belud,Kota Belud,MANGGIS,MANGGIS,Mangosteen,MANGGIS / Mangosteen,major,10.5,5.0,26.5,83.5,5.3,statistik_tanaman_buah_2021.pdf,151,5.293367426340935
2021,Sabah,Kota Belud,Kota Belud,MATA_NAGA,MATA NAGA/PITAYA,Dragon Fruit,MATA NAGA/PITAYA / Dragon Fruit,major,5.0,4.3,23.1,107.4,5.372093023255815,statistik_tanaman_buah_2021.pdf,151,5.311215903065082
2021,Sabah,Kota Belud,Kota Belud,NANAS,NANAS,Pineapple,NANAS / Pineapple,major,225.1,207.1,2472.5,4450.5,11.93867696764848,statistik_tanaman_buah_2021.pdf,152,12.356665899995885
2021,Sabah,Kota Belud,Kota Belud,NANGKA,NANGKA,Jackfruit,NANGKA / Jackfruit,major,47.0,21.6,316.2,594.5,14.638888888888888,statistik_tanaman_buah_2021.pdf,152,14.807750604835
2021,Sabah,Kota Belud,Kota Belud,PISANG,PISANG,Banana,PISANG / Banana,major,724.7,674.5,10602.7,18448.7,15.719347664936992,statistik_tanaman_buah_2021.pdf,153,15.63721566845573
2021,Sabah,Kota Belud,Kota Belud,PULASAN,PULASAN,Pulasan,PULASAN / (Pulasan),major,0.0,0.0,0.0,0.0,0.0,statistik_tanaman_buah_2021.pdf,153,0.0
2021,Sabah,Kota Belud,Kota Belud,RAMBUTAN,RAMBUTAN,Rambutan,RAMBUTAN / (Rambutan),major,140.5,75.0,642.0,1553.6,8.56,statistik_tanaman_buah_2021.pdf,154,8.425950618732303
2021,Sabah,Kota Belud,Kota Belud,SALAK,SALAK,Salak,SALAK / (Salak),major,0.0,0.0,0.0,0.0,0.0,statistik_tanaman_buah_2021.pdf,154,0.0
2021,Sabah,Kota Belud,Kota Belud,TEMBIKAI,TEMBIKAI,Watermelon,TEMBIKAI / Water-melon,major,5.4,5.2,100.2,169.3,19.26923076923077,statistik_tanaman_buah_2021.pdf,155,18.518334307309367
2021,Sabah,Kota Kinabalu,Kota Kinabalu,BELIMBING,BELIMBING,Starfruit,BELIMBING / Starfruit,major,0.0,0.0,0.0,0.0,0.0,statistik_tanaman_buah_2021.pdf,145,0.0
2021,Sabah,Kota Kinabalu,Kota Kinabalu,BETIK,BETIK,Papaya,BETIK / Papaya,major,0.0,0.0,0.0,0.0,0.0,statistik_tanaman_buah_2021.pdf,145,0.0
2021,Sabah,Kota Kinabalu,Kota Kinabalu,CEMPEDAK,CEMPEDAK,Cempedak,CEMPEDAK / (Cempedak),major,3.1,2.0,4.0,12.4,2.0,statistik_tanaman_buah_2021.pdf,146,2.0343681975750942
2021,Sabah,Kota Kinabalu,Kota Kinabalu,CIKU,Ciku,Ciku,Ciku / (Ciku),major,0.0,0.0,0.0,0.0,0.0,statistik_tanaman_buah_2021.pdf,146,0.0
2021,Sabah,Kota Kinabalu,Kota Kinabalu,DOKONG,DOKONG,Dokong,DOKONG / (Dokong),major,0.0,0.0,0.0,0.0,0.0,statistik_tanaman_buah_2021.pdf,147,0.0
2021,Sabah,Kota Kinabalu,Kota Kinabalu,DUKU,DUKU,Duku,DUKU / (Duku),major,1.7,0.0,0.0,0.0,0.0,statistik_tanaman_buah_2021.pdf,147,0.0
2021,Sabah,Kota Kinabalu,Kota Kinabalu,DURIAN,DURIAN,Durian,DURIAN / (Durian),major,63.1,13.0,65.0,1227.2,5.0,statistik_tanaman_buah_2021.pdf,148,4.977991870943012
2021,Sabah,Kota Kinabalu,Kota Kinabalu,JAMBU_BATU,JAMBU BATU,Guava,JAMBU BATU / Guava,major,0.0,0.0,0.0,0.0,0.0,statistik_tanaman_buah_2021.pdf,148,0.0
2021,Sabah,Kota Kinabalu,Kota Kinabalu,LANGSAT,LANGSAT,Langsat,LANGSAT / (Langsat),major,12.6,0.0,0.0,0.0,0.0,statistik_tanaman_buah_2021.pdf,149,0.0
2021,Sabah,Kota Kinabalu,Kota Kinabalu,LIMAU_BESAR,LIMAU BESAR,Pomelo,LIMAU BESAR / Pomelo,major,0.0,0.0,0.0,0.0,0.0,statistik_tanaman_buah_2021.pdf,149,0.0
2021,Sabah,Kota Kinabalu,Kota Kinabalu,LIMAU_MANIS,LIMAU MANIS,Sweet Orange,LIMAU MANIS / Sweet Orange,major,0.0,0.0,0.0,0.0,0.0,statistik_tanaman_buah_2021.pdf,150,0.0
2021,Sabah,Kota Kinabalu,Kota Kinabalu,MANGGA,MANGGA,Mango,MANGGA / Mango,major,0.3,0.3,2.4,19.5,8.0,statistik_tanaman_buah_2021.pdf,150,8.150230158730155
2021,Sabah,Kota Kinabalu,Kota Kinabalu,MANGGIS,MANGGIS,Mangosteen,MANGGIS / Mangosteen,major,6.5,4.0,28.0,88.2,7.0,statistik_tanaman_buah_2021.pdf,151,6.936959698951738
2021,Sabah,Kota Kinabalu,Kota Kinabalu,MATA_NAGA,MATA NAGA/PITAYA,Dragon Fruit,MATA NAGA/PITAYA / Dragon Fruit,major,0.1,0.0,0.0,0.0,0.0,statistik_tanaman_buah_2021.pdf,151,0.0
2021,Sabah,Kota Kinabalu,Kota Kinabalu,NANAS,NANAS,Pineapple,NANAS / Pineapple,major,15.1,2.0,11.0,19.8,5.5,statistik_tanaman_buah_2021.pdf,152,5.550994831770292
2021,Sabah,Kota Kinabalu,Kota Kinabalu,NANGKA,NANGKA,Jackfruit,NANGKA / Jackfruit,major,1.5,1.0,10.5,19.7,10.5,statistik_tanaman_buah_2021.pdf,152,10.431200854700855
2021,Sabah,Kota Kinabalu,Kota Kinabalu,PISANG,PISANG,Banana,PISANG / Banana,major,0.0,0.0,0.0,0.0,0.0,statistik_tanaman_buah_2021.pdf,153,0.0
2021,Sabah,Kota Kinabalu,Kota Kinabalu,PULASAN,PULASAN,Pulasan,PULASAN / (Pulasan),major,0.0,0.0,0.0,0.0,0.0,statistik_tanaman_buah_2021.pdf,153,0.0
2021,Sabah,Kota Kinabalu,Kota Kinabalu,RAMBUTAN,RAMBUTAN,Rambutan,RAMBUTAN / (Rambutan),major,6.5,4.0,28.0,67.8,7.0,statistik_tanaman_buah_2021.pdf,154,6.917138789355951
2021,Sabah,Kota Kinabalu,Kota Kinabalu,SALAK,SALAK,Salak,SALAK / (Salak),major,0.0,0.0,0.0,0.0,0.0,statistik_tanaman_buah_2021.pdf,154,0.0
2021,Sabah,Kota Kinabalu,Kota Kinabalu,TEMBIKAI,TEMBIKAI,Watermelon,TEMBIKAI / Water-melon,major,0.5,0.5,3.4,5.7,6.8,statistik_tanaman_buah_2021.pdf,155,7.0530634920634885
2021,Sabah,Kota Marudu,Kota Marudu,BELIMBING,BELIMBING,Starfruit,BELIMBING / Starfruit,major,0.6,0.6,1.8,4.0,3.0,statistik_tanaman_buah_2021.pdf,145,3.478876984126984
2021,Sabah,Kota Marudu,Kota Marudu,BETIK,BETIK,Papaya,BETIK / Papaya,major,1.3,1.1,4.3,6.5,3.9090909090909087,statistik_tanaman_buah_2021.pdf,145,3.948632437007443
2021,Sabah,Kota Marudu,Kota Marudu,CEMPEDAK,CEMPEDAK,Cempedak,CEMPEDAK / (Cempedak),major,12.4,4.0,12.0,37.2,3.0,statistik_tanaman_buah_2021.pdf,146,3.0230332254852685
2021,Sabah,Kota Marudu,Kota Marudu,CIKU,Ciku,Ciku,Ciku / (Ciku),major,0.4,0.4,1.3,4.3,3.25,statistik_tanaman_buah_2021.pdf,146,3.4030634920634935
2021,Sabah,Kota Marudu,Kota Marudu,DOKONG,DOKONG,Dokong,DOKONG / (Dokong),major,0.0,0.0,0.0,0.0,0.0,statistik_tanaman_buah_2021.pdf,147,0.0
2021,Sabah,Kota Marudu,Kota Marudu,DUKU,DUKU,Duku,DUKU / (Duku),major,5.0,3.0,9.0,16.2,3.0,statistik_tanaman_buah_2021.pdf,147,3.037770434452789
2021,Sabah,Kota Marudu,Kota Marudu,DURIAN,DURIAN,Durian,DURIAN / (Durian),major,97.5,30.0,90.0,1699.2,3.0,statistik_tanaman_buah_2021.pdf,148,3.0682287369602443
2021,Sabah,Kota Marudu,Kota Marudu,JAMBU_BATU,JAMBU BATU,Guava,JAMBU BATU / Guava,major,0.0,0.0,0.0,0.0,0.0,statistik_tanaman_buah_2021.pdf,148,0.0
2021,Sabah,Kota Marudu,Kota Marudu,LANGSAT,LANGSAT,Langsat,LANGSAT / (Langsat),major,24.2,18.0,89.0,231.4,4.944444444444445,statistik_tanaman_buah_2021.pdf,149,4.949150210903597
2021,Sabah,Kota Marudu,Kota Marudu,LIMAU_BESAR,LIMAU BESAR,Pomelo,LIMAU BESAR / Pomelo,major,2.2,0.5,3.2,9.6,6.4,statistik_tanaman_buah_2021.pdf,149,6.538763227513253
2021,Sabah,Kota Marudu,Kota Marudu,LIMAU_MANIS,LIMAU MANIS,Sweet Orange,LIMAU MANIS / Sweet Orange,major,2.7,1.0,2.0,5.6,2.0,statistik_tanaman_buah_2021.pdf,150,1.9913942307692314
2021,Sabah,Kota Marudu,Kota Marudu,MANGGA,MANGGA,Mango,MANGGA / Mango,major,15.7,7.0,18.3,148.8,2.6142857142857143,statistik_tanaman_buah_2021.pdf,150,2.6436273902123886
2021,Sabah,Kota Marudu,Kota Marudu,MANGGIS,MANGGIS,Mangosteen,MANGGIS / Mangosteen,major,8.2,1.3,3.2,10.1,2.4615384615384617,statistik_tanaman_buah_2021.pdf,151,2.5395012811262774
2021,Sabah,Kota Marudu,Kota Marudu,MATA_NAGA,MATA NAGA/PITAYA,Dragon Fruit,MATA NAGA/PITAYA / Dragon Fruit,major,0.0,0.0,0.0,0.0,0.0,statistik_tanaman_buah_2021.pdf,151,0.0
2021,Sabah,Kota Marudu,Kota Marudu,NANAS,NANAS,Pineapple,NANAS / Pineapple,major,5.1,1.3,6.3,11.3,4.846153846153846,statistik_tanaman_buah_2021.pdf,152,4.9161720033778735
2021,Sabah,Kota Marudu,Kota Marudu,NANGKA,NANGKA,Jackfruit,NANGKA / Jackfruit,major,13.0,0.0,0.0,0.0,0.0,statistik_tanaman_buah_2021.pdf,152,0.0
2021,Sabah,Kota Marudu,Kota Marudu,PISANG,PISANG,Banana,PISANG / Banana,major,359.5,335.7,4007.8,6973.6,11.938635686624965,statistik_tanaman_buah_2021.pdf,153,12.5061113815023
2021,Sabah,Kota Marudu,Kota Marudu,PULASAN,PULASAN,Pulasan,PULASAN / (Pulasan),major,0.0,0.0,0.0,0.0,0.0,statistik_tanaman_buah_2021.pdf,153,0.0
2021,Sabah,Kota Marudu,Kota Marudu,RAMBUTAN,RAMBUTAN,Rambutan,RAMBUTAN / (Rambutan),major,21.7,0.0,0.0,0.0,0.0,statistik_tanaman_buah_2021.pdf,154,0.0
2021,Sabah,Kota Marudu,Kota Marudu,SALAK,SALAK,Salak,SALAK / (Salak),major,0.0,0.0,0.0,0.0,0.0,statistik_tanaman_buah_2021.pdf,154,0.0
2021,Sabah,Kota Marudu,Kota Marudu,TEMBIKAI,TEMBIKAI,Watermelon,TEMBIKAI / Water-melon,major,4.0,4.0,18.7,31.6,4.675,statistik_tanaman_buah_2021.pdf,155,5.126113791957886
2021,Sabah,Kuala Penyu,Kuala Penyu,BELIMBING,BELIMBING,Starfruit,BELIMBING / Starfruit,major,0.0,0.0,0.0,0.0,0.0,statistik_tanaman_buah_2021.pdf,145,0.0
2021,Sabah,Kuala Penyu,Kuala Penyu,BETIK,BETIK,Papaya,BETIK / Papaya,major,0.0,0.0,0.0,0.0,0.0,statistik_tanaman_buah_2021.pdf,145,0.0
2021,Sabah,Kuala Penyu,Kuala Penyu,CEMPEDAK,CEMPEDAK,Cempedak,CEMPEDAK / (Cempedak),major,4.5,3.0,2.0,6.2,0.6666666666666666,statistik_tanaman_buah_2021.pdf,146,0.7329805843923495
2021,Sabah,Kuala Penyu,Kuala Penyu,CIKU,Ciku,Ciku,Ciku / (Ciku),major,0.0,0.0,0.0,0.0,0.0,statistik_tanaman_buah_2021.pdf,146,0.0
2021,Sabah,Kuala Penyu,Kuala Penyu,DOKONG,DOKONG,Dokong,DOKONG / (Dokong),major,0.0,0.0,0.0,0.0,0.0,statistik_tanaman_buah_2021.pdf,147,0.0
2021,Sabah,Kuala Penyu,Kuala Penyu,DUKU,DUKU,Duku,DUKU / (Duku),major,0.0,0.0,0.0,0.0,0.0,statistik_tanaman_buah_2021.pdf,147,0.0
2021,Sabah,Kuala Penyu,Kuala Penyu,DURIAN,DURIAN,Durian,DURIAN / (Durian),major,50.5,8.6,20.1,379.5,2.3372093023255816,statistik_tanaman_buah_2021.pdf,148,2.3611250983841114
2021,Sabah,Kuala Penyu,Kuala Penyu,JAMBU_BATU,JAMBU BATU,Guava,JAMBU BATU / Guava,major,0.0,0.0,0.0,0.0,0.0,statistik_tanaman_buah_2021.pdf,148,0.0
2021,Sabah,Kuala Penyu,Kuala Penyu,LANGSAT,LANGSAT,Langsat,LANGSAT / (Langsat),major,0.0,0.0,0.0,0.0,0.0,statistik_tanaman_buah_2021.pdf,149,0.0
2021,Sabah,Kuala Penyu,Kuala Penyu,LIMAU_BESAR,LIMAU BESAR,Pomelo,LIMAU BESAR / Pomelo,major,0.0,0.0,0.0,0.0,0.0,statistik_tanaman_buah_2021.pdf,149,0.0
2021,Sabah,Kuala Penyu,Kuala Penyu,LIMAU_MANIS,LIMAU MANIS,Sweet Orange,LIMAU MANIS / Sweet Orange,major,0.0,0.0,0.0,0.0,0.0,statistik_tanaman_buah_2021.pdf,150,0.0
2021,Sabah,Kuala Penyu,Kuala Penyu,MANGGA,MANGGA,Mango,MANGGA / Mango,major,151.3,56.4,140.1,1139.0,2.484042553191489,statistik_tanaman_buah_2021.pdf,150,2.604378073253183
2021,Sabah,Kuala Penyu,Kuala Penyu,MANGGIS,MANGGIS,Mangosteen,MANGGIS / Mangosteen,major,0.0,0.0,0.0,0.0,0.0,statistik_tanaman_buah_2021.pdf,151,0.0
2021,Sabah,Kuala Penyu,Kuala Penyu,MATA_NAGA,MATA NAGA/PITAYA,Dragon Fruit,MATA NAGA/PITAYA / Dragon Fruit,major,0.0,0.0,0.0,0.0,0.0,statistik_tanaman_buah_2021.pdf,151,0.0
2021,Sabah,Kuala Penyu,Kuala Penyu,NANAS,NANAS,Pineapple,NANAS / Pineapple,major,0.0,0.0,0.0,0.0,0.0,statistik_tanaman_buah_2021.pdf,152,0.0
2021,Sabah,Kuala Penyu,Kuala Penyu,NANGKA,NANGKA,Jackfruit,NANGKA / Jackfruit,major,0.0,0.0,0.0,0.0,0.0,statistik_tanaman_buah_2021.pdf,152,0.0
2021,Sabah,Kuala Penyu,Kuala Penyu,PISANG,PISANG,Banana,PISANG / Banana,major,38.1,33.0,693.3,1206.3,21.009090909090908,statistik_tanaman_buah_2021.pdf,153,20.968822897064385
2021,Sabah,Kuala Penyu,Kuala Penyu,PULASAN,PULASAN,Pulasan,PULASAN / (Pulasan),major,0.0,0.0,0.0,0.0,0.0,statistik_tanaman_buah_2021.pdf,153,0.0
2021,Sabah,Kuala Penyu,Kuala Penyu,RAMBUTAN,RAMBUTAN,Rambutan,RAMBUTAN / (Rambutan),major,9.0,3.8,10.6,25.7,2.7894736842105265,statistik_tanaman_buah_2021.pdf,154,2.8593027158023943
2021,Sabah,Kuala Penyu,Kuala Penyu,SALAK,SALAK,Salak,SALAK / (Salak),major,0.0,0.0,0.0,0.0,0.0,statistik_tanaman_buah_2021.pdf,154,0.0
2021,Sabah,Kuala Penyu,Kuala Penyu,TEMBIKAI,TEMBIKAI,Watermelon,TEMBIKAI / Water-melon,major,4.6,4.6,64.0,108.2,13.913043478260873,statistik_tanaman_buah_2021.pdf,155,13.9454208242189
2021,Sabah,Kudat,Kudat,BELIMBING,BELIMBING,Starfruit,BELIMBING / Starfruit,major,1.0,0.5,0.8,1.8,1.6,statistik_tanaman_buah_2021.pdf,145,1.611984126984134
2021,Sabah,Kudat,Kudat,BETIK,BETIK,Papaya,BETIK / Papaya,major,1.5,1.5,1.1,1.7,0.7333333333333334,statistik_tanaman_buah_2021.pdf,145,0.756973137973135
2021,Sabah,Kudat,Kudat,CEMPEDAK,CEMPEDAK,Cempedak,CEMPEDAK / (Cempedak),major,4.8,4.7,14.5,45.0,3.085106382978723,statistik_tanaman_buah_2021.pdf,146,3.1581530463917247
2021,Sabah,Kudat,Kudat,CIKU,Ciku,Ciku,Ciku / (Ciku),major,0.1,0.0,0.0,0.0,0.0,statistik_tanaman_buah_2021.pdf,146,0.0
2021,Sabah,Kudat,Kudat,DOKONG,DOKONG,Dokong,DOKONG / (Dokong),major,0.0,0.0,0.0,0.0,0.0,statistik_tanaman_buah_2021.pdf,147,0.0
2021,Sabah,Kudat,Kudat,DUKU,DUKU,Duku,DUKU / (Duku),major,0.0,0.0,0.0,0.0,0.0,statistik_tanaman_buah_2021.pdf,147,0.0
2021,Sabah,Kudat,Kudat,DURIAN,DURIAN,Durian,DURIAN / (Durian),major,9.1,6.5,9.8,185.0,1.507692307692308,statistik_tanaman_buah_2021.pdf,148,1.5758470619883747
2021,Sabah,Kudat,Kudat,JAMBU_BATU,JAMBU BATU,Guava,JAMBU BATU / Guava,major,0.9,0.8,4.0,9.8,5.0,statistik_tanaman_buah_2021.pdf,148,5.03767195767196
2021,Sabah,Kudat,Kudat,LANGSAT,LANGSAT,Langsat,LANGSAT / (Langsat),major,0.3,0.0,0.0,0.0,0.0,statistik_tanaman_buah_2021.pdf,149,0.0
2021,Sabah,Kudat,Kudat,LIMAU_BESAR,LIMAU BESAR,Pomelo,LIMAU BESAR / Pomelo,major,0.2,0.2,0.9,2.7,4.5,statistik_tanaman_buah_2021.pdf,149,4.388888888888889
2021,Sabah,Kudat,Kudat,LIMAU_MANIS,LIMAU MANIS,Sweet Orange,LIMAU MANIS / Sweet Orange,major,0.0,0.0,0.0,0.0,0.0,statistik_tanaman_buah_2021.pdf,150,0.0
2021,Sabah,Kudat,Kudat,MANGGA,MANGGA,Mango,MANGGA / Mango,major,44.9,17.4,65.7,534.1,3.775862068965518,statistik_tanaman_buah_2021.pdf,150,3.6883648075082247
2021,Sabah,Kudat,Kudat,MANGGIS,MANGGIS,Mangosteen,MANGGIS / Mangosteen,major,0.5,0.0,0.0,0.0,0.0,statistik_tanaman_buah_2021.pdf,151,0.0
2021,Sabah,Kudat,Kudat,MATA_NAGA,MATA NAGA/PITAYA,Dragon Fruit,MATA NAGA/PITAYA / Dragon Fruit,major,2.6,2.6,12.9,60.0,4.961538461538462,statistik_tanaman_buah_2021.pdf,151,5.069540965863095
2021,Sabah,Kudat,Kudat,NANAS,NANAS,Pineapple,NANAS / Pineapple,major,6.3,1.4,4.0,7.2,2.857142857142857,statistik_tanaman_buah_2021.pdf,152,2.817295860269999
2021,Sabah,Kudat,Kudat,NANGKA,NANGKA,Jackfruit,NANGKA / Jackfruit,major,7.1,6.5,21.8,41.0,3.353846153846154,statistik_tanaman_buah_2021.pdf,152,3.3921162758022727
2021,Sabah,Kudat,Kudat,PISANG,PISANG,Banana,PISANG / Banana,major,323.1,242.0,3026.4,5265.9,12.505785123966945,statistik_tanaman_buah_2021.pdf,153,12.352711783612474
2021,Sabah,Kudat,Kudat,PULASAN,PULASAN,Pulasan,PULASAN / (Pulasan),major,0.0,0.0,0.0,0.0,0.0,statistik_tanaman_buah_2021.pdf,153,0.0
2021,Sabah,Kudat,Kudat,RAMBUTAN,RAMBUTAN,Rambutan,RAMBUTAN / (Rambutan),major,8.7,6.5,26.0,62.9,4.0,statistik_tanaman_buah_2021.pdf,154,3.9868674677215266
2021,Sabah,Kudat,Kudat,SALAK,SALAK,Salak,SALAK / (Salak),major,0.0,0.0,0.0,0.0,0.0,statistik_tanaman_buah_2021.pdf,154,0.0
2021,Sabah,Kudat,Kudat,TEMBIKAI,TEMBIKAI,Watermelon,TEMBIKAI / Water-melon,major,43.0,43.0,1032.0,1744.1,24.0,statistik_tanaman_buah_2021.pdf,155,20.35244223625601
2021,Sabah,Kunak,Kunak,BELIMBING,BELIMBING,Starfruit,BELIMBING / Starfruit,major,0.0,0.0,0.0,0.0,0.0,statistik_tanaman_buah_2021.pdf,145,0.0
2021,Sabah,Kunak,Kunak,BETIK,BETIK,Papaya,BETIK / Papaya,major,3.4,2.4,9.3,14.1,3.875,statistik_tanaman_buah_2021.pdf,145,4.050429091365474
2021,Sabah,Kunak,Kunak,CEMPEDAK,CEMPEDAK,Cempedak,CEMPEDAK / (Cempedak),major,2.0,0.0,0.0,0.0,0.0,statistik_tanaman_buah_2021.pdf,146,0.0
2021,Sabah,Kunak,Kunak,CIKU,Ciku,Ciku,Ciku / (Ciku),major,0.0,0.0,0.0,0.0,0.0,statistik_tanaman_buah_2021.pdf,146,0.0
2021,Sabah,Kunak,Kunak,DOKONG,DOKONG,Dokong,DOKONG / (Dokong),major,0.0,0.0,0.0,0.0,0.0,statistik_tanaman_buah_2021.pdf,147,0.0
2021,Sabah,Kunak,Kunak,DUKU,DUKU,Duku,DUKU / (Duku),major,0.0,0.0,0.0,0.0,0.0,statistik_tanaman_buah_2021.pdf,147,0.0
2021,Sabah,Kunak,Kunak,DURIAN,DURIAN,Durian,DURIAN / (Durian),major,64.2,4.5,3.0,56.6,0.6666666666666666,statistik_tanaman_buah_2021.pdf,148,0.7381594291741506
2021,Sabah,Kunak,Kunak,JAMBU_BATU,JAMBU BATU,Guava,JAMBU BATU / Guava,major,0.0,0.0,0.0,0.0,0.0,statistik_tanaman_buah_2021.pdf,148,0.0
2021,Sabah,Kunak,Kunak,LANGSAT,LANGSAT,Langsat,LANGSAT / (Langsat),major,5.0,0.0,0.0,0.0,0.0,statistik_tanaman_buah_2021.pdf,149,0.0
2021,Sabah,Kunak,Kunak,LIMAU_BESAR,LIMAU BESAR,Pomelo,LIMAU BESAR / Pomelo,major,0.0,0.0,0.0,0.0,0.0,statistik_tanaman_buah_2021.pdf,149,0.0
2021,Sabah,Kunak,Kunak,LIMAU_MANIS,LIMAU MANIS,Sweet Orange,LIMAU MANIS / Sweet Orange,major,0.0,0.0,0.0,0.0,0.0,statistik_tanaman_buah_2021.pdf,150,0.0
2021,Sabah,Kunak,Kunak,MANGGA,MANGGA,Mango,MANGGA / Mango,major,20.0,1.0,5.6,45.5,5.6,statistik_tanaman_buah_2021.pdf,150,5.58401722351721
2021,Sabah,Kunak,Kunak,MANGGIS,MANGGIS,Mangosteen,MANGGIS / Mangosteen,major,0.0,0.0,0.0,0.0,0.0,statistik_tanaman_buah_2021.pdf,151,0.0
2021,Sabah,Kunak,Kunak,MATA_NAGA,MATA NAGA/PITAYA,Dragon Fruit,MATA NAGA/PITAYA / Dragon Fruit,major,0.0,0.0,0.0,0.0,0.0,statistik_tanaman_buah_2021.pdf,151,0.0
2021,Sabah,Kunak,Kunak,NANAS,NANAS,Pineapple,NANAS / Pineapple,major,4.0,2.5,21.2,38.2,8.48,statistik_tanaman_buah_2021.pdf,152,8.40084266472588
2021,Sabah,Kunak,Kunak,NANGKA,NANGKA,Jackfruit,NANGKA / Jackfruit,major,6.0,0.0,0.0,0.0,0.0,statistik_tanaman_buah_2021.pdf,152,0.0
2021,Sabah,Kunak,Kunak,PISANG,PISANG,Banana,PISANG / Banana,major,52.0,48.0,1149.0,1999.3,23.9375,statistik_tanaman_buah_2021.pdf,153,23.675715378134303
2021,Sabah,Kunak,Kunak,PULASAN,PULASAN,Pulasan,PULASAN / (Pulasan),major,0.0,0.0,0.0,0.0,0.0,statistik_tanaman_buah_2021.pdf,153,0.0
2021,Sabah,Kunak,Kunak,RAMBUTAN,RAMBUTAN,Rambutan,RAMBUTAN / (Rambutan),major,11.0,0.0,0.0,0.0,0.0,statistik_tanaman_buah_2021.pdf,154,0.0
2021,Sabah,Kunak,Kunak,SALAK,SALAK,Salak,SALAK / (Salak),major,2.0,2.0,35.0,98.0,17.5,statistik_tanaman_buah_2021.pdf,154,16.808794261294256
2021,Sabah,Kunak,Kunak,TEMBIKAI,TEMBIKAI,Watermelon,TEMBIKAI / Water-melon,major,0.0,0.0,0.0,0.0,0.0,statistik_tanaman_buah_2021.pdf,155,0.0
2021,Sabah,Lahad Datu,Lahad Datu,BELIMBING,BELIMBING,Starfruit,BELIMBING / Starfruit,major,1.0,0.9,3.6,8.0,4.0,statistik_tanaman_buah_2021.pdf,145,4.086590668590667
2021,Sabah,Lahad Datu,Lahad Datu,BETIK,BETIK,Papaya,BETIK / Papaya,major,10.5,10.5,115.5,175.6,11.0,statistik_tanaman_buah_2021.pdf,145,11.038431905183531
2021,Sabah,Lahad Datu,Lahad Datu,CEMPEDAK,CEMPEDAK,Cempedak,CEMPEDAK / (Cempedak),major,15.0,10.8,81.0,251.1,7.499999999999999,statistik_tanaman_buah_2021.pdf,146,7.508664253822708
2021,Sabah,Lahad Datu,Lahad Datu,CIKU,Ciku,Ciku,Ciku / (Ciku),major,1.0,1.0,3.2,10.6,3.2,statistik_tanaman_buah_2021.pdf,146,3.213579716579729
2021,Sabah,Lahad Datu,Lahad Datu,DOKONG,DOKONG,Dokong,DOKONG / (Dokong),major,0.0,0.0,0.0,0.0,0.0,statistik_tanaman_buah_2021.pdf,147,0.0
2021,Sabah,Lahad Datu,Lahad Datu,DUKU,DUKU,Duku,DUKU / (Duku),major,21.0,11.3,43.8,78.8,3.876106194690265,statistik_tanaman_buah_2021.pdf,147,3.850067935221664
2021,Sabah,Lahad Datu,Lahad Datu,DURIAN,DURIAN,Durian,DURIAN / (Durian),major,251.0,120.2,993.2,18751.6,8.262895174708818,statistik_tanaman_buah_2021.pdf,148,8.184083228036544
2021,Sabah,Lahad Datu,Lahad Datu,JAMBU_BATU,JAMBU BATU,Guava,JAMBU BATU / Guava,major,15.0,15.0,206.0,504.7,13.733333333333333,statistik_tanaman_buah_2021.pdf,148,13.759087229688024
2021,Sabah,Lahad Datu,Lahad Datu,LANGSAT,LANGSAT,Langsat,LANGSAT / (Langsat),major,71.6,32.0,163.0,423.8,5.09375,statistik_tanaman_buah_2021.pdf,149,5.155564333595095
2021,Sabah,Lahad Datu,Lahad Datu,LIMAU_BESAR,LIMAU BESAR,Pomelo,LIMAU BESAR / Pomelo,major,2.0,2.0,16.5,49.5,8.25,statistik_tanaman_buah_2021.pdf,149,8.180983918128662
2021,Sabah,Lahad Datu,Lahad Datu,LIMAU_MANIS,LIMAU MANIS,Sweet Orange,LIMAU MANIS / Sweet Orange,major,16.0,16.0,57.9,162.1,3.61875,statistik_tanaman_buah_2021.pdf,150,3.653436172571944
2021,Sabah,Lahad Datu,Lahad Datu,MANGGA,MANGGA,Mango,MANGGA / Mango,major,43.5,12.0,60.2,489.4,5.016666666666667,statistik_tanaman_buah_2021.pdf,150,4.975491479084643
2021,Sabah,Lahad Datu,Lahad Datu,MANGGIS,MANGGIS,Mangosteen,MANGGIS / Mangosteen,major,6.0,0.0,0.0,0.0,0.0,statistik_tanaman_buah_2021.pdf,151,0.0
2021,Sabah,Lahad Datu,Lahad Datu,MATA_NAGA,MATA NAGA/PITAYA,Dragon Fruit,MATA NAGA/PITAYA / Dragon Fruit,major,10.1,6.6,48.8,226.9,7.393939393939394,statistik_tanaman_buah_2021.pdf,151,7.38758216260127
2021,Sabah,Lahad Datu,Lahad Datu,NANAS,NANAS,Pineapple,NANAS / Pineapple,major,6.2,0.2,2.0,3.6,10.0,statistik_tanaman_buah_2021.pdf,152,9.221111111111112
2021,Sabah,Lahad Datu,Lahad Datu,NANGKA,NANGKA,Jackfruit,NANGKA / Jackfruit,major,5.0,5.0,35.7,67.1,7.140000000000001,statistik_tanaman_buah_2021.pdf,152,7.216602115063884
2021,Sabah,Lahad Datu,Lahad Datu,PISANG,PISANG,Banana,PISANG / Banana,major,118.0,104.6,2052.8,3571.9,19.62523900573614,statistik_tanaman_buah_2021.pdf,153,19.36923814598479
2021,Sabah,Lahad Datu,Lahad Datu,PULASAN,PULASAN,Pulasan,PULASAN / (Pulasan),major,0.0,0.0,0.0,0.0,0.0,statistik_tanaman_buah_2021.pdf,153,0.0
2021,Sabah,Lahad Datu,Lahad Datu,RAMBUTAN,RAMBUTAN,Rambutan,RAMBUTAN / (Rambutan),major,80.0,38.0,99.0,239.6,2.6052631578947367,statistik_tanaman_buah_2021.pdf,154,2.651904880703298
2021,Sabah,Lahad Datu,Lahad Datu,SALAK,SALAK,Salak,SALAK / (Salak),major,2.0,2.0,8.6,24.1,4.3,statistik_tanaman_buah_2021.pdf,154,4.330681385281374
2021,Sabah,Lahad Datu,Lahad Datu,TEMBIKAI,TEMBIKAI,Watermelon,TEMBIKAI / Water-melon,major,18.0,18.0,126.5,213.8,7.027777777777778,statistik_tanaman_buah_2021.pdf,155,7.289448641357185
2021,Sabah,Matunggong,Matunggong,BELIMBING,BELIMBING,Starfruit,BELIMBING / Starfruit,major,0.0,0.0,0.0,0.0,0.0,statistik_tanaman_buah_2021.pdf,145,0.0
2021,Sabah,Matunggong,Matunggong,BETIK,BETIK,Papaya,BETIK / Papaya,major,0.0,0.0,0.0,0.0,0.0,statistik_tanaman_buah_2021.pdf,145,0.0
2021,Sabah,Matunggong,Matunggong,CEMPEDAK,CEMPEDAK,Cempedak,CEMPEDAK / (Cempedak),major,7.0,7.0,25.0,77.5,3.571428571428572,statistik_tanaman_buah_2021.pdf,146,3.7009712301587303
2021,Sabah,Matunggong,Matunggong,CIKU,Ciku,Ciku,Ciku / (Ciku),major,0.0,0.0,0.0,0.0,0.0,statistik_tanaman_buah_2021.pdf,146,0.0
2021,Sabah,Matunggong,Matunggong,DOKONG,DOKONG,Dokong,DOKONG / (Dokong),major,0.0,0.0,0.0,0.0,0.0,statistik_tanaman_buah_2021.pdf,147,0.0
2021,Sabah,Matunggong,Matunggong,DUKU,DUKU,Duku,DUKU / (Duku),major,0.0,0.0,0.0,0.0,0.0,statistik_tanaman_buah_2021.pdf,147,0.0
2021,Sabah,Matunggong,Matunggong,DURIAN,DURIAN,Durian,DURIAN / (Durian),major,3.7,3.7,2.5,47.2,0.6756756756756757,statistik_tanaman_buah_2021.pdf,148,0.7527520213168652
2021,Sabah,Matunggong,Matunggong,JAMBU_BATU,JAMBU BATU,Guava,JAMBU BATU / Guava,major,0.0,0.0,0.0,0.0,0.0,statistik_tanaman_buah_2021.pdf,148,0.0
2021,Sabah,Matunggong,Matunggong,LANGSAT,LANGSAT,Langsat,LANGSAT / (Langsat),major,5.0,0.0,0.0,0.0,0.0,statistik_tanaman_buah_2021.pdf,149,0.0
2021,Sabah,Matunggong,Matunggong,LIMAU_BESAR,LIMAU BESAR,Pomelo,LIMAU BESAR / Pomelo,major,6.0,3.0,20.0,60.0,6.666666666666667,statistik_tanaman_buah_2021.pdf,149,6.773442219836073
2021,Sabah,Matunggong,Matunggong,LIMAU_MANIS,LIMAU MANIS,Sweet Orange,LIMAU MANIS / Sweet Orange,major,4.0,2.0,5.0,14.0,2.5,statistik_tanaman_buah_2021.pdf,150,2.5370851740851763
2021,Sabah,Matunggong,Matunggong,MANGGA,MANGGA,Mango,MANGGA / Mango,major,28.0,17.0,47.0,382.1,2.764705882352941,statistik_tanaman_buah_2021.pdf,150,2.770552260954106
2021,Sabah,Matunggong,Matunggong,MANGGIS,MANGGIS,Mangosteen,MANGGIS / Mangosteen,major,0.0,0.0,0.0,0.0,0.0,statistik_tanaman_buah_2021.pdf,151,0.0
2021,Sabah,Matunggong,Matunggong,MATA_NAGA,MATA NAGA/PITAYA,Dragon Fruit,MATA NAGA/PITAYA / Dragon Fruit,major,0.0,0.0,0.0,0.0,0.0,statistik_tanaman_buah_2021.pdf,151,0.0
2021,Sabah,Matunggong,Matunggong,NANAS,NANAS,Pineapple,NANAS / Pineapple,major,5.0,5.0,15.3,27.5,3.06,statistik_tanaman_buah_2021.pdf,152,3.2247168103198285
2021,Sabah,Matunggong,Matunggong,NANGKA,NANGKA,Jackfruit,NANGKA / Jackfruit,major,30.0,30.0,176.0,330.9,5.866666666666666,statistik_tanaman_buah_2021.pdf,152,5.836384629320611
2021,Sabah,Matunggong,Matunggong,PISANG,PISANG,Banana,PISANG / Banana,major,199.2,155.0,1934.0,3365.2,12.477419354838707,statistik_tanaman_buah_2021.pdf,153,12.571549614077291
2021,Sabah,Matunggong,Matunggong,PULASAN,PULASAN,Pulasan,PULASAN / (Pulasan),major,0.0,0.0,0.0,0.0,0.0,statistik_tanaman_buah_2021.pdf,153,0.0
2021,Sabah,Matunggong,Matunggong,RAMBUTAN,RAMBUTAN,Rambutan,RAMBUTAN / (Rambutan),major,9.0,2.5,20.6,49.9,8.24,statistik_tanaman_buah_2021.pdf,154,7.977838407609712
2021,Sabah,Matunggong,Matunggong,SALAK,SALAK,Salak,SALAK / (Salak),major,0.0,0.0,0.0,0.0,0.0,statistik_tanaman_buah_2021.pdf,154,0.0
2021,Sabah,Matunggong,Matunggong,TEMBIKAI,TEMBIKAI,Watermelon,TEMBIKAI / Water-melon,major,0.0,0.0,0.0,0.0,0.0,statistik_tanaman_buah_2021.pdf,155,0.0
2021,Sabah,Nabawan/Pensiangan,Nabawan,BELIMBING,BELIMBING,Starfruit,BELIMBING / Starfruit,major,0.0,0.0,0.0,0.0,0.0,statistik_tanaman_buah_2021.pdf,145,0.0
2021,Sabah,Nabawan/Pensiangan,Nabawan,BETIK,BETIK,Papaya,BETIK / Papaya,major,0.0,0.0,0.0,0.0,0.0,statistik_tanaman_buah_2021.pdf,145,0.0
2021,Sabah,Nabawan/Pensiangan,Nabawan,CEMPEDAK,CEMPEDAK,Cempedak,CEMPEDAK / (Cempedak),major,16.7,1.2,1.5,4.7,1.25,statistik_tanaman_buah_2021.pdf,146,1.3188492679347938
2021,Sabah,Nabawan/Pensiangan,Nabawan,CIKU,Ciku,Ciku,Ciku / (Ciku),major,0.0,0.0,0.0,0.0,0.0,statistik_tanaman_buah_2021.pdf,146,0.0
2021,Sabah,Nabawan/Pensiangan,Nabawan,DOKONG,DOKONG,Dokong,DOKONG / (Dokong),major,0.0,0.0,0.0,0.0,0.0,statistik_tanaman_buah_2021.pdf,147,0.0
2021,Sabah,Nabawan/Pensiangan,Nabawan,DUKU,DUKU,Duku,DUKU / (Duku),major,0.0,0.0,0.0,0.0,0.0,statistik_tanaman_buah_2021.pdf,147,0.0
2021,Sabah,Nabawan/Pensiangan,Nabawan,DURIAN,DURIAN,Durian,DURIAN / (Durian),major,248.3,16.0,32.0,604.2,2.0,statistik_tanaman_buah_2021.pdf,148,2.0049337708314274
2021,Sabah,Nabawan/Pensiangan,Nabawan,JAMBU_BATU,JAMBU BATU,Guava,JAMBU BATU / Guava,major,0.0,0.0,0.0,0.0,0.0,statistik_tanaman_buah_2021.pdf,148,0.0
2021,Sabah,Nabawan/Pensiangan,Nabawan,LANGSAT,LANGSAT,Langsat,LANGSAT / (Langsat),major,3.4,0.7,1.0,2.6,1.4285714285714286,statistik_tanaman_buah_2021.pdf,149,1.4441514041514072
2021,Sabah,Nabawan/Pensiangan,Nabawan,LIMAU_BESAR,LIMAU BESAR,Pomelo,LIMAU BESAR / Pomelo,major,0.0,0.0,0.0,0.0,0.0,statistik_tanaman_buah_2021.pdf,149,0.0
2021,Sabah,Nabawan/Pensiangan,Nabawan,LIMAU_MANIS,LIMAU MANIS,Sweet Orange,LIMAU MANIS / Sweet Orange,major,0.0,0.0,0.0,0.0,0.0,statistik_tanaman_buah_2021.pdf,150,0.0
2021,Sabah,Nabawan/Pensiangan,Nabawan,MANGGA,MANGGA,Mango,MANGGA / Mango,major,6.2,1.9,2.3,18.7,1.2105263157894737,statistik_tanaman_buah_2021.pdf,150,1.2307078727802439
2021,Sabah,Nabawan/Pensiangan,Nabawan,MANGGIS,MANGGIS,Mangosteen,MANGGIS / Mangosteen,major,21.3,4.0,6.5,20.5,1.625,statistik_tanaman_buah_2021.pdf,151,1.6941358340726582
2021,Sabah,Nabawan/Pensiangan,Nabawan,MATA_NAGA,MATA NAGA/PITAYA,Dragon Fruit,MATA NAGA/PITAYA / Dragon Fruit,major,0.0,0.0,0.0,0.0,0.0,statistik_tanaman_buah_2021.pdf,151,0.0
2021,Sabah,Nabawan/Pensiangan,Nabawan,NANAS,NANAS,Pineapple,NANAS / Pineapple,major,2.2,0.5,1.5,2.7,3.0,statistik_tanaman_buah_2021.pdf,152,2.9214775132275137
2021,Sabah,Nabawan/Pensiangan,Nabawan,NANGKA,NANGKA,Jackfruit,NANGKA / Jackfruit,major,0.4,0.1,0.1,0.2,1.0,statistik_tanaman_buah_2021.pdf,152,0.9976666666666667
2021,Sabah,Nabawan/Pensiangan,Nabawan,PISANG,PISANG,Banana,PISANG / Banana,major,75.9,10.1,19.3,33.6,1.910891089108911,statistik_tanaman_buah_2021.pdf,153,1.943467530562751
2021,Sabah,Nabawan/Pensiangan,Nabawan,PULASAN,PULASAN,Pulasan,PULASAN / (Pulasan),major,0.0,0.0,0.0,0.0,0.0,statistik_tanaman_buah_2021.pdf,153,0.0
2021,Sabah,Nabawan/Pensiangan,Pensiangan,RAMBUTAN,RAMBUTAN,Rambutan,RAMBUTAN / (Rambutan),major,30.5,7.2,5.3,12.8,0.736111111111111,statistik_tanaman_buah_2021.pdf,154,0.7168542119586954
2021,Sabah,Nabawan/Pensiangan,Pensiangan,SALAK,SALAK,Salak,SALAK / (Salak),major,0.0,0.0,0.0,0.0,0.0,statistik_tanaman_buah_2021.pdf,154,0.0
2021,Sabah,Nabawan/Pensiangan,Pensiangan,TEMBIKAI,TEMBIKAI,Watermelon,TEMBIKAI / Water-melon,major,0.0,0.0,0.0,0.0,0.0,statistik_tanaman_buah_2021.pdf,155,0.0
2021,Sabah,Papar,Papar,BELIMBING,BELIMBING,Starfruit,BELIMBING / Starfruit,major,2.0,0.0,0.0,0.0,0.0,statistik_tanaman_buah_2021.pdf,145,0.0
2021,Sabah,Papar,Papar,BETIK,BETIK,Papaya,BETIK / Papaya,major,1.0,1.0,0.6,0.9,0.6,statistik_tanaman_buah_2021.pdf,145,0.611777777777775
2021,Sabah,Papar,Papar,CEMPEDAK,CEMPEDAK,Cempedak,CEMPEDAK / (Cempedak),major,40.0,0.0,0.0,0.0,0.0,statistik_tanaman_buah_2021.pdf,146,0.0
2021,Sabah,Papar,Papar,CIKU,Ciku,Ciku,Ciku / (Ciku),major,0.0,0.0,0.0,0.0,0.0,statistik_tanaman_buah_2021.pdf,146,0.0
2021,Sabah,Papar,Papar,DOKONG,DOKONG,Dokong,DOKONG / (Dokong),major,0.0,0.0,0.0,0.0,0.0,statistik_tanaman_buah_2021.pdf,147,0.0
2021,Sabah,Papar,Papar,DUKU,DUKU,Duku,DUKU / (Duku),major,3.0,0.0,0.0,0.0,0.0,statistik_tanaman_buah_2021.pdf,147,0.0
2021,Sabah,Papar,Papar,DURIAN,DURIAN,Durian,DURIAN / (Durian),major,277.5,40.0,240.0,4531.2,6.0,statistik_tanaman_buah_2021.pdf,148,5.902235454057836
2021,Sabah,Papar,Papar,JAMBU_BATU,JAMBU BATU,Guava,JAMBU BATU / Guava,major,42.0,23.0,110.0,269.5,4.782608695652174,statistik_tanaman_buah_2021.pdf,148,4.754748983545868
2021,Sabah,Papar,Papar,LANGSAT,LANGSAT,Langsat,LANGSAT / (Langsat),major,45.0,0.0,0.0,0.0,0.0,statistik_tanaman_buah_2021.pdf,149,0.0
2021,Sabah,Papar,Papar,LIMAU_BESAR,LIMAU BESAR,Pomelo,LIMAU BESAR / Pomelo,major,0.0,0.0,0.0,0.0,0.0,statistik_tanaman_buah_2021.pdf,149,0.0
2021,Sabah,Papar,Papar,LIMAU_MANIS,LIMAU MANIS,Sweet Orange,LIMAU MANIS / Sweet Orange,major,0.0,0.0,0.0,0.0,0.0,statistik_tanaman_buah_2021.pdf,150,0.0
2021,Sabah,Papar,Papar,MANGGA,MANGGA,Mango,MANGGA / Mango,major,90.0,55.0,155.0,1260.2,2.8181818181818183,statistik_tanaman_buah_2021.pdf,150,2.9306820703101644
2021,Sabah,Papar,Papar,MANGGIS,MANGGIS,Mangosteen,MANGGIS / Mangosteen,major,20.0,0.0,0.0,0.0,0.0,statistik_tanaman_buah_2021.pdf,151,0.0
2021,Sabah,Papar,Papar,MATA_NAGA,MATA NAGA/PITAYA,Dragon Fruit,MATA NAGA/PITAYA / Dragon Fruit,major,3.0,0.0,0.0,0.0,0.0,statistik_tanaman_buah_2021.pdf,151,0.0
2021,Sabah,Papar,Papar,NANAS,NANAS,Pineapple,NANAS / Pineapple,major,28.0,9.0,107.0,192.6,11.88888888888889,statistik_tanaman_buah_2021.pdf,152,11.774186233279613
2021,Sabah,Papar,Papar,NANGKA,NANGKA,Jackfruit,NANGKA / Jackfruit,major,10.0,9.0,118.0,221.8,13.11111111111111,statistik_tanaman_buah_2021.pdf,152,12.846938742674523
2021,Sabah,Papar,Papar,PISANG,PISANG,Banana,PISANG / Banana,major,62.0,57.0,609.5,1060.5,10.692982456140353,statistik_tanaman_buah_2021.pdf,153,10.748850050869656
2021,Sabah,Papar,Papar,PULASAN,PULASAN,Pulasan,PULASAN / (Pulasan),major,0.0,0.0,0.0,0.0,0.0,statistik_tanaman_buah_2021.pdf,153,0.0
2021,Sabah,Papar,Papar,RAMBUTAN,RAMBUTAN,Rambutan,RAMBUTAN / (Rambutan),major,50.0,0.0,0.0,0.0,0.0,statistik_tanaman_buah_2021.pdf,154,0.0
2021,Sabah,Papar,Papar,SALAK,SALAK,Salak,SALAK / (Salak),major,0.0,0.0,0.0,0.0,0.0,statistik_tanaman_buah_2021.pdf,154,0.0
2021,Sabah,Papar,Papar,TEMBIKAI,TEMBIKAI,Watermelon,TEMBIKAI / Water-melon,major,100.0,100.0,880.0,1487.2,8.8,statistik_tanaman_buah_2021.pdf,155,9.633344629528503
2021,Sabah,Penampang,Penampang,BELIMBING,BELIMBING,Starfruit,BELIMBING / Starfruit,major,0.0,0.0,0.0,0.0,0.0,statistik_tanaman_buah_2021.pdf,145,0.0
2021,Sabah,Penampang,Penampang,BETIK,BETIK,Papaya,BETIK / Papaya,major,0.0,0.0,0.0,0.0,0.0,statistik_tanaman_buah_2021.pdf,145,0.0
2021,Sabah,Penampang,Penampang,CEMPEDAK,CEMPEDAK,Cempedak,CEMPEDAK / (Cempedak),major,4.0,0.5,2.0,6.2,4.0,statistik_tanaman_buah_2021.pdf,146,4.134214285714287
2021,Sabah,Penampang,Penampang,CIKU,Ciku,Ciku,Ciku / (Ciku),major,0.0,0.0,0.0,0.0,0.0,statistik_tanaman_buah_2021.pdf,146,0.0
2021,Sabah,Penampang,Penampang,DOKONG,DOKONG,Dokong,DOKONG / (Dokong),major,0.0,0.0,0.0,0.0,0.0,statistik_tanaman_buah_2021.pdf,147,0.0
2021,Sabah,Penampang,Penampang,DUKU,DUKU,Duku,DUKU / (Duku),major,3.5,0.0,0.0,0.0,0.0,statistik_tanaman_buah_2021.pdf,147,0.0
2021,Sabah,Penampang,Penampang,DURIAN,DURIAN,Durian,DURIAN / (Durian),major,42.2,3.5,25.0,472.0,7.142857142857143,statistik_tanaman_buah_2021.pdf,148,7.20281831064336
2021,Sabah,Penampang,Penampang,JAMBU_BATU,JAMBU BATU,Guava,JAMBU BATU / Guava,major,0.0,0.0,0.0,0.0,0.0,statistik_tanaman_buah_2021.pdf,148,0.0
2021,Sabah,Penampang,Penampang,LANGSAT,LANGSAT,Langsat,LANGSAT / (Langsat),major,6.0,0.5,3.5,9.1,7.0,statistik_tanaman_buah_2021.pdf,149,6.862821428571435
2021,Sabah,Penampang,Penampang,LIMAU_BESAR,LIMAU BESAR,Pomelo,LIMAU BESAR / Pomelo,major,0.0,0.0,0.0,0.0,0.0,statistik_tanaman_buah_2021.pdf,149,0.0
2021,Sabah,Penampang,Penampang,LIMAU_MANIS,LIMAU MANIS,Sweet Orange,LIMAU MANIS / Sweet Orange,major,0.0,0.0,0.0,0.0,0.0,statistik_tanaman_buah_2021.pdf,150,0.0
2021,Sabah,Penampang,Penampang,MANGGA,MANGGA,Mango,MANGGA / Mango,major,1.8,1.4,4.2,34.1,3.0000000000000004,statistik_tanaman_buah_2021.pdf,150,3.0514418636918634
2021,Sabah,Penampang,Penampang,MANGGIS,MANGGIS,Mangosteen,MANGGIS / Mangosteen,major,3.1,1.7,5.8,18.3,3.411764705882353,statistik_tanaman_buah_2021.pdf,151,3.1670963452545675
2021,Sabah,Penampang,Penampang,MATA_NAGA,MATA NAGA/PITAYA,Dragon Fruit,MATA NAGA/PITAYA / Dragon Fruit,major,1.3,0.8,7.0,32.6,8.75,statistik_tanaman_buah_2021.pdf,151,8.767945286195287
2021,Sabah,Penampang,Penampang,NANAS,NANAS,Pineapple,NANAS / Pineapple,major,89.7,27.0,246.8,444.2,9.14074074074074,statistik_tanaman_buah_2021.pdf,152,9.051001850354929
2021,Sabah,Penampang,Penampang,NANGKA,NANGKA,Jackfruit,NANGKA / Jackfruit,major,0.6,0.6,4.2,7.9,7.000000000000001,statistik_tanaman_buah_2021.pdf,152,6.979267195767197
2021,Sabah,Penampang,Penampang,PISANG,PISANG,Banana,PISANG / Banana,major,2.4,1.3,7.4,12.9,5.6923076923076925,statistik_tanaman_buah_2021.pdf,153,5.4612827695180615
2021,Sabah,Penampang,Penampang,PULASAN,PULASAN,Pulasan,PULASAN / (Pulasan),major,0.0,0.0,0.0,0.0,0.0,statistik_tanaman_buah_2021.pdf,153,0.0
2021,Sabah,Penampang,Penampang,RAMBUTAN,RAMBUTAN,Rambutan,RAMBUTAN / (Rambutan),major,8.5,4.5,11.5,27.8,2.555555555555556,statistik_tanaman_buah_2021.pdf,154,2.6050103105215583
2021,Sabah,Penampang,Penampang,SALAK,SALAK,Salak,SALAK / (Salak),major,0.0,0.0,0.0,0.0,0.0,statistik_tanaman_buah_2021.pdf,154,0.0
2021,Sabah,Penampang,Penampang,TEMBIKAI,TEMBIKAI,Watermelon,TEMBIKAI / Water-melon,major,1.1,1.1,28.2,47.7,25.636363636363637,statistik_tanaman_buah_2021.pdf,155,17.825458617415947
2021,Sabah,Pitas,Pitas,BELIMBING,BELIMBING,Starfruit,BELIMBING / Starfruit,major,0.0,0.0,0.0,0.0,0.0,statistik_tanaman_buah_2021.pdf,145,0.0
2021,Sabah,Pitas,Pitas,BETIK,BETIK,Papaya,BETIK / Papaya,major,0.0,0.0,0.0,0.0,0.0,statistik_tanaman_buah_2021.pdf,145,0.0
2021,Sabah,Pitas,Pitas,CEMPEDAK,CEMPEDAK,Cempedak,CEMPEDAK / (Cempedak),major,23.0,5.0,12.5,38.8,2.5,statistik_tanaman_buah_2021.pdf,146,2.588926361330371
2021,Sabah,Pitas,Pitas,CIKU,Ciku,Ciku,Ciku / (Ciku),major,0.0,0.0,0.0,0.0,0.0,statistik_tanaman_buah_2021.pdf,146,0.0
2021,Sabah,Pitas,Pitas,DOKONG,DOKONG,Dokong,DOKONG / (Dokong),major,0.0,0.0,0.0,0.0,0.0,statistik_tanaman_buah_2021.pdf,147,0.0
2021,Sabah,Pitas,Pitas,DUKU,DUKU,Duku,DUKU / (Duku),major,0.0,0.0,0.0,0.0,0.0,statistik_tanaman_buah_2021.pdf,147,0.0
2021,Sabah,Pitas,Pitas,DURIAN,DURIAN,Durian,DURIAN / (Durian),major,20.6,2.0,8.0,151.0,4.0,statistik_tanaman_buah_2021.pdf,148,3.9998464646464655
2021,Sabah,Pitas,Pitas,JAMBU_BATU,JAMBU BATU,Guava,JAMBU BATU / Guava,major,0.0,0.0,0.0,0.0,0.0,statistik_tanaman_buah_2021.pdf,148,0.0
2021,Sabah,Pitas,Pitas,LANGSAT,LANGSAT,Langsat,LANGSAT / (Langsat),major,10.4,2.0,2.0,5.2,1.0,statistik_tanaman_buah_2021.pdf,149,1.0412466108452951
2021,Sabah,Pitas,Pitas,LIMAU_BESAR,LIMAU BESAR,Pomelo,LIMAU BESAR / Pomelo,major,0.0,0.0,0.0,0.0,0.0,statistik_tanaman_buah_2021.pdf,149,0.0
2021,Sabah,Pitas,Pitas,LIMAU_MANIS,LIMAU MANIS,Sweet Orange,LIMAU MANIS / Sweet Orange,major,0.0,0.0,0.0,0.0,0.0,statistik_tanaman_buah_2021.pdf,150,0.0
2021,Sabah,Pitas,Pitas,MANGGA,MANGGA,Mango,MANGGA / Mango,major,41.4,6.0,7.2,58.5,1.2,statistik_tanaman_buah_2021.pdf,150,1.2441660856944174
2021,Sabah,Pitas,Pitas,MANGGIS,MANGGIS,Mangosteen,MANGGIS / Mangosteen,major,3.4,0.0,0.0,0.0,0.0,statistik_tanaman_buah_2021.pdf,151,0.0
2021,Sabah,Pitas,Pitas,MATA_NAGA,MATA NAGA/PITAYA,Dragon Fruit,MATA NAGA/PITAYA / Dragon Fruit,major,0.6,0.0,0.0,0.0,0.0,statistik_tanaman_buah_2021.pdf,151,0.0
2021,Sabah,Pitas,Pitas,NANAS,NANAS,Pineapple,NANAS / Pineapple,major,12.3,3.0,27.0,48.6,9.0,statistik_tanaman_buah_2021.pdf,152,8.842439889922494
2021,Sabah,Pitas,Pitas,NANGKA,NANGKA,Jackfruit,NANGKA / Jackfruit,major,5.8,0.0,0.0,0.0,0.0,statistik_tanaman_buah_2021.pdf,152,0.0
2021,Sabah,Pitas,Pitas,PISANG,PISANG,Banana,PISANG / Banana,major,139.1,84.0,596.8,1038.4,7.104761904761904,statistik_tanaman_buah_2021.pdf,153,7.222317120583237
2021,Sabah,Pitas,Pitas,PULASAN,PULASAN,Pulasan,PULASAN / (Pulasan),major,0.0,0.0,0.0,0.0,0.0,statistik_tanaman_buah_2021.pdf,153,0.0
2021,Sabah,Pitas,Pitas,RAMBUTAN,RAMBUTAN,Rambutan,RAMBUTAN / (Rambutan),major,17.0,4.0,3.0,7.3,0.75,statistik_tanaman_buah_2021.pdf,154,0.8467232842636461
2021,Sabah,Pitas,Pitas,SALAK,SALAK,Salak,SALAK / (Salak),major,0.0,0.0,0.0,0.0,0.0,statistik_tanaman_buah_2021.pdf,154,0.0
2021,Sabah,Pitas,Pitas,TEMBIKAI,TEMBIKAI,Watermelon,TEMBIKAI / Water-melon,major,0.0,0.0,0.0,0.0,0.0,statistik_tanaman_buah_2021.pdf,155,0.0
2021,Sabah,Putatan,Putatan,BELIMBING,BELIMBING,Starfruit,BELIMBING / Starfruit,major,0.0,0.0,0.0,0.0,0.0,statistik_tanaman_buah_2021.pdf,145,0.0
2021,Sabah,Putatan,Putatan,BETIK,BETIK,Papaya,BETIK / Papaya,major,0.0,0.0,0.0,0.0,0.0,statistik_tanaman_buah_2021.pdf,145,0.0
2021,Sabah,Putatan,Putatan,CEMPEDAK,CEMPEDAK,Cempedak,CEMPEDAK / (Cempedak),major,0.0,0.0,0.0,0.0,0.0,statistik_tanaman_buah_2021.pdf,146,0.0
2021,Sabah,Putatan,Putatan,CIKU,Ciku,Ciku,Ciku / (Ciku),major,0.0,0.0,0.0,0.0,0.0,statistik_tanaman_buah_2021.pdf,146,0.0
2021,Sabah,Putatan,Putatan,DOKONG,DOKONG,Dokong,DOKONG / (Dokong),major,0.0,0.0,0.0,0.0,0.0,statistik_tanaman_buah_2021.pdf,147,0.0
2021,Sabah,Putatan,Putatan,DUKU,DUKU,Duku,DUKU / (Duku),major,0.0,0.0,0.0,0.0,0.0,statistik_tanaman_buah_2021.pdf,147,0.0
2021,Sabah,Putatan,Putatan,DURIAN,DURIAN,Durian,DURIAN / (Durian),major,0.0,0.0,0.0,0.0,0.0,statistik_tanaman_buah_2021.pdf,148,0.0
2021,Sabah,Putatan,Putatan,JAMBU_BATU,JAMBU BATU,Guava,JAMBU BATU / Guava,major,0.0,0.0,0.0,0.0,0.0,statistik_tanaman_buah_2021.pdf,148,0.0
2021,Sabah,Putatan,Putatan,LANGSAT,LANGSAT,Langsat,LANGSAT / (Langsat),major,0.0,0.0,0.0,0.0,0.0,statistik_tanaman_buah_2021.pdf,149,0.0
2021,Sabah,Putatan,Putatan,LIMAU_BESAR,LIMAU BESAR,Pomelo,LIMAU BESAR / Pomelo,major,0.0,0.0,0.0,0.0,0.0,statistik_tanaman_buah_2021.pdf,149,0.0
2021,Sabah,Putatan,Putatan,LIMAU_MANIS,LIMAU MANIS,Sweet Orange,LIMAU MANIS / Sweet Orange,major,0.0,0.0,0.0,0.0,0.0,statistik_tanaman_buah_2021.pdf,150,0.0
2021,Sabah,Putatan,Putatan,MANGGA,MANGGA,Mango,MANGGA / Mango,major,0.0,0.0,0.0,0.0,0.0,statistik_tanaman_buah_2021.pdf,150,0.0
2021,Sabah,Putatan,Putatan,MANGGIS,MANGGIS,Mangosteen,MANGGIS / Mangosteen,major,0.0,0.0,0.0,0.0,0.0,statistik_tanaman_buah_2021.pdf,151,0.0
2021,Sabah,Putatan,Putatan,MATA_NAGA,MATA NAGA/PITAYA,Dragon Fruit,MATA NAGA/PITAYA / Dragon Fruit,major,0.0,0.0,0.0,0.0,0.0,statistik_tanaman_buah_2021.pdf,151,0.0
2021,Sabah,Putatan,Putatan,NANAS,NANAS,Pineapple,NANAS / Pineapple,major,0.0,0.0,0.0,0.0,0.0,statistik_tanaman_buah_2021.pdf,152,0.0
2021,Sabah,Putatan,Putatan,NANGKA,NANGKA,Jackfruit,NANGKA / Jackfruit,major,0.0,0.0,0.0,0.0,0.0,statistik_tanaman_buah_2021.pdf,152,0.0
2021,Sabah,Putatan,Putatan,PISANG,PISANG,Banana,PISANG / Banana,major,2.1,2.1,31.3,54.5,14.904761904761903,statistik_tanaman_buah_2021.pdf,153,14.585261904761882
2021,Sabah,Putatan,Putatan,PULASAN,PULASAN,Pulasan,PULASAN / (Pulasan),major,0.0,0.0,0.0,0.0,0.0,statistik_tanaman_buah_2021.pdf,153,0.0
2021,Sabah,Putatan,Putatan,RAMBUTAN,RAMBUTAN,Rambutan,RAMBUTAN / (Rambutan),major,0.0,0.0,0.0,0.0,0.0,statistik_tanaman_buah_2021.pdf,154,0.0
2021,Sabah,Putatan,Putatan,SALAK,SALAK,Salak,SALAK / (Salak),major,0.0,0.0,0.0,0.0,0.0,statistik_tanaman_buah_2021.pdf,154,0.0
2021,Sabah,Putatan,Putatan,TEMBIKAI,TEMBIKAI,Watermelon,TEMBIKAI / Water-melon,major,2.1,1.5,12.1,20.4,8.066666666666666,statistik_tanaman_buah_2021.pdf,155,8.752273571876515
2021,Sabah,Ranau,Ranau,BELIMBING,BELIMBING,Starfruit,BELIMBING / Starfruit,major,5.0,5.0,20.5,45.7,4.1,statistik_tanaman_buah_2021.pdf,145,4.0551977795045335
2021,Sabah,Ranau,Ranau,BETIK,BETIK,Papaya,BETIK / Papaya,major,16.0,16.0,155.4,236.2,9.7125,statistik_tanaman_buah_2021.pdf,145,10.508542794334149
2021,Sabah,Ranau,Ranau,CEMPEDAK,CEMPEDAK,Cempedak,CEMPEDAK / (Cempedak),major,110.9,14.0,113.0,350.3,8.071428571428571,statistik_tanaman_buah_2021.pdf,146,8.17901632140097
2021,Sabah,Ranau,Ranau,CIKU,Ciku,Ciku,Ciku / (Ciku),major,0.0,0.0,0.0,0.0,0.0,statistik_tanaman_buah_2021.pdf,146,0.0
2021,Sabah,Ranau,Ranau,DOKONG,DOKONG,Dokong,DOKONG / (Dokong),major,5.0,4.4,5.3,10.1,1.2045454545454544,statistik_tanaman_buah_2021.pdf,147,1.2052221882795395
2021,Sabah,Ranau,Ranau,DUKU,DUKU,Duku,DUKU / (Duku),major,26.0,16.3,12.8,23.0,0.7852760736196319,statistik_tanaman_buah_2021.pdf,147,0.8005416866084624
2021,Sabah,Ranau,Ranau,DURIAN,DURIAN,Durian,DURIAN / (Durian),major,1431.1,545.8,3456.5,65258.7,6.332905826310004,statistik_tanaman_buah_2021.pdf,148,6.774157288148498
2021,Sabah,Ranau,Ranau,JAMBU_BATU,JAMBU BATU,Guava,JAMBU BATU / Guava,major,3.0,3.0,35.8,87.7,11.933333333333332,statistik_tanaman_buah_2021.pdf,148,11.798981023889011
2021,Sabah,Ranau,Ranau,LANGSAT,LANGSAT,Langsat,LANGSAT / (Langsat),major,380.8,115.0,740.0,1924.0,6.434782608695652,statistik_tanaman_buah_2021.pdf,149,7.2020210658411985
2021,Sabah,Ranau,Ranau,LIMAU_BESAR,LIMAU BESAR,Pomelo,LIMAU BESAR / Pomelo,major,5.0,5.0,22.2,66.6,4.44,statistik_tanaman_buah_2021.pdf,149,4.402581531872027
2021,Sabah,Ranau,Ranau,LIMAU_MANIS,LIMAU MANIS,Sweet Orange,LIMAU MANIS / Sweet Orange,major,5.0,5.0,19.7,55.2,3.94,statistik_tanaman_buah_2021.pdf,150,3.957598978798991
2021,Sabah,Ranau,Ranau,MANGGA,MANGGA,Mango,MANGGA / Mango,major,55.3,29.0,155.0,1260.2,5.344827586206897,statistik_tanaman_buah_2021.pdf,150,5.229955558813933
2021,Sabah,Ranau,Ranau,MANGGIS,MANGGIS,Mangosteen,MANGGIS / Mangosteen,major,29.6,11.0,80.0,252.0,7.272727272727272,statistik_tanaman_buah_2021.pdf,151,7.087989861399554
2021,Sabah,Ranau,Ranau,MATA_NAGA,MATA NAGA/PITAYA,Dragon Fruit,MATA NAGA/PITAYA / Dragon Fruit,major,0.0,0.0,0.0,0.0,0.0,statistik_tanaman_buah_2021.pdf,151,0.0
2021,Sabah,Ranau,Ranau,NANAS,NANAS,Pineapple,NANAS / Pineapple,major,25.7,21.0,489.5,881.1,23.30952380952381,statistik_tanaman_buah_2021.pdf,152,22.51381709556966
2021,Sabah,Ranau,Ranau,NANGKA,NANGKA,Jackfruit,NANGKA / Jackfruit,major,35.6,33.0,318.5,598.8,9.651515151515152,statistik_tanaman_buah_2021.pdf,152,9.7513661891212
2021,Sabah,Ranau,Ranau,PISANG,PISANG,Banana,PISANG / Banana,major,185.0,106.4,1485.5,2584.8,13.961466165413531,statistik_tanaman_buah_2021.pdf,153,13.277599533864382
2021,Sabah,Ranau,Ranau,PULASAN,PULASAN,Pulasan,PULASAN / (Pulasan),major,0.0,0.0,0.0,0.0,0.0,statistik_tanaman_buah_2021.pdf,153,0.0
2021,Sabah,Ranau,Ranau,RAMBUTAN,RAMBUTAN,Rambutan,RAMBUTAN / (Rambutan),major,188.5,37.0,351.0,849.4,9.486486486486486,statistik_tanaman_buah_2021.pdf,154,8.620673206557575
2021,Sabah,Ranau,Ranau,SALAK,SALAK,Salak,SALAK / (Salak),major,1.0,1.0,1.2,3.4,1.2,statistik_tanaman_buah_2021.pdf,154,1.2022169312169273
2021,Sabah,Ranau,Ranau,TEMBIKAI,TEMBIKAI,Watermelon,TEMBIKAI / Water-melon,major,1.2,1.2,11.4,19.3,9.5,statistik_tanaman_buah_2021.pdf,155,9.519300203064908
2021,Sabah,Sandakan,Sandakan,BELIMBING,BELIMBING,Starfruit,BELIMBING / Starfruit,major,5.0,5.0,14.0,31.2,2.8,statistik_tanaman_buah_2021.pdf,145,2.836532044213213
2021,Sabah,Sandakan,Sandakan,BETIK,BETIK,Papaya,BETIK / Papaya,major,3.8,3.8,23.6,35.9,6.210526315789474,statistik_tanaman_buah_2021.pdf,145,6.5982916393663675
2021,Sabah,Sandakan,Sandakan,CEMPEDAK,CEMPEDAK,Cempedak,CEMPEDAK / (Cempedak),major,3.0,3.0,13.0,40.3,4.333333333333333,statistik_tanaman_buah_2021.pdf,146,4.5119214355033295
2021,Sabah,Sandakan,Sandakan,CIKU,Ciku,Ciku,Ciku / (Ciku),major,2.8,2.8,29.5,97.4,10.535714285714286,statistik_tanaman_buah_2021.pdf,146,10.876630308763104
2021,Sabah,Sandakan,Sandakan,DOKONG,DOKONG,Dokong,DOKONG / (Dokong),major,4.1,0.0,0.0,0.0,0.0,statistik_tanaman_buah_2021.pdf,147,0.0
2021,Sabah,Sandakan,Sandakan,DUKU,DUKU,Duku,DUKU / (Duku),major,34.7,0.0,0.0,0.0,0.0,statistik_tanaman_buah_2021.pdf,147,0.0
2021,Sabah,Sandakan,Sandakan,DURIAN,DURIAN,Durian,DURIAN / (Durian),major,90.6,15.0,146.0,2756.5,9.733333333333333,statistik_tanaman_buah_2021.pdf,148,9.649091114490446
2021,Sabah,Sandakan,Sandakan,JAMBU_BATU,JAMBU BATU,Guava,JAMBU BATU / Guava,major,8.5,8.5,48.5,118.8,5.705882352941177,statistik_tanaman_buah_2021.pdf,148,5.995626449221388
2021,Sabah,Sandakan,Sandakan,LANGSAT,LANGSAT,Langsat,LANGSAT / (Langsat),major,50.0,5.0,35.0,91.0,7.0,statistik_tanaman_buah_2021.pdf,149,7.032105889832507
2021,Sabah,Sandakan,Sandakan,LIMAU_BESAR,LIMAU BESAR,Pomelo,LIMAU BESAR / Pomelo,major,7.1,7.1,47.0,141.0,6.619718309859155,statistik_tanaman_buah_2021.pdf,149,6.579628569673601
2021,Sabah,Sandakan,Sandakan,LIMAU_MANIS,LIMAU MANIS,Sweet Orange,LIMAU MANIS / Sweet Orange,major,1.5,1.5,9.0,25.2,6.0,statistik_tanaman_buah_2021.pdf,150,6.066494837521158
2021,Sabah,Sandakan,Sandakan,MANGGA,MANGGA,Mango,MANGGA / Mango,major,123.1,36.0,128.0,1040.6,3.555555555555556,statistik_tanaman_buah_2021.pdf,150,3.680770202416379
2021,Sabah,Sandakan,Sandakan,MANGGIS,MANGGIS,Mangosteen,MANGGIS / Mangosteen,major,18.0,14.1,80.0,252.0,5.673758865248227,statistik_tanaman_buah_2021.pdf,151,5.662201072058375
2021,Sabah,Sandakan,Sandakan,MATA_NAGA,MATA NAGA/PITAYA,Dragon Fruit,MATA NAGA/PITAYA / Dragon Fruit,major,1.0,1.0,6.0,27.9,6.0,statistik_tanaman_buah_2021.pdf,151,5.99300997150997
2021,Sabah,Sandakan,Sandakan,NANAS,NANAS,Pineapple,NANAS / Pineapple,major,6.5,3.5,19.0,34.2,5.428571428571429,statistik_tanaman_buah_2021.pdf,152,5.4105372310330235
2021,Sabah,Sandakan,Sandakan,NANGKA,NANGKA,Jackfruit,NANGKA / Jackfruit,major,19.5,5.0,37.2,69.9,7.44,statistik_tanaman_buah_2021.pdf,152,7.366167779378122
2021,Sabah,Sandakan,Sandakan,PISANG,PISANG,Banana,PISANG / Banana,major,48.0,35.2,509.6,886.7,14.477272727272728,statistik_tanaman_buah_2021.pdf,153,13.929339894424626
2021,Sabah,Sandakan,Sandakan,PULASAN,PULASAN,Pulasan,PULASAN / (Pulasan),major,0.0,0.0,0.0,0.0,0.0,statistik_tanaman_buah_2021.pdf,153,0.0
2021,Sabah,Sandakan,Sandakan,RAMBUTAN,RAMBUTAN,Rambutan,RAMBUTAN / (Rambutan),major,77.9,10.0,70.0,169.4,7.0,statistik_tanaman_buah_2021.pdf,154,6.935087869364223
2021,Sabah,Sandakan,Sandakan,SALAK,SALAK,Salak,SALAK / (Salak),major,60.0,25.0,200.0,560.0,8.0,statistik_tanaman_buah_2021.pdf,154,8.109641965550635
2021,Sabah,Sandakan,Sandakan,TEMBIKAI,TEMBIKAI,Watermelon,TEMBIKAI / Water-melon,major,10.0,10.0,185.0,312.7,18.5,statistik_tanaman_buah_2021.pdf,155,18.191184874514416
2021,Sabah,Semporna,Semporna,BELIMBING,BELIMBING,Starfruit,BELIMBING / Starfruit,major,0.0,0.0,0.0,0.0,0.0,statistik_tanaman_buah_2021.pdf,145,0.0
2021,Sabah,Semporna,Semporna,BETIK,BETIK,Papaya,BETIK / Papaya,major,4.7,4.5,34.2,52.0,7.6,statistik_tanaman_buah_2021.pdf,145,7.568439045205616
2021,Sabah,Semporna,Semporna,CEMPEDAK,CEMPEDAK,Cempedak,CEMPEDAK / (Cempedak),major,0.0,0.0,0.0,0.0,0.0,statistik_tanaman_buah_2021.pdf,146,0.0
2021,Sabah,Semporna,Semporna,CIKU,Ciku,Ciku,Ciku / (Ciku),major,0.0,0.0,0.0,0.0,0.0,statistik_tanaman_buah_2021.pdf,146,0.0
2021,Sabah,Semporna,Semporna,DOKONG,DOKONG,Dokong,DOKONG / (Dokong),major,0.0,0.0,0.0,0.0,0.0,statistik_tanaman_buah_2021.pdf,147,0.0
2021,Sabah,Semporna,Semporna,DUKU,DUKU,Duku,DUKU / (Duku),major,0.0,0.0,0.0,0.0,0.0,statistik_tanaman_buah_2021.pdf,147,0.0
2021,Sabah,Semporna,Semporna,DURIAN,DURIAN,Durian,DURIAN / (Durian),major,14.0,2.0,4.5,85.0,2.25,statistik_tanaman_buah_2021.pdf,148,2.304659932659933
2021,Sabah,Semporna,Semporna,JAMBU_BATU,JAMBU BATU,Guava,JAMBU BATU / Guava,major,29.6,26.0,187.2,458.6,7.199999999999999,statistik_tanaman_buah_2021.pdf,148,7.200378822208592
2021,Sabah,Semporna,Semporna,LANGSAT,LANGSAT,Langsat,LANGSAT / (Langsat),major,18.0,7.0,46.8,121.7,6.685714285714285,statistik_tanaman_buah_2021.pdf,149,6.5888028049852485
2021,Sabah,Semporna,Semporna,LIMAU_BESAR,LIMAU BESAR,Pomelo,LIMAU BESAR / Pomelo,major,0.0,0.0,0.0,0.0,0.0,statistik_tanaman_buah_2021.pdf,149,0.0
2021,Sabah,Semporna,Semporna,LIMAU_MANIS,LIMAU MANIS,Sweet Orange,LIMAU MANIS / Sweet Orange,major,0.0,0.0,0.0,0.0,0.0,statistik_tanaman_buah_2021.pdf,150,0.0
2021,Sabah,Semporna,Semporna,MANGGA,MANGGA,Mango,MANGGA / Mango,major,101.2,40.0,92.0,748.0,2.3,statistik_tanaman_buah_2021.pdf,150,2.3575290421559116
2021,Sabah,Semporna,Semporna,MANGGIS,MANGGIS,Mangosteen,MANGGIS / Mangosteen,major,0.0,0.0,0.0,0.0,0.0,statistik_tanaman_buah_2021.pdf,151,0.0
2021,Sabah,Semporna,Semporna,MATA_NAGA,MATA NAGA/PITAYA,Dragon Fruit,MATA NAGA/PITAYA / Dragon Fruit,major,0.0,0.0,0.0,0.0,0.0,statistik_tanaman_buah_2021.pdf,151,0.0
2021,Sabah,Semporna,Semporna,NANAS,NANAS,Pineapple,NANAS / Pineapple,major,1.4,0.0,0.0,0.0,0.0,statistik_tanaman_buah_2021.pdf,152,0.0
2021,Sabah,Semporna,Semporna,NANGKA,NANGKA,Jackfruit,NANGKA / Jackfruit,major,0.0,0.0,0.0,0.0,0.0,statistik_tanaman_buah_2021.pdf,152,0.0
2021,Sabah,Semporna,Semporna,PISANG,PISANG,Banana,PISANG / Banana,major,123.6,106.6,1477.5,2570.9,13.860225140712949,statistik_tanaman_buah_2021.pdf,153,13.882770797891759
2021,Sabah,Semporna,Semporna,PULASAN,PULASAN,Pulasan,PULASAN / (Pulasan),major,0.0,0.0,0.0,0.0,0.0,statistik_tanaman_buah_2021.pdf,153,0.0
2021,Sabah,Semporna,Semporna,RAMBUTAN,RAMBUTAN,Rambutan,RAMBUTAN / (Rambutan),major,77.5,37.0,228.0,551.8,6.162162162162162,statistik_tanaman_buah_2021.pdf,154,6.151165876657148
2021,Sabah,Semporna,Semporna,SALAK,SALAK,Salak,SALAK / (Salak),major,0.0,0.0,0.0,0.0,0.0,statistik_tanaman_buah_2021.pdf,154,0.0
2021,Sabah,Semporna,Semporna,TEMBIKAI,TEMBIKAI,Watermelon,TEMBIKAI / Water-melon,major,0.0,0.0,0.0,0.0,0.0,statistik_tanaman_buah_2021.pdf,155,0.0
2021,Sabah,Sipitang,Sipitang,BELIMBING,BELIMBING,Starfruit,BELIMBING / Starfruit,major,0.0,0.0,0.0,0.0,0.0,statistik_tanaman_buah_2021.pdf,145,0.0
2021,Sabah,Sipitang,Sipitang,BETIK,BETIK,Papaya,BETIK / Papaya,major,0.0,0.0,0.0,0.0,0.0,statistik_tanaman_buah_2021.pdf,145,0.0
2021,Sabah,Sipitang,Sipitang,CEMPEDAK,CEMPEDAK,Cempedak,CEMPEDAK / (Cempedak),major,213.2,153.5,268.6,832.7,1.7498371335504888,statistik_tanaman_buah_2021.pdf,146,2.2709526728452296
2021,Sabah,Sipitang,Sipitang,CIKU,Ciku,Ciku,Ciku / (Ciku),major,0.5,0.1,0.1,0.3,1.0,statistik_tanaman_buah_2021.pdf,146,0.9996666666666666
2021,Sabah,Sipitang,Sipitang,DOKONG,DOKONG,Dokong,DOKONG / (Dokong),major,4.6,1.5,0.3,0.6,0.1999999999999999,statistik_tanaman_buah_2021.pdf,147,0.25123148148148255
2021,Sabah,Sipitang,Sipitang,DUKU,DUKU,Duku,DUKU / (Duku),major,17.8,11.6,44.9,80.8,3.8706896551724137,statistik_tanaman_buah_2021.pdf,147,3.8316868338271326
2021,Sabah,Sipitang,Sipitang,DURIAN,DURIAN,Durian,DURIAN / (Durian),major,687.7,515.3,4412.1,83300.4,8.562196778575588,statistik_tanaman_buah_2021.pdf,148,8.858011859577994
2021,Sabah,Sipitang,Sipitang,JAMBU_BATU,JAMBU BATU,Guava,JAMBU BATU / Guava,major,1.3,0.5,0.8,2.0,1.6,statistik_tanaman_buah_2021.pdf,148,1.7164603174603246
2021,Sabah,Sipitang,Sipitang,LANGSAT,LANGSAT,Langsat,LANGSAT / (Langsat),major,87.8,38.0,152.0,395.2,4.0,statistik_tanaman_buah_2021.pdf,149,4.16000598906323
2021,Sabah,Sipitang,Sipitang,LIMAU_BESAR,LIMAU BESAR,Pomelo,LIMAU BESAR / Pomelo,major,2.0,1.5,1.4,4.2,0.9333333333333332,statistik_tanaman_buah_2021.pdf,149,0.9443981481481503
2021,Sabah,Sipitang,Sipitang,LIMAU_MANIS,LIMAU MANIS,Sweet Orange,LIMAU MANIS / Sweet Orange,major,6.1,3.8,6.1,17.1,1.6052631578947367,statistik_tanaman_buah_2021.pdf,150,1.7002304544293236
2021,Sabah,Sipitang,Sipitang,MANGGA,MANGGA,Mango,MANGGA / Mango,major,4.0,1.0,0.7,5.7,0.7,statistik_tanaman_buah_2021.pdf,150,0.6886923076923056
2021,Sabah,Sipitang,Sipitang,MANGGIS,MANGGIS,Mangosteen,MANGGIS / Mangosteen,major,8.0,1.5,1.6,5.0,1.0666666666666669,statistik_tanaman_buah_2021.pdf,151,1.132724107276739
2021,Sabah,Sipitang,Sipitang,MATA_NAGA,MATA NAGA/PITAYA,Dragon Fruit,MATA NAGA/PITAYA / Dragon Fruit,major,0.0,0.0,0.0,0.0,0.0,statistik_tanaman_buah_2021.pdf,151,0.0
2021,Sabah,Sipitang,Sipitang,NANAS,NANAS,Pineapple,NANAS / Pineapple,major,14.8,12.0,146.4,263.5,12.2,statistik_tanaman_buah_2021.pdf,152,12.191739197628467
2021,Sabah,Sipitang,Sipitang,NANGKA,NANGKA,Jackfruit,NANGKA / Jackfruit,major,0.6,0.2,0.2,0.4,1.0,statistik_tanaman_buah_2021.pdf,152,1.3655555555555554
2021,Sabah,Sipitang,Sipitang,PISANG,PISANG,Banana,PISANG / Banana,major,295.8,290.4,5461.0,9502.1,18.805096418732784,statistik_tanaman_buah_2021.pdf,153,18.394493615043448
2021,Sabah,Sipitang,Sipitang,PULASAN,PULASAN,Pulasan,PULASAN / (Pulasan),major,0.0,0.0,0.0,0.0,0.0,statistik_tanaman_buah_2021.pdf,153,0.0
2021,Sabah,Sipitang,Sipitang,RAMBUTAN,RAMBUTAN,Rambutan,RAMBUTAN / (Rambutan),major,120.0,75.0,322.5,780.5,4.3,statistik_tanaman_buah_2021.pdf,154,4.2608659728996425
2021,Sabah,Sipitang,Sipitang,SALAK,SALAK,Salak,SALAK / (Salak),major,0.0,0.0,0.0,0.0,0.0,statistik_tanaman_buah_2021.pdf,154,0.0
2021,Sabah,Sipitang,Sipitang,TEMBIKAI,TEMBIKAI,Watermelon,TEMBIKAI / Water-melon,major,20.9,20.9,422.3,713.7,20.20574162679426,statistik_tanaman_buah_2021.pdf,155,20.366757307060464
2021,Sabah,Sook,Sook,BELIMBING,BELIMBING,Starfruit,BELIMBING / Starfruit,major,0.9,0.5,0.5,1.1,1.0,statistik_tanaman_buah_2021.pdf,145,0.9793611111111113
2021,Sabah,Sook,Sook,BETIK,BETIK,Papaya,BETIK / Papaya,major,0.0,0.0,0.0,0.0,0.0,statistik_tanaman_buah_2021.pdf,145,0.0
2021,Sabah,Sook,Sook,CEMPEDAK,CEMPEDAK,Cempedak,CEMPEDAK / (Cempedak),major,18.0,6.0,14.0,43.4,2.333333333333333,statistik_tanaman_buah_2021.pdf,146,2.4117110374622897
2021,Sabah,Sook,Sook,CIKU,Ciku,Ciku,Ciku / (Ciku),major,0.0,0.0,0.0,0.0,0.0,statistik_tanaman_buah_2021.pdf,146,0.0
2021,Sabah,Sook,Sook,DOKONG,DOKONG,Dokong,DOKONG / (Dokong),major,3.0,0.0,0.0,0.0,0.0,statistik_tanaman_buah_2021.pdf,147,0.0
2021,Sabah,Sook,Sook,DUKU,DUKU,Duku,DUKU / (Duku),major,1.0,0.0,0.0,0.0,0.0,statistik_tanaman_buah_2021.pdf,147,0.0
2021,Sabah,Sook,Sook,DURIAN,DURIAN,Durian,DURIAN / (Durian),major,59.1,26.0,80.4,1518.0,3.0923076923076924,statistik_tanaman_buah_2021.pdf,148,3.13728423919822
2021,Sabah,Sook,Sook,JAMBU_BATU,JAMBU BATU,Guava,JAMBU BATU / Guava,major,0.0,0.0,0.0,0.0,0.0,statistik_tanaman_buah_2021.pdf,148,0.0
2021,Sabah,Sook,Sook,LANGSAT,LANGSAT,Langsat,LANGSAT / (Langsat),major,20.0,7.0,28.0,72.8,4.0,statistik_tanaman_buah_2021.pdf,149,4.035676071702826
2021,Sabah,Sook,Sook,LIMAU_BESAR,LIMAU BESAR,Pomelo,LIMAU BESAR / Pomelo,major,3.0,2.0,15.3,45.9,7.65,statistik_tanaman_buah_2021.pdf,149,7.625171119085619
2021,Sabah,Sook,Sook,LIMAU_MANIS,LIMAU MANIS,Sweet Orange,LIMAU MANIS / Sweet Orange,major,3.0,0.0,0.0,0.0,0.0,statistik_tanaman_buah_2021.pdf,150,0.0
2021,Sabah,Sook,Sook,MANGGA,MANGGA,Mango,MANGGA / Mango,major,10.7,10.1,34.5,280.5,3.415841584158416,statistik_tanaman_buah_2021.pdf,150,3.424465835033946
2021,Sabah,Sook,Sook,MANGGIS,MANGGIS,Mangosteen,MANGGIS / Mangosteen,major,11.7,10.3,56.2,177.0,5.456310679611651,statistik_tanaman_buah_2021.pdf,151,5.44378710497561
2021,Sabah,Sook,Sook,MATA_NAGA,MATA NAGA/PITAYA,Dragon Fruit,MATA NAGA/PITAYA / Dragon Fruit,major,1.0,1.0,0.3,1.4,0.3,statistik_tanaman_buah_2021.pdf,151,0.35874999999999857
2021,Sabah,Sook,Sook,NANAS,NANAS,Pineapple,NANAS / Pineapple,major,66.5,52.0,965.0,1737.0,18.557692307692307,statistik_tanaman_buah_2021.pdf,152,18.136867410367156
2021,Sabah,Sook,Sook,NANGKA,NANGKA,Jackfruit,NANGKA / Jackfruit,major,2.0,1.0,6.3,11.8,6.3,statistik_tanaman_buah_2021.pdf,152,6.416914529914508
2021,Sabah,Sook,Sook,PISANG,PISANG,Banana,PISANG / Banana,major,78.6,52.0,944.8,1644.0,18.16923076923077,statistik_tanaman_buah_2021.pdf,153,17.3366461769997
2021,Sabah,Sook,Sook,PULASAN,PULASAN,Pulasan,PULASAN / (Pulasan),major,0.0,0.0,0.0,0.0,0.0,statistik_tanaman_buah_2021.pdf,153,0.0
2021,Sabah,Sook,Sook,RAMBUTAN,RAMBUTAN,Rambutan,RAMBUTAN / (Rambutan),major,31.5,9.0,29.0,70.2,3.2222222222222223,statistik_tanaman_buah_2021.pdf,154,3.204220247746894
2021,Sabah,Sook,Sook,SALAK,SALAK,Salak,SALAK / (Salak),major,0.0,0.0,0.0,0.0,0.0,statistik_tanaman_buah_2021.pdf,154,0.0
2021,Sabah,Sook,Sook,TEMBIKAI,TEMBIKAI,Watermelon,TEMBIKAI / Water-melon,major,2.4,2.4,31.2,52.7,13.0,statistik_tanaman_buah_2021.pdf,155,12.855326197021396
2021,Sabah,Tambunan,Tambunan,BELIMBING,BELIMBING,Starfruit,BELIMBING / Starfruit,major,0.6,0.4,0.9,2.0,2.25,statistik_tanaman_buah_2021.pdf,145,2.2562777777777776
2021,Sabah,Tambunan,Tambunan,BETIK,BETIK,Papaya,BETIK / Papaya,major,0.4,0.2,1.6,2.4,8.0,statistik_tanaman_buah_2021.pdf,145,7.958333333333333
2021,Sabah,Tambunan,Tambunan,CEMPEDAK,CEMPEDAK,Cempedak,CEMPEDAK / (Cempedak),major,3.0,1.3,3.2,9.9,2.4615384615384617,statistik_tanaman_buah_2021.pdf,146,2.494126678876676
2021,Sabah,Tambunan,Tambunan,CIKU,Ciku,Ciku,Ciku / (Ciku),major,0.0,0.0,0.0,0.0,0.0,statistik_tanaman_buah_2021.pdf,146,0.0
2021,Sabah,Tambunan,Tambunan,DOKONG,DOKONG,Dokong,DOKONG / (Dokong),major,0.0,0.0,0.0,0.0,0.0,statistik_tanaman_buah_2021.pdf,147,0.0
2021,Sabah,Tambunan,Tambunan,DUKU,DUKU,Duku,DUKU / (Duku),major,0.0,0.0,0.0,0.0,0.0,statistik_tanaman_buah_2021.pdf,147,0.0
2021,Sabah,Tambunan,Tambunan,DURIAN,DURIAN,Durian,DURIAN / (Durian),major,98.9,22.0,156.0,2945.3,7.090909090909091,statistik_tanaman_buah_2021.pdf,148,7.0530864299359095
2021,Sabah,Tambunan,Tambunan,JAMBU_BATU,JAMBU BATU,Guava,JAMBU BATU / Guava,major,9.0,0.9,1.1,2.7,1.2222222222222223,statistik_tanaman_buah_2021.pdf,148,1.4905899470899475
2021,Sabah,Tambunan,Tambunan,LANGSAT,LANGSAT,Langsat,LANGSAT / (Langsat),major,4.9,4.0,13.5,35.1,3.375,statistik_tanaman_buah_2021.pdf,149,3.3639489901413757
2021,Sabah,Tambunan,Tambunan,LIMAU_BESAR,LIMAU BESAR,Pomelo,LIMAU BESAR / Pomelo,major,0.7,0.5,5.8,17.4,11.6,statistik_tanaman_buah_2021.pdf,149,10.753687830687822
2021,Sabah,Tambunan,Tambunan,LIMAU_MANIS,LIMAU MANIS,Sweet Orange,LIMAU MANIS / Sweet Orange,major,2.7,2.0,4.0,11.2,2.0,statistik_tanaman_buah_2021.pdf,150,2.0918396982965954
2021,Sabah,Tambunan,Tambunan,MANGGA,MANGGA,Mango,MANGGA / Mango,major,6.3,6.0,23.7,192.7,3.95,statistik_tanaman_buah_2021.pdf,150,3.932505831215364
2021,Sabah,Tambunan,Tambunan,MANGGIS,MANGGIS,Mangosteen,MANGGIS / Mangosteen,major,5.5,5.0,26.0,81.9,5.2,statistik_tanaman_buah_2021.pdf,151,5.226096990311284
2021,Sabah,Tambunan,Tambunan,MATA_NAGA,MATA NAGA/PITAYA,Dragon Fruit,MATA NAGA/PITAYA / Dragon Fruit,major,0.2,0.2,0.2,0.9,1.0,statistik_tanaman_buah_2021.pdf,151,1.1488888888888888
2021,Sabah,Tambunan,Tambunan,NANAS,NANAS,Pineapple,NANAS / Pineapple,major,57.8,33.0,463.0,833.4,14.030303030303031,statistik_tanaman_buah_2021.pdf,152,14.09509043391965
2021,Sabah,Tambunan,Tambunan,NANGKA,NANGKA,Jackfruit,NANGKA / Jackfruit,major,1.6,1.3,3.3,6.2,2.5384615384615383,statistik_tanaman_buah_2021.pdf,152,2.585387566137569
2021,Sabah,Tambunan,Tambunan,PISANG,PISANG,Banana,PISANG / Banana,major,37.8,17.2,110.6,192.4,6.430232558139535,statistik_tanaman_buah_2021.pdf,153,6.340777251903826
2021,Sabah,Tambunan,Tambunan,PULASAN,PULASAN,Pulasan,PULASAN / (Pulasan),major,0.0,0.0,0.0,0.0,0.0,statistik_tanaman_buah_2021.pdf,153,0.0
2021,Sabah,Tambunan,Tambunan,RAMBUTAN,RAMBUTAN,Rambutan,RAMBUTAN / (Rambutan),major,14.9,13.0,18.0,43.6,1.3846153846153846,statistik_tanaman_buah_2021.pdf,154,1.4648793864295162
2021,Sabah,Tambunan,Tambunan,SALAK,SALAK,Salak,SALAK / (Salak),major,0.0,0.0,0.0,0.0,0.0,statistik_tanaman_buah_2021.pdf,154,0.0
2021,Sabah,Tambunan,Tambunan,TEMBIKAI,TEMBIKAI,Watermelon,TEMBIKAI / Water-melon,major,0.0,0.0,0.0,0.0,0.0,statistik_tanaman_buah_2021.pdf,155,0.0
2021,Sabah,Tawau,Tawau,BELIMBING,BELIMBING,Starfruit,BELIMBING / Starfruit,major,7.0,7.0,81.9,182.6,11.7,statistik_tanaman_buah_2021.pdf,145,11.692435712932475
2021,Sabah,Tawau,Tawau,BETIK,BETIK,Papaya,BETIK / Papaya,major,8.0,8.0,170.2,258.7,21.275,statistik_tanaman_buah_2021.pdf,145,21.090465371977942
2021,Sabah,Tawau,Tawau,CEMPEDAK,CEMPEDAK,Cempedak,CEMPEDAK / (Cempedak),major,121.0,92.0,219.8,681.4,2.389130434782609,statistik_tanaman_buah_2021.pdf,146,2.410807211694482
2021,Sabah,Tawau,Tawau,CIKU,Ciku,Ciku,Ciku / (Ciku),major,0.0,0.0,0.0,0.0,0.0,statistik_tanaman_buah_2021.pdf,146,0.0
2021,Sabah,Tawau,Tawau,DOKONG,DOKONG,Dokong,DOKONG / (Dokong),major,16.3,12.0,27.0,51.3,2.25,statistik_tanaman_buah_2021.pdf,147,2.2427853311113504
2021,Sabah,Tawau,Tawau,DUKU,DUKU,Duku,DUKU / (Duku),major,14.0,13.0,30.3,54.5,2.330769230769231,statistik_tanaman_buah_2021.pdf,147,2.3037861759000045
2021,Sabah,Tawau,Tawau,DURIAN,DURIAN,Durian,DURIAN / (Durian),major,342.0,171.0,1184.4,22361.5,6.926315789473684,statistik_tanaman_buah_2021.pdf,148,7.0042295758727615
2021,Sabah,Tawau,Tawau,JAMBU_BATU,JAMBU BATU,Guava,JAMBU BATU / Guava,major,20.0,16.0,244.8,599.8,15.3,statistik_tanaman_buah_2021.pdf,148,15.235115524308249
2021,Sabah,Tawau,Tawau,LANGSAT,LANGSAT,Langsat,LANGSAT / (Langsat),major,72.0,28.8,112.9,293.5,3.920138888888889,statistik_tanaman_buah_2021.pdf,149,3.9728309177994805
2021,Sabah,Tawau,Tawau,LIMAU_BESAR,LIMAU BESAR,Pomelo,LIMAU BESAR / Pomelo,major,15.0,10.0,47.0,141.0,4.7,statistik_tanaman_buah_2021.pdf,149,4.759206074183243
2021,Sabah,Tawau,Tawau,LIMAU_MANIS,LIMAU MANIS,Sweet Orange,LIMAU MANIS / Sweet Orange,major,0.0,0.0,0.0,0.0,0.0,statistik_tanaman_buah_2021.pdf,150,0.0
2021,Sabah,Tawau,Tawau,MANGGA,MANGGA,Mango,MANGGA / Mango,major,145.0,137.7,557.1,4529.2,4.045751633986929,statistik_tanaman_buah_2021.pdf,150,4.073047810202782
2021,Sabah,Tawau,Tawau,MANGGIS,MANGGIS,Mangosteen,MANGGIS / Mangosteen,major,55.8,0.0,0.0,0.0,0.0,statistik_tanaman_buah_2021.pdf,151,0.0
2021,Sabah,Tawau,Tawau,MATA_NAGA,MATA NAGA/PITAYA,Dragon Fruit,MATA NAGA/PITAYA / Dragon Fruit,major,0.0,0.0,0.0,0.0,0.0,statistik_tanaman_buah_2021.pdf,151,0.0
2021,Sabah,Tawau,Tawau,NANAS,NANAS,Pineapple,NANAS / Pineapple,major,30.4,29.2,362.7,652.9,12.42123287671233,statistik_tanaman_buah_2021.pdf,152,12.509388847701135
2021,Sabah,Tawau,Tawau,NANGKA,NANGKA,Jackfruit,NANGKA / Jackfruit,major,52.0,46.6,631.5,1187.2,13.551502145922749,statistik_tanaman_buah_2021.pdf,152,13.718909597040838
2021,Sabah,Tawau,Tawau,PISANG,PISANG,Banana,PISANG / Banana,major,213.4,199.6,2953.2,5138.6,14.79559118236473,statistik_tanaman_buah_2021.pdf,153,14.814834727248178
2021,Sabah,Tawau,Tawau,PULASAN,PULASAN,Pulasan,PULASAN / (Pulasan),major,0.0,0.0,0.0,0.0,0.0,statistik_tanaman_buah_2021.pdf,153,0.0
2021,Sabah,Tawau,Tawau,RAMBUTAN,RAMBUTAN,Rambutan,RAMBUTAN / (Rambutan),major,270.0,154.0,1112.6,2692.5,7.224675324675324,statistik_tanaman_buah_2021.pdf,154,7.380532629501243
2021,Sabah,Tawau,Tawau,SALAK,SALAK,Salak,SALAK / (Salak),major,68.0,61.6,536.6,1502.5,8.71103896103896,statistik_tanaman_buah_2021.pdf,154,8.731655041236332
2021,Sabah,Tawau,Tawau,TEMBIKAI,TEMBIKAI,Watermelon,TEMBIKAI / Water-melon,major,97.2,96.9,1491.2,2520.1,15.3890608875129,statistik_tanaman_buah_2021.pdf,155,15.440786347927679
2021,Sabah,Telupid,Telupid,BELIMBING,BELIMBING,Starfruit,BELIMBING / Starfruit,major,0.0,0.0,0.0,0.0,0.0,statistik_tanaman_buah_2021.pdf,145,0.0
2021,Sabah,Telupid,Telupid,BETIK,BETIK,Papaya,BETIK / Papaya,major,0.0,0.0,0.0,0.0,0.0,statistik_tanaman_buah_2021.pdf,145,0.0
2021,Sabah,Telupid,Telupid,CEMPEDAK,CEMPEDAK,Cempedak,CEMPEDAK / (Cempedak),major,3.0,3.0,2.5,7.8,0.8333333333333334,statistik_tanaman_buah_2021.pdf,146,0.8671677445442175
2021,Sabah,Telupid,Telupid,CIKU,Ciku,Ciku,Ciku / (Ciku),major,0.0,0.0,0.0,0.0,0.0,statistik_tanaman_buah_2021.pdf,146,0.0
2021,Sabah,Telupid,Telupid,DOKONG,DOKONG,Dokong,DOKONG / (Dokong),major,0.0,0.0,0.0,0.0,0.0,statistik_tanaman_buah_2021.pdf,147,0.0
2021,Sabah,Telupid,Telupid,DUKU,DUKU,Duku,DUKU / (Duku),major,3.0,1.2,1.8,3.2,1.5,statistik_tanaman_buah_2021.pdf,147,1.5590862332112343
2021,Sabah,Telupid,Telupid,DURIAN,DURIAN,Durian,DURIAN / (Durian),major,48.0,4.0,18.0,339.8,4.5,statistik_tanaman_buah_2021.pdf,148,4.4092139583363705
2021,Sabah,Telupid,Telupid,JAMBU_BATU,JAMBU BATU,Guava,JAMBU BATU / Guava,major,0.0,0.0,0.0,0.0,0.0,statistik_tanaman_buah_2021.pdf,148,0.0
2021,Sabah,Telupid,Telupid,LANGSAT,LANGSAT,Langsat,LANGSAT / (Langsat),major,4.0,1.0,1.3,3.4,1.3,statistik_tanaman_buah_2021.pdf,149,1.2686534391534425
2021,Sabah,Telupid,Telupid,LIMAU_BESAR,LIMAU BESAR,Pomelo,LIMAU BESAR / Pomelo,major,0.0,0.0,0.0,0.0,0.0,statistik_tanaman_buah_2021.pdf,149,0.0
2021,Sabah,Telupid,Telupid,LIMAU_MANIS,LIMAU MANIS,Sweet Orange,LIMAU MANIS / Sweet Orange,major,0.0,0.0,0.0,0.0,0.0,statistik_tanaman_buah_2021.pdf,150,0.0
2021,Sabah,Telupid,Telupid,MANGGA,MANGGA,Mango,MANGGA / Mango,major,4.0,3.2,7.5,61.0,2.34375,statistik_tanaman_buah_2021.pdf,150,2.3712333409785993
2021,Sabah,Telupid,Telupid,MANGGIS,MANGGIS,Mangosteen,MANGGIS / Mangosteen,major,0.0,0.0,0.0,0.0,0.0,statistik_tanaman_buah_2021.pdf,151,0.0
2021,Sabah,Telupid,Telupid,MATA_NAGA,MATA NAGA/PITAYA,Dragon Fruit,MATA NAGA/PITAYA / Dragon Fruit,major,0.0,0.0,0.0,0.0,0.0,statistik_tanaman_buah_2021.pdf,151,0.0
2021,Sabah,Telupid,Telupid,NANAS,NANAS,Pineapple,NANAS / Pineapple,major,3.0,0.6,0.6,1.1,1.0,statistik_tanaman_buah_2021.pdf,152,1.108126984126984
2021,Sabah,Telupid,Telupid,NANGKA,NANGKA,Jackfruit,NANGKA / Jackfruit,major,3.0,1.1,2.5,4.7,2.2727272727272725,statistik_tanaman_buah_2021.pdf,152,2.305746165871167
2021,Sabah,Telupid,Telupid,PISANG,PISANG,Banana,PISANG / Banana,major,27.3,21.0,120.0,208.8,5.714285714285714,statistik_tanaman_buah_2021.pdf,153,5.666748298616605
2021,Sabah,Telupid,Telupid,PULASAN,PULASAN,Pulasan,PULASAN / (Pulasan),major,0.0,0.0,0.0,0.0,0.0,statistik_tanaman_buah_2021.pdf,153,0.0
2021,Sabah,Telupid,Telupid,RAMBUTAN,RAMBUTAN,Rambutan,RAMBUTAN / (Rambutan),major,12.0,2.0,9.0,21.8,4.5,statistik_tanaman_buah_2021.pdf,154,4.521957912457913
2021,Sabah,Telupid,Telupid,SALAK,SALAK,Salak,SALAK / (Salak),major,0.0,0.0,0.0,0.0,0.0,statistik_tanaman_buah_2021.pdf,154,0.0
2021,Sabah,Telupid,Telupid,TEMBIKAI,TEMBIKAI,Watermelon,TEMBIKAI / Water-melon,major,0.8,0.8,9.2,15.5,11.499999999999998,statistik_tanaman_buah_2021.pdf,155,11.443074491785028
2021,Sabah,Tenom,Tenom,BELIMBING,BELIMBING,Starfruit,BELIMBING / Starfruit,major,2.6,2.6,29.9,66.7,11.499999999999998,statistik_tanaman_buah_2021.pdf,145,11.734153424582807
2021,Sabah,Tenom,Tenom,BETIK,BETIK,Papaya,BETIK / Papaya,major,131.0,114.0,3234.6,4916.6,28.373684210526317,statistik_tanaman_buah_2021.pdf,145,27.007919135553813
2021,Sabah,Tenom,Tenom,CEMPEDAK,CEMPEDAK,Cempedak,CEMPEDAK / (Cempedak),major,4.7,4.0,21.7,67.3,5.425,statistik_tanaman_buah_2021.pdf,146,5.291562332685642
2021,Sabah,Tenom,Tenom,CIKU,Ciku,Ciku,Ciku / (Ciku),major,0.0,0.0,0.0,0.0,0.0,statistik_tanaman_buah_2021.pdf,146,0.0
2021,Sabah,Tenom,Tenom,DOKONG,DOKONG,Dokong,DOKONG / (Dokong),major,10.2,9.7,70.6,134.1,7.278350515463917,statistik_tanaman_buah_2021.pdf,147,7.325462517111669
2021,Sabah,Tenom,Tenom,DUKU,DUKU,Duku,DUKU / (Duku),major,3.2,3.2,14.0,25.2,4.375,statistik_tanaman_buah_2021.pdf,147,4.837019350881689
2021,Sabah,Tenom,Tenom,DURIAN,DURIAN,Durian,DURIAN / (Durian),major,148.0,75.3,575.1,10857.9,7.637450199203188,statistik_tanaman_buah_2021.pdf,148,7.166493394074146
2021,Sabah,Tenom,Tenom,JAMBU_BATU,JAMBU BATU,Guava,JAMBU BATU / Guava,major,52.7,40.1,616.4,1510.2,15.3715710723192,statistik_tanaman_buah_2021.pdf,148,15.344893340667078
2021,Sabah,Tenom,Tenom,LANGSAT,LANGSAT,Langsat,LANGSAT / (Langsat),major,21.2,11.0,128.3,333.6,11.663636363636364,statistik_tanaman_buah_2021.pdf,149,11.009089491941515
2021,Sabah,Tenom,Tenom,LIMAU_BESAR,LIMAU BESAR,Pomelo,LIMAU BESAR / Pomelo,major,439.9,336.5,9684.3,29052.9,28.779494799405644,statistik_tanaman_buah_2021.pdf,149,27.285627510230256
2021,Sabah,Tenom,Tenom,LIMAU_MANIS,LIMAU MANIS,Sweet Orange,LIMAU MANIS / Sweet Orange,major,5.0,4.4,23.0,64.4,5.227272727272727,statistik_tanaman_buah_2021.pdf,150,5.244765166669859
2021,Sabah,Tenom,Tenom,MANGGA,MANGGA,Mango,MANGGA / Mango,major,1.0,1.0,4.7,38.2,4.7,statistik_tanaman_buah_2021.pdf,150,4.856496244496259
2021,Sabah,Tenom,Tenom,MANGGIS,MANGGIS,Mangosteen,MANGGIS / Mangosteen,major,15.0,14.1,237.6,748.4,16.851063829787233,statistik_tanaman_buah_2021.pdf,151,15.819720883828955
2021,Sabah,Tenom,Tenom,MATA_NAGA,MATA NAGA/PITAYA,Dragon Fruit,MATA NAGA/PITAYA / Dragon Fruit,major,0.0,0.0,0.0,0.0,0.0,statistik_tanaman_buah_2021.pdf,151,0.0
2021,Sabah,Tenom,Tenom,NANAS,NANAS,Pineapple,NANAS / Pineapple,major,2.5,2.3,30.5,54.9,13.260869565217392,statistik_tanaman_buah_2021.pdf,152,12.862820452413342
2021,Sabah,Tenom,Tenom,NANGKA,NANGKA,Jackfruit,NANGKA / Jackfruit,major,0.0,0.0,0.0,0.0,0.0,statistik_tanaman_buah_2021.pdf,152,0.0
2021,Sabah,Tenom,Tenom,PISANG,PISANG,Banana,PISANG / Banana,major,465.8,422.7,6990.3,12163.1,16.53726046841732,statistik_tanaman_buah_2021.pdf,153,16.81592680109656
2021,Sabah,Tenom,Tenom,PULASAN,PULASAN,Pulasan,PULASAN / (Pulasan),major,0.0,0.0,0.0,0.0,0.0,statistik_tanaman_buah_2021.pdf,153,0.0
2021,Sabah,Tenom,Tenom,RAMBUTAN,RAMBUTAN,Rambutan,RAMBUTAN / (Rambutan),major,3.1,1.9,20.6,49.9,10.842105263157896,statistik_tanaman_buah_2021.pdf,154,10.685276508665067
2021,Sabah,Tenom,Tenom,SALAK,SALAK,Salak,SALAK / (Salak),major,0.0,0.0,0.0,0.0,0.0,statistik_tanaman_buah_2021.pdf,154,0.0
2021,Sabah,Tenom,Tenom,TEMBIKAI,TEMBIKAI,Watermelon,TEMBIKAI / Water-melon,major,0.0,0.0,0.0,0.0,0.0,statistik_tanaman_buah_2021.pdf,155,0.0
2021,Sabah,Tongod,Tongod,BELIMBING,BELIMBING,Starfruit,BELIMBING / Starfruit,major,0.0,0.0,0.0,0.0,0.0,statistik_tanaman_buah_2021.pdf,145,0.0
2021,Sabah,Tongod,Tongod,BETIK,BETIK,Papaya,BETIK / Papaya,major,0.0,0.0,0.0,0.0,0.0,statistik_tanaman_buah_2021.pdf,145,0.0
2021,Sabah,Tongod,Tongod,CEMPEDAK,CEMPEDAK,Cempedak,CEMPEDAK / (Cempedak),major,42.9,18.9,58.6,181.7,3.100529100529101,statistik_tanaman_buah_2021.pdf,146,3.1594063138836734
2021,Sabah,Tongod,Tongod,CIKU,Ciku,Ciku,Ciku / (Ciku),major,0.0,0.0,0.0,0.0,0.0,statistik_tanaman_buah_2021.pdf,146,0.0
2021,Sabah,Tongod,Tongod,DOKONG,DOKONG,Dokong,DOKONG / (Dokong),major,0.0,0.0,0.0,0.0,0.0,statistik_tanaman_buah_2021.pdf,147,0.0
2021,Sabah,Tongod,Tongod,DUKU,DUKU,Duku,DUKU / (Duku),major,0.0,0.0,0.0,0.0,0.0,statistik_tanaman_buah_2021.pdf,147,0.0
2021,Sabah,Tongod,Tongod,DURIAN,DURIAN,Durian,DURIAN / (Durian),major,240.7,46.8,257.4,4859.7,5.5,statistik_tanaman_buah_2021.pdf,148,5.509140362305001
2021,Sabah,Tongod,Tongod,JAMBU_BATU,JAMBU BATU,Guava,JAMBU BATU / Guava,major,0.0,0.0,0.0,0.0,0.0,statistik_tanaman_buah_2021.pdf,148,0.0
2021,Sabah,Tongod,Tongod,LANGSAT,LANGSAT,Langsat,LANGSAT / (Langsat),major,44.6,0.0,0.0,0.0,0.0,statistik_tanaman_buah_2021.pdf,149,0.0
2021,Sabah,Tongod,Tongod,LIMAU_BESAR,LIMAU BESAR,Pomelo,LIMAU BESAR / Pomelo,major,0.0,0.0,0.0,0.0,0.0,statistik_tanaman_buah_2021.pdf,149,0.0
2021,Sabah,Tongod,Tongod,LIMAU_MANIS,LIMAU MANIS,Sweet Orange,LIMAU MANIS / Sweet Orange,major,0.0,0.0,0.0,0.0,0.0,statistik_tanaman_buah_2021.pdf,150,0.0
2021,Sabah,Tongod,Tongod,MANGGA,MANGGA,Mango,MANGGA / Mango,major,0.0,0.0,0.0,0.0,0.0,statistik_tanaman_buah_2021.pdf,150,0.0
2021,Sabah,Tongod,Tongod,MANGGIS,MANGGIS,Mangosteen,MANGGIS / Mangosteen,major,0.0,0.0,0.0,0.0,0.0,statistik_tanaman_buah_2021.pdf,151,0.0
2021,Sabah,Tongod,Tongod,MATA_NAGA,MATA NAGA/PITAYA,Dragon Fruit,MATA NAGA/PITAYA / Dragon Fruit,major,0.0,0.0,0.0,0.0,0.0,statistik_tanaman_buah_2021.pdf,151,0.0
2021,Sabah,Tongod,Tongod,NANAS,NANAS,Pineapple,NANAS / Pineapple,major,23.0,11.6,72.3,130.1,6.232758620689655,statistik_tanaman_buah_2021.pdf,152,6.263386161685025
2021,Sabah,Tongod,Tongod,NANGKA,NANGKA,Jackfruit,NANGKA / Jackfruit,major,0.0,0.0,0.0,0.0,0.0,statistik_tanaman_buah_2021.pdf,152,0.0
2021,Sabah,Tongod,Tongod,PISANG,PISANG,Banana,PISANG / Banana,major,23.0,14.8,121.4,211.2,8.202702702702704,statistik_tanaman_buah_2021.pdf,153,8.137713498763368
2021,Sabah,Tongod,Tongod,PULASAN,PULASAN,Pulasan,PULASAN / (Pulasan),major,0.0,0.0,0.0,0.0,0.0,statistik_tanaman_buah_2021.pdf,153,0.0
2021,Sabah,Tongod,Tongod,RAMBUTAN,RAMBUTAN,Rambutan,RAMBUTAN / (Rambutan),major,70.7,19.5,62.4,151.0,3.2,statistik_tanaman_buah_2021.pdf,154,3.2395336721741783
2021,Sabah,Tongod,Tongod,SALAK,SALAK,Salak,SALAK / (Salak),major,0.0,0.0,0.0,0.0,0.0,statistik_tanaman_buah_2021.pdf,154,0.0
2021,Sabah,Tongod,Tongod,TEMBIKAI,TEMBIKAI,Watermelon,TEMBIKAI / Water-melon,major,0.0,0.0,0.0,0.0,0.0,statistik_tanaman_buah_2021.pdf,155,0.0
2021,Sabah,Tuaran,Tuaran,BELIMBING,BELIMBING,Starfruit,BELIMBING / Starfruit,major,1.4,1.4,12.6,28.1,9.0,statistik_tanaman_buah_2021.pdf,145,9.111225274725268
2021,Sabah,Tuaran,Tuaran,BETIK,BETIK,Papaya,BETIK / Papaya,major,1.0,1.0,14.0,21.3,14.0,statistik_tanaman_buah_2021.pdf,145,14.375299397483602
2021,Sabah,Tuaran,Tuaran,CEMPEDAK,CEMPEDAK,Cempedak,CEMPEDAK / (Cempedak),major,162.6,120.0,1210.0,3751.0,10.083333333333334,statistik_tanaman_buah_2021.pdf,146,9.837055243618186
2021,Sabah,Tuaran,Tuaran,CIKU,Ciku,Ciku,Ciku / (Ciku),major,0.2,0.2,0.6,2.0,3.0,statistik_tanaman_buah_2021.pdf,146,2.9875
2021,Sabah,Tuaran,Tuaran,DOKONG,DOKONG,Dokong,DOKONG / (Dokong),major,0.0,0.0,0.0,0.0,0.0,statistik_tanaman_buah_2021.pdf,147,0.0
2021,Sabah,Tuaran,Tuaran,DUKU,DUKU,Duku,DUKU / (Duku),major,0.0,0.0,0.0,0.0,0.0,statistik_tanaman_buah_2021.pdf,147,0.0
2021,Sabah,Tuaran,Tuaran,DURIAN,DURIAN,Durian,DURIAN / (Durian),major,344.4,202.5,1313.5,24798.9,6.48641975308642,statistik_tanaman_buah_2021.pdf,148,6.755843105668565
2021,Sabah,Tuaran,Tuaran,JAMBU_BATU,JAMBU BATU,Guava,JAMBU BATU / Guava,major,6.9,6.8,88.4,216.6,13.000000000000002,statistik_tanaman_buah_2021.pdf,148,12.95316825667465
2021,Sabah,Tuaran,Tuaran,LANGSAT,LANGSAT,Langsat,LANGSAT / (Langsat),major,183.6,146.1,1387.9,3608.5,9.499657768651607,statistik_tanaman_buah_2021.pdf,149,9.306446883199106
2021,Sabah,Tuaran,Tuaran,LIMAU_BESAR,LIMAU BESAR,Pomelo,LIMAU BESAR / Pomelo,major,0.0,0.0,0.0,0.0,0.0,statistik_tanaman_buah_2021.pdf,149,0.0
2021,Sabah,Tuaran,Tuaran,LIMAU_MANIS,LIMAU MANIS,Sweet Orange,LIMAU MANIS / Sweet Orange,major,0.0,0.0,0.0,0.0,0.0,statistik_tanaman_buah_2021.pdf,150,0.0
2021,Sabah,Tuaran,Tuaran,MANGGA,MANGGA,Mango,MANGGA / Mango,major,152.0,125.5,493.0,4008.1,3.9282868525896415,statistik_tanaman_buah_2021.pdf,150,4.019064991927178
2021,Sabah,Tuaran,Tuaran,MANGGIS,MANGGIS,Mangosteen,MANGGIS / Mangosteen,major,3.5,3.5,35.0,110.3,10.0,statistik_tanaman_buah_2021.pdf,151,10.205820579675
2021,Sabah,Tuaran,Tuaran,MATA_NAGA,MATA NAGA/PITAYA,Dragon Fruit,MATA NAGA/PITAYA / Dragon Fruit,major,0.0,0.0,0.0,0.0,0.0,statistik_tanaman_buah_2021.pdf,151,0.0
2021,Sabah,Tuaran,Tuaran,NANAS,NANAS,Pineapple,NANAS / Pineapple,major,345.4,324.9,6663.0,11993.4,20.5078485687904,statistik_tanaman_buah_2021.pdf,152,20.614505615236098
2021,Sabah,Tuaran,Tuaran,NANGKA,NANGKA,Jackfruit,NANGKA / Jackfruit,major,28.2,21.0,344.0,646.7,16.38095238095238,statistik_tanaman_buah_2021.pdf,152,16.217947973149943
2021,Sabah,Tuaran,Tuaran,PISANG,PISANG,Banana,PISANG / Banana,major,183.5,160.0,2004.8,3488.4,12.53,statistik_tanaman_buah_2021.pdf,153,12.847874819724357
2021,Sabah,Tuaran,Tuaran,PULASAN,PULASAN,Pulasan,PULASAN / (Pulasan),major,0.0,0.0,0.0,0.0,0.0,statistik_tanaman_buah_2021.pdf,153,0.0
2021,Sabah,Tuaran,Tuaran,RAMBUTAN,RAMBUTAN,Rambutan,RAMBUTAN / (Rambutan),major,154.4,100.0,1200.0,2904.0,12.0,statistik_tanaman_buah_2021.pdf,154,11.54751689766656
2021,Sabah,Tuaran,Tuaran,SALAK,SALAK,Salak,SALAK / (Salak),major,0.0,0.0,0.0,0.0,0.0,statistik_tanaman_buah_2021.pdf,154,0.0
2021,Sabah,Tuaran,Tuaran,TEMBIKAI,TEMBIKAI,Watermelon,TEMBIKAI / Water-melon,major,11.9,11.4,176.8,298.8,15.508771929824562,statistik_tanaman_buah_2021.pdf,155,16.881236648125302
2022,Sabah,Beaufort,Beaufort,BELIMBING,BELIMBING,Starfruit,BELIMBING / Starfruit,major,0.0,0.0,0.0,0.0,0.0,statistik_tanaman_buah_2022.pdf,145,0.0
2022,Sabah,Beaufort,Beaufort,BETIK,BETIK,Papaya,BETIK / Papaya,major,0.0,0.0,0.0,0.0,0.0,statistik_tanaman_buah_2022.pdf,145,0.0
2022,Sabah,Beaufort,Beaufort,CEMPEDAK,CEMPEDAK,Cempedak,CEMPEDAK / (Cempedak),major,140.0,48.0,110.0,310.75,2.2916666666666665,statistik_tanaman_buah_2022.pdf,146,2.3504803281151565
2022,Sabah,Beaufort,Beaufort,CIKU,CIKU,Ciku,CIKU / (Ciku),major,0.0,0.0,0.0,0.0,0.0,statistik_tanaman_buah_2022.pdf,146,0.0
2022,Sabah,Beaufort,Beaufort,DOKONG,DOKONG,Dokong,DOKONG / (Dokong),major,0.5,0.0,0.0,0.0,0.0,statistik_tanaman_buah_2022.pdf,147,0.0
2022,Sabah,Beaufort,Beaufort,DUKU,DUKU,Duku,DUKU / (Duku),major,10.5,0.0,0.0,0.0,0.0,statistik_tanaman_buah_2022.pdf,147,0.0
2022,Sabah,Beaufort,Beaufort,DURIAN,DURIAN,Durian,DURIAN / (Durian),major,245.5,60.0,163.5,3337.04,2.725,statistik_tanaman_buah_2022.pdf,148,2.8503025924338385
2022,Sabah,Beaufort,Beaufort,JAMBU_BATU,JAMBU BATU,Guava,JAMBU BATU / Guava,major,0.0,0.0,0.0,0.0,0.0,statistik_tanaman_buah_2022.pdf,148,0.0
2022,Sabah,Beaufort,Beaufort,LANGSAT,LANGSAT,Langsat,LANGSAT / (Langsat),major,48.0,0.0,0.0,0.0,0.0,statistik_tanaman_buah_2022.pdf,149,0.0
2022,Sabah,Beaufort,Beaufort,LIMAU_BESAR,LIMAU BESAR,Pomelo,LIMAU BESAR / Pomelo,major,3.0,3.0,13.3,39.9,4.433333333333334,statistik_tanaman_buah_2022.pdf,149,4.54607833746713
2022,Sabah,Beaufort,Beaufort,LIMAU_MANIS,LIMAU MANIS,Sweet Orange,LIMAU MANIS / Sweet Orange,major,6.4,6.4,15.5,89.13,2.421875,statistik_tanaman_buah_2022.pdf,150,2.4607797692679774
2022,Sabah,Beaufort,Beaufort,MANGGA,MANGGA,Mango,MANGGA / Mango,major,33.6,15.2,25.4,289.56,1.6710526315789471,statistik_tanaman_buah_2022.pdf,150,1.819635854357031
2022,Sabah,Beaufort,Beaufort,MANGGIS,MANGGIS,Mangosteen,MANGGIS / Mangosteen,major,39.7,0.0,0.0,0.0,0.0,statistik_tanaman_buah_2022.pdf,151,0.0
2022,Sabah,Beaufort,Beaufort,MATA_NAGA,MATA NAGA/PITAYA,Dragon Fruit,MATA NAGA/PITAYA / Dragon Fruit,major,0.0,0.0,0.0,0.0,0.0,statistik_tanaman_buah_2022.pdf,151,0.0
2022,Sabah,Beaufort,Beaufort,NANAS,NANAS,Pineapple,NANAS / Pineapple,major,48.1,47.9,282.1,490.15,5.889352818371608,statistik_tanaman_buah_2022.pdf,152,6.296593648675497
2022,Sabah,Beaufort,Beaufort,NANGKA,NANGKA,Jackfruit,NANGKA / Jackfruit,major,8.0,8.0,28.6,51.48,3.575,statistik_tanaman_buah_2022.pdf,152,3.573595175085127
2022,Sabah,Beaufort,Beaufort,PISANG,PISANG,Banana,PISANG / Banana,major,57.8,50.8,740.1,1328.48,14.568897637795278,statistik_tanaman_buah_2022.pdf,153,14.984455179029784
2022,Sabah,Beaufort,Beaufort,PULASAN,PULASAN,Pulasan,PULASAN / (Pulasan),major,0.0,0.0,0.0,0.0,0.0,statistik_tanaman_buah_2022.pdf,153,0.0
2022,Sabah,Beaufort,Beaufort,RAMBUTAN,RAMBUTAN,Rambutan,RAMBUTAN / (Rambutan),major,100.2,14.8,45.5,134.98,3.074324324324324,statistik_tanaman_buah_2022.pdf,154,3.135771447726738
2022,Sabah,Beaufort,Beaufort,SALAK,SALAK,Salak,SALAK / (Salak),major,0.0,0.0,0.0,0.0,0.0,statistik_tanaman_buah_2022.pdf,154,0.0
2022,Sabah,Beaufort,Beaufort,TEMBIKAI,TEMBIKAI,Watermelon,TEMBIKAI / Water-melon,major,64.0,32.0,400.0,800.0,12.5,statistik_tanaman_buah_2022.pdf,155,12.641437863610212
2022,Sabah,Beluran,Beluran,BELIMBING,BELIMBING,Starfruit,BELIMBING / Starfruit,major,0.0,0.0,0.0,0.0,0.0,statistik_tanaman_buah_2022.pdf,145,0.0
2022,Sabah,Beluran,Beluran,BETIK,BETIK,Papaya,BETIK / Papaya,major,0.0,0.0,0.0,0.0,0.0,statistik_tanaman_buah_2022.pdf,145,0.0
2022,Sabah,Beluran,Beluran,CEMPEDAK,CEMPEDAK,Cempedak,CEMPEDAK / (Cempedak),major,29.5,10.0,14.0,39.55,1.4,statistik_tanaman_buah_2022.pdf,146,1.472661860260474
2022,Sabah,Beluran,Beluran,CIKU,CIKU,Ciku,CIKU / (Ciku),major,0.0,0.0,0.0,0.0,0.0,statistik_tanaman_buah_2022.pdf,146,0.0
2022,Sabah,Beluran,Beluran,DOKONG,DOKONG,Dokong,DOKONG / (Dokong),major,0.0,0.0,0.0,0.0,0.0,statistik_tanaman_buah_2022.pdf,147,0.0
2022,Sabah,Beluran,Beluran,DUKU,DUKU,Duku,DUKU / (Duku),major,2.0,0.0,0.0,0.0,0.0,statistik_tanaman_buah_2022.pdf,147,0.0
2022,Sabah,Beluran,Beluran,DURIAN,DURIAN,Durian,DURIAN / (Durian),major,56.4,4.0,20.0,408.2,5.0,statistik_tanaman_buah_2022.pdf,148,4.805350920826839
2022,Sabah,Beluran,Beluran,JAMBU_BATU,JAMBU BATU,Guava,JAMBU BATU / Guava,major,0.0,0.0,0.0,0.0,0.0,statistik_tanaman_buah_2022.pdf,148,0.0
2022,Sabah,Beluran,Beluran,LANGSAT,LANGSAT,Langsat,LANGSAT / (Langsat),major,40.0,15.0,60.0,210.0,4.0,statistik_tanaman_buah_2022.pdf,149,4.06407703607354
2022,Sabah,Beluran,Beluran,LIMAU_BESAR,LIMAU BESAR,Pomelo,LIMAU BESAR / Pomelo,major,0.8,0.0,0.0,0.0,0.0,statistik_tanaman_buah_2022.pdf,149,0.0
2022,Sabah,Beluran,Beluran,LIMAU_MANIS,LIMAU MANIS,Sweet Orange,LIMAU MANIS / Sweet Orange,major,1.3,0.2,0.7,4.03,3.5,statistik_tanaman_buah_2022.pdf,150,3.7907063492063497
2022,Sabah,Beluran,Beluran,MANGGA,MANGGA,Mango,MANGGA / Mango,major,67.2,18.2,28.1,320.34,1.543956043956044,statistik_tanaman_buah_2022.pdf,150,1.6197504357905392
2022,Sabah,Beluran,Beluran,MANGGIS,MANGGIS,Mangosteen,MANGGIS / Mangosteen,major,2.0,0.2,0.8,4.24,4.0,statistik_tanaman_buah_2022.pdf,151,4.071261904761903
2022,Sabah,Beluran,Beluran,MATA_NAGA,MATA NAGA/PITAYA,Dragon Fruit,MATA NAGA/PITAYA / Dragon Fruit,major,0.0,0.0,0.0,0.0,0.0,statistik_tanaman_buah_2022.pdf,151,0.0
2022,Sabah,Beluran,Beluran,NANAS,NANAS,Pineapple,NANAS / Pineapple,major,20.3,9.5,31.8,55.25,3.347368421052632,statistik_tanaman_buah_2022.pdf,152,3.4163825198272897
2022,Sabah,Beluran,Beluran,NANGKA,NANGKA,Jackfruit,NANGKA / Jackfruit,major,25.0,20.0,340.0,612.0,17.0,statistik_tanaman_buah_2022.pdf,152,16.840931846031456
2022,Sabah,Beluran,Beluran,PISANG,PISANG,Banana,PISANG / Banana,major,70.7,70.7,1200.0,2154.0,16.973125884016973,statistik_tanaman_buah_2022.pdf,153,16.782747771801265
2022,Sabah,Beluran,Beluran,PULASAN,PULASAN,Pulasan,PULASAN / (Pulasan),major,0.0,0.0,0.0,0.0,0.0,statistik_tanaman_buah_2022.pdf,153,0.0
2022,Sabah,Beluran,Beluran,RAMBUTAN,RAMBUTAN,Rambutan,RAMBUTAN / (Rambutan),major,70.6,50.0,380.0,1127.33,7.6,statistik_tanaman_buah_2022.pdf,154,7.693947220639909
2022,Sabah,Beluran,Beluran,SALAK,SALAK,Salak,SALAK / (Salak),major,0.0,0.0,0.0,0.0,0.0,statistik_tanaman_buah_2022.pdf,154,0.0
2022,Sabah,Beluran,Beluran,TEMBIKAI,TEMBIKAI,Watermelon,TEMBIKAI / Water-melon,major,4.0,4.0,60.0,120.0,15.0,statistik_tanaman_buah_2022.pdf,155,15.03628156087964
2022,Sabah,Keningau,Keningau,BELIMBING,BELIMBING,Starfruit,BELIMBING / Starfruit,major,2.4,0.0,0.0,0.0,0.0,statistik_tanaman_buah_2022.pdf,145,0.0
2022,Sabah,Keningau,Keningau,BETIK,BETIK,Papaya,BETIK / Papaya,major,63.4,53.4,892.7,1502.71,16.717228464419478,statistik_tanaman_buah_2022.pdf,145,17.25538200805258
2022,Sabah,Keningau,Keningau,CEMPEDAK,CEMPEDAK,Cempedak,CEMPEDAK / (Cempedak),major,6.0,0.0,0.0,0.0,0.0,statistik_tanaman_buah_2022.pdf,146,0.0
2022,Sabah,Keningau,Keningau,CIKU,CIKU,Ciku,CIKU / (Ciku),major,0.0,0.0,0.0,0.0,0.0,statistik_tanaman_buah_2022.pdf,146,0.0
2022,Sabah,Keningau,Keningau,DOKONG,DOKONG,Dokong,DOKONG / (Dokong),major,0.0,0.0,0.0,0.0,0.0,statistik_tanaman_buah_2022.pdf,147,0.0
2022,Sabah,Keningau,Keningau,DUKU,DUKU,Duku,DUKU / (Duku),major,7.0,0.0,0.0,0.0,0.0,statistik_tanaman_buah_2022.pdf,147,0.0
2022,Sabah,Keningau,Keningau,DURIAN,DURIAN,Durian,DURIAN / (Durian),major,1240.8,205.0,1646.0,33594.86,8.029268292682927,statistik_tanaman_buah_2022.pdf,148,7.885127241587159
2022,Sabah,Keningau,Keningau,JAMBU_BATU,JAMBU BATU,Guava,JAMBU BATU / Guava,major,3.2,3.2,61.9,165.58,19.34375,statistik_tanaman_buah_2022.pdf,148,18.83893702107279
2022,Sabah,Keningau,Keningau,LANGSAT,LANGSAT,Langsat,LANGSAT / (Langsat),major,3.2,0.0,0.0,0.0,0.0,statistik_tanaman_buah_2022.pdf,149,0.0
2022,Sabah,Keningau,Keningau,LIMAU_BESAR,LIMAU BESAR,Pomelo,LIMAU BESAR / Pomelo,major,0.0,0.0,0.0,0.0,0.0,statistik_tanaman_buah_2022.pdf,149,0.0
2022,Sabah,Keningau,Keningau,LIMAU_MANIS,LIMAU MANIS,Sweet Orange,LIMAU MANIS / Sweet Orange,major,0.0,0.0,0.0,0.0,0.0,statistik_tanaman_buah_2022.pdf,150,0.0
2022,Sabah,Keningau,Keningau,MANGGA,MANGGA,Mango,MANGGA / Mango,major,6.8,6.0,7.4,84.36,1.2333333333333334,statistik_tanaman_buah_2022.pdf,150,1.2832785987194177
2022,Sabah,Keningau,Keningau,MANGGIS,MANGGIS,Mangosteen,MANGGIS / Mangosteen,major,0.4,0.0,0.0,0.0,0.0,statistik_tanaman_buah_2022.pdf,151,0.0
2022,Sabah,Keningau,Keningau,MATA_NAGA,MATA NAGA/PITAYA,Dragon Fruit,MATA NAGA/PITAYA / Dragon Fruit,major,5.6,2.0,18.4,92.0,9.2,statistik_tanaman_buah_2022.pdf,151,8.726756975772751
2022,Sabah,Keningau,Keningau,NANAS,NANAS,Pineapple,NANAS / Pineapple,major,63.1,15.0,480.6,835.04,32.04,statistik_tanaman_buah_2022.pdf,152,28.004534252075537
2022,Sabah,Keningau,Keningau,NANGKA,NANGKA,Jackfruit,NANGKA / Jackfruit,major,3.0,0.0,0.0,0.0,0.0,statistik_tanaman_buah_2022.pdf,152,0.0
2022,Sabah,Keningau,Keningau,PISANG,PISANG,Banana,PISANG / Banana,major,136.6,68.4,1443.6,2591.26,21.105263157894733,statistik_tanaman_buah_2022.pdf,153,19.707876596769367
2022,Sabah,Keningau,Keningau,PULASAN,PULASAN,Pulasan,PULASAN / (Pulasan),major,0.0,0.0,0.0,0.0,0.0,statistik_tanaman_buah_2022.pdf,153,0.0
2022,Sabah,Keningau,Keningau,RAMBUTAN,RAMBUTAN,Rambutan,RAMBUTAN / (Rambutan),major,19.2,0.0,0.0,0.0,0.0,statistik_tanaman_buah_2022.pdf,154,0.0
2022,Sabah,Keningau,Keningau,SALAK,SALAK,Salak,SALAK / (Salak),major,0.0,0.0,0.0,0.0,0.0,statistik_tanaman_buah_2022.pdf,154,0.0
2022,Sabah,Keningau,Keningau,TEMBIKAI,TEMBIKAI,Watermelon,TEMBIKAI / Water-melon,major,5.0,5.0,82.6,165.2,16.52,statistik_tanaman_buah_2022.pdf,155,16.51745425324918
2022,Sabah,Kinabatangan,Kinabatangan,BELIMBING,BELIMBING,Starfruit,BELIMBING / Starfruit,major,0.0,0.0,0.0,0.0,0.0,statistik_tanaman_buah_2022.pdf,145,0.0
2022,Sabah,Kinabatangan,Kinabatangan,BETIK,BETIK,Papaya,BETIK / Papaya,major,0.0,0.0,0.0,0.0,0.0,statistik_tanaman_buah_2022.pdf,145,0.0
2022,Sabah,Kinabatangan,Kinabatangan,CEMPEDAK,CEMPEDAK,Cempedak,CEMPEDAK / (Cempedak),major,1.5,1.5,8.0,22.6,5.333333333333333,statistik_tanaman_buah_2022.pdf,146,5.417583361083345
2022,Sabah,Kinabatangan,Kinabatangan,CIKU,CIKU,Ciku,CIKU / (Ciku),major,0.0,0.0,0.0,0.0,0.0,statistik_tanaman_buah_2022.pdf,146,0.0
2022,Sabah,Kinabatangan,Kinabatangan,DOKONG,DOKONG,Dokong,DOKONG / (Dokong),major,0.0,0.0,0.0,0.0,0.0,statistik_tanaman_buah_2022.pdf,147,0.0
2022,Sabah,Kinabatangan,Kinabatangan,DUKU,DUKU,Duku,DUKU / (Duku),major,4.4,0.0,0.0,0.0,0.0,statistik_tanaman_buah_2022.pdf,147,0.0
2022,Sabah,Kinabatangan,Kinabatangan,DURIAN,DURIAN,Durian,DURIAN / (Durian),major,147.5,10.0,22.0,449.02,2.2,statistik_tanaman_buah_2022.pdf,148,2.271373283183432
2022,Sabah,Kinabatangan,Kinabatangan,JAMBU_BATU,JAMBU BATU,Guava,JAMBU BATU / Guava,major,0.0,0.0,0.0,0.0,0.0,statistik_tanaman_buah_2022.pdf,148,0.0
2022,Sabah,Kinabatangan,Kinabatangan,LANGSAT,LANGSAT,Langsat,LANGSAT / (Langsat),major,8.4,0.0,0.0,0.0,0.0,statistik_tanaman_buah_2022.pdf,149,0.0
2022,Sabah,Kinabatangan,Kinabatangan,LIMAU_BESAR,LIMAU BESAR,Pomelo,LIMAU BESAR / Pomelo,major,0.0,0.0,0.0,0.0,0.0,statistik_tanaman_buah_2022.pdf,149,0.0
2022,Sabah,Kinabatangan,Kinabatangan,LIMAU_MANIS,LIMAU MANIS,Sweet Orange,LIMAU MANIS / Sweet Orange,major,0.0,0.0,0.0,0.0,0.0,statistik_tanaman_buah_2022.pdf,150,0.0
2022,Sabah,Kinabatangan,Kinabatangan,MANGGA,MANGGA,Mango,MANGGA / Mango,major,5.8,2.5,5.0,57.0,2.0,statistik_tanaman_buah_2022.pdf,150,1.9569524058546994
2022,Sabah,Kinabatangan,Kinabatangan,MANGGIS,MANGGIS,Mangosteen,MANGGIS / Mangosteen,major,0.0,0.0,0.0,0.0,0.0,statistik_tanaman_buah_2022.pdf,151,0.0
2022,Sabah,Kinabatangan,Kinabatangan,MATA_NAGA,MATA NAGA/PITAYA,Dragon Fruit,MATA NAGA/PITAYA / Dragon Fruit,major,0.0,0.0,0.0,0.0,0.0,statistik_tanaman_buah_2022.pdf,151,0.0
2022,Sabah,Kinabatangan,Kinabatangan,NANAS,NANAS,Pineapple,NANAS / Pineapple,major,3.0,0.5,0.2,0.35,0.4,statistik_tanaman_buah_2022.pdf,152,0.4694444444444468
2022,Sabah,Kinabatangan,Kinabatangan,NANGKA,NANGKA,Jackfruit,NANGKA / Jackfruit,major,63.4,50.6,67.5,121.5,1.33399209486166,statistik_tanaman_buah_2022.pdf,152,1.4529684863652117
2022,Sabah,Kinabatangan,Kinabatangan,PISANG,PISANG,Banana,PISANG / Banana,major,38.0,31.0,700.0,1256.5,22.580645161290324,statistik_tanaman_buah_2022.pdf,153,21.645336229680535
2022,Sabah,Kinabatangan,Kinabatangan,PULASAN,PULASAN,Pulasan,PULASAN / (Pulasan),major,0.0,0.0,0.0,0.0,0.0,statistik_tanaman_buah_2022.pdf,153,0.0
2022,Sabah,Kinabatangan,Kinabatangan,RAMBUTAN,RAMBUTAN,Rambutan,RAMBUTAN / (Rambutan),major,28.4,3.0,9.0,26.7,3.0,statistik_tanaman_buah_2022.pdf,154,3.0940262901535753
2022,Sabah,Kinabatangan,Kinabatangan,SALAK,SALAK,Salak,SALAK / (Salak),major,0.0,0.0,0.0,0.0,0.0,statistik_tanaman_buah_2022.pdf,154,0.0
2022,Sabah,Kinabatangan,Kinabatangan,TEMBIKAI,TEMBIKAI,Watermelon,TEMBIKAI / Water-melon,major,0.0,0.0,0.0,0.0,0.0,statistik_tanaman_buah_2022.pdf,155,0.0
2022,Sabah,Kota Belud,Kota Belud,BELIMBING,BELIMBING,Starfruit,BELIMBING / Starfruit,major,5.8,1.4,9.5,25.18,6.785714285714287,statistik_tanaman_buah_2022.pdf,145,6.631365979451103
2022,Sabah,Kota Belud,Kota Belud,BETIK,BETIK,Papaya,BETIK / Papaya,major,9.5,9.2,139.4,234.66,15.15217391304348,statistik_tanaman_buah_2022.pdf,145,15.594945315567001
2022,Sabah,Kota Belud,Kota Belud,CEMPEDAK,CEMPEDAK,Cempedak,CEMPEDAK / (Cempedak),major,124.0,7.2,46.1,130.23,6.402777777777778,statistik_tanaman_buah_2022.pdf,146,6.389961290863466
2022,Sabah,Kota Belud,Kota Belud,CIKU,CIKU,Ciku,CIKU / (Ciku),major,2.5,2.5,17.8,56.07,7.12,statistik_tanaman_buah_2022.pdf,146,7.139809018758983
2022,Sabah,Kota Belud,Kota Belud,DOKONG,DOKONG,Dokong,DOKONG / (Dokong),major,0.5,0.5,0.7,2.21,1.4,statistik_tanaman_buah_2022.pdf,147,1.5234444444444397
2022,Sabah,Kota Belud,Kota Belud,DUKU,DUKU,Duku,DUKU / (Duku),major,1.0,1.0,3.0,10.5,3.0,statistik_tanaman_buah_2022.pdf,147,3.0056468253968256
2022,Sabah,Kota Belud,Kota Belud,DURIAN,DURIAN,Durian,DURIAN / (Durian),major,289.0,108.0,831.0,16960.71,7.694444444444445,statistik_tanaman_buah_2022.pdf,148,7.67604851242783
2022,Sabah,Kota Belud,Kota Belud,JAMBU_BATU,JAMBU BATU,Guava,JAMBU BATU / Guava,major,1.8,1.8,6.6,17.66,3.6666666666666665,statistik_tanaman_buah_2022.pdf,148,3.7105168581561725
2022,Sabah,Kota Belud,Kota Belud,LANGSAT,LANGSAT,Langsat,LANGSAT / (Langsat),major,113.0,1.5,6.9,24.15,4.6000000000000005,statistik_tanaman_buah_2022.pdf,149,4.845356508415324
2022,Sabah,Kota Belud,Kota Belud,LIMAU_BESAR,LIMAU BESAR,Pomelo,LIMAU BESAR / Pomelo,major,2.9,2.9,23.0,69.0,7.931034482758621,statistik_tanaman_buah_2022.pdf,149,7.954292604854302
2022,Sabah,Kota Belud,Kota Belud,LIMAU_MANIS,LIMAU MANIS,Sweet Orange,LIMAU MANIS / Sweet Orange,major,0.0,0.0,0.0,0.0,0.0,statistik_tanaman_buah_2022.pdf,150,0.0
2022,Sabah,Kota Belud,Kota Belud,MANGGA,MANGGA,Mango,MANGGA / Mango,major,159.2,157.1,647.6,7382.64,4.122215149586251,statistik_tanaman_buah_2022.pdf,150,4.509698653762388
2022,Sabah,Kota Belud,Kota Belud,MANGGIS,MANGGIS,Mangosteen,MANGGIS / Mangosteen,major,10.1,6.0,28.8,152.64,4.8,statistik_tanaman_buah_2022.pdf,151,4.7917427974567595
2022,Sabah,Kota Belud,Kota Belud,MATA_NAGA,MATA NAGA/PITAYA,Dragon Fruit,MATA NAGA/PITAYA / Dragon Fruit,major,5.4,4.4,24.2,121.0,5.499999999999999,statistik_tanaman_buah_2022.pdf,151,5.498292602596407
2022,Sabah,Kota Belud,Kota Belud,NANAS,NANAS,Pineapple,NANAS / Pineapple,major,227.3,156.4,1830.7,3180.84,11.705242966751918,statistik_tanaman_buah_2022.pdf,152,11.782422625170888
2022,Sabah,Kota Belud,Kota Belud,NANGKA,NANGKA,Jackfruit,NANGKA / Jackfruit,major,47.0,22.2,316.4,569.52,14.252252252252251,statistik_tanaman_buah_2022.pdf,152,14.175640406165893
2022,Sabah,Kota Belud,Kota Belud,PISANG,PISANG,Banana,PISANG / Banana,major,730.2,685.8,9626.2,17279.03,14.03645377661126,statistik_tanaman_buah_2022.pdf,153,14.675067932412682
2022,Sabah,Kota Belud,Kota Belud,PULASAN,PULASAN,Pulasan,PULASAN / (Pulasan),major,0.0,0.0,0.0,0.0,0.0,statistik_tanaman_buah_2022.pdf,153,0.0
2022,Sabah,Kota Belud,Kota Belud,RAMBUTAN,RAMBUTAN,Rambutan,RAMBUTAN / (Rambutan),major,140.5,72.6,614.5,1823.02,8.464187327823693,statistik_tanaman_buah_2022.pdf,154,8.21361532958264
2022,Sabah,Kota Belud,Kota Belud,SALAK,SALAK,Salak,SALAK / (Salak),major,0.0,0.0,0.0,0.0,0.0,statistik_tanaman_buah_2022.pdf,154,0.0
2022,Sabah,Kota Belud,Kota Belud,TEMBIKAI,TEMBIKAI,Watermelon,TEMBIKAI / Water-melon,major,6.5,4.5,49.5,99.0,11.0,statistik_tanaman_buah_2022.pdf,155,11.753035302462386
2022,Sabah,Kota Kinabalu,Kota Kinabalu,BELIMBING,BELIMBING,Starfruit,BELIMBING / Starfruit,major,0.0,0.0,0.0,0.0,0.0,statistik_tanaman_buah_2022.pdf,145,0.0
2022,Sabah,Kota Kinabalu,Kota Kinabalu,BETIK,BETIK,Papaya,BETIK / Papaya,major,0.0,0.0,0.0,0.0,0.0,statistik_tanaman_buah_2022.pdf,145,0.0
2022,Sabah,Kota Kinabalu,Kota Kinabalu,CEMPEDAK,CEMPEDAK,Cempedak,CEMPEDAK / (Cempedak),major,3.1,2.0,4.0,11.3,2.0,statistik_tanaman_buah_2022.pdf,146,2.025814325521223
2022,Sabah,Kota Kinabalu,Kota Kinabalu,CIKU,CIKU,Ciku,CIKU / (Ciku),major,0.0,0.0,0.0,0.0,0.0,statistik_tanaman_buah_2022.pdf,146,0.0
2022,Sabah,Kota Kinabalu,Kota Kinabalu,DOKONG,DOKONG,Dokong,DOKONG / (Dokong),major,0.0,0.0,0.0,0.0,0.0,statistik_tanaman_buah_2022.pdf,147,0.0
2022,Sabah,Kota Kinabalu,Kota Kinabalu,DUKU,DUKU,Duku,DUKU / (Duku),major,1.7,0.0,0.0,0.0,0.0,statistik_tanaman_buah_2022.pdf,147,0.0
2022,Sabah,Kota Kinabalu,Kota Kinabalu,DURIAN,DURIAN,Durian,DURIAN / (Durian),major,70.1,0.0,0.0,0.0,0.0,statistik_tanaman_buah_2022.pdf,148,0.0
2022,Sabah,Kota Kinabalu,Kota Kinabalu,JAMBU_BATU,JAMBU BATU,Guava,JAMBU BATU / Guava,major,0.0,0.0,0.0,0.0,0.0,statistik_tanaman_buah_2022.pdf,148,0.0
2022,Sabah,Kota Kinabalu,Kota Kinabalu,LANGSAT,LANGSAT,Langsat,LANGSAT / (Langsat),major,12.6,0.0,0.0,0.0,0.0,statistik_tanaman_buah_2022.pdf,149,0.0
2022,Sabah,Kota Kinabalu,Kota Kinabalu,LIMAU_BESAR,LIMAU BESAR,Pomelo,LIMAU BESAR / Pomelo,major,0.0,0.0,0.0,0.0,0.0,statistik_tanaman_buah_2022.pdf,149,0.0
2022,Sabah,Kota Kinabalu,Kota Kinabalu,LIMAU_MANIS,LIMAU MANIS,Sweet Orange,LIMAU MANIS / Sweet Orange,major,0.0,0.0,0.0,0.0,0.0,statistik_tanaman_buah_2022.pdf,150,0.0
2022,Sabah,Kota Kinabalu,Kota Kinabalu,MANGGA,MANGGA,Mango,MANGGA / Mango,major,0.3,0.3,1.2,13.68,4.0,statistik_tanaman_buah_2022.pdf,150,3.7948888888888903
2022,Sabah,Kota Kinabalu,Kota Kinabalu,MANGGIS,MANGGIS,Mangosteen,MANGGIS / Mangosteen,major,6.5,0.0,0.0,0.0,0.0,statistik_tanaman_buah_2022.pdf,151,0.0
2022,Sabah,Kota Kinabalu,Kota Kinabalu,MATA_NAGA,MATA NAGA/PITAYA,Dragon Fruit,MATA NAGA/PITAYA / Dragon Fruit,major,0.1,0.1,0.8,4.0,8.0,statistik_tanaman_buah_2022.pdf,151,7.666666666666667
2022,Sabah,Kota Kinabalu,Kota Kinabalu,NANAS,NANAS,Pineapple,NANAS / Pineapple,major,16.1,2.7,27.7,48.13,10.259259259259258,statistik_tanaman_buah_2022.pdf,152,9.378959007000502
2022,Sabah,Kota Kinabalu,Kota Kinabalu,NANGKA,NANGKA,Jackfruit,NANGKA / Jackfruit,major,1.5,1.0,10.5,18.9,10.5,statistik_tanaman_buah_2022.pdf,152,10.406166666666667
2022,Sabah,Kota Kinabalu,Kota Kinabalu,PISANG,PISANG,Banana,PISANG / Banana,major,0.0,0.0,0.0,0.0,0.0,statistik_tanaman_buah_2022.pdf,153,0.0
2022,Sabah,Kota Kinabalu,Kota Kinabalu,PULASAN,PULASAN,Pulasan,PULASAN / (Pulasan),major,0.0,0.0,0.0,0.0,0.0,statistik_tanaman_buah_2022.pdf,153,0.0
2022,Sabah,Kota Kinabalu,Kota Kinabalu,RAMBUTAN,RAMBUTAN,Rambutan,RAMBUTAN / (Rambutan),major,6.5,0.0,0.0,0.0,0.0,statistik_tanaman_buah_2022.pdf,154,0.0
2022,Sabah,Kota Kinabalu,Kota Kinabalu,SALAK,SALAK,Salak,SALAK / (Salak),major,0.0,0.0,0.0,0.0,0.0,statistik_tanaman_buah_2022.pdf,154,0.0
2022,Sabah,Kota Kinabalu,Kota Kinabalu,TEMBIKAI,TEMBIKAI,Watermelon,TEMBIKAI / Water-melon,major,0.0,0.0,0.0,0.0,0.0,statistik_tanaman_buah_2022.pdf,155,0.0
2022,Sabah,Kota Marudu,Kota Marudu,BELIMBING,BELIMBING,Starfruit,BELIMBING / Starfruit,major,0.6,0.2,2.1,5.57,10.5,statistik_tanaman_buah_2022.pdf,145,10.818499999999998
2022,Sabah,Kota Marudu,Kota Marudu,BETIK,BETIK,Papaya,BETIK / Papaya,major,1.3,1.0,9.7,16.33,9.7,statistik_tanaman_buah_2022.pdf,145,10.4494652871495
2022,Sabah,Kota Marudu,Kota Marudu,CEMPEDAK,CEMPEDAK,Cempedak,CEMPEDAK / (Cempedak),major,12.4,0.4,0.8,2.26,2.0,statistik_tanaman_buah_2022.pdf,146,2.118777777777778
2022,Sabah,Kota Marudu,Kota Marudu,CIKU,CIKU,Ciku,CIKU / (Ciku),major,0.4,0.0,0.0,0.0,0.0,statistik_tanaman_buah_2022.pdf,146,0.0
2022,Sabah,Kota Marudu,Kota Marudu,DOKONG,DOKONG,Dokong,DOKONG / (Dokong),major,0.0,0.0,0.0,0.0,0.0,statistik_tanaman_buah_2022.pdf,147,0.0
2022,Sabah,Kota Marudu,Kota Marudu,DUKU,DUKU,Duku,DUKU / (Duku),major,5.0,0.0,0.0,0.0,0.0,statistik_tanaman_buah_2022.pdf,147,0.0
2022,Sabah,Kota Marudu,Kota Marudu,DURIAN,DURIAN,Durian,DURIAN / (Durian),major,109.5,5.0,14.6,297.99,2.92,statistik_tanaman_buah_2022.pdf,148,2.9970390671584197
2022,Sabah,Kota Marudu,Kota Marudu,JAMBU_BATU,JAMBU BATU,Guava,JAMBU BATU / Guava,major,0.0,0.0,0.0,0.0,0.0,statistik_tanaman_buah_2022.pdf,148,0.0
2022,Sabah,Kota Marudu,Kota Marudu,LANGSAT,LANGSAT,Langsat,LANGSAT / (Langsat),major,24.2,0.0,0.0,0.0,0.0,statistik_tanaman_buah_2022.pdf,149,0.0
2022,Sabah,Kota Marudu,Kota Marudu,LIMAU_BESAR,LIMAU BESAR,Pomelo,LIMAU BESAR / Pomelo,major,2.2,0.4,4.3,12.9,10.749999999999998,statistik_tanaman_buah_2022.pdf,149,10.012111111111118
2022,Sabah,Kota Marudu,Kota Marudu,LIMAU_MANIS,LIMAU MANIS,Sweet Orange,LIMAU MANIS / Sweet Orange,major,2.7,0.0,0.0,0.0,0.0,statistik_tanaman_buah_2022.pdf,150,0.0
2022,Sabah,Kota Marudu,Kota Marudu,MANGGA,MANGGA,Mango,MANGGA / Mango,major,15.7,10.0,17.4,198.36,1.7399999999999998,statistik_tanaman_buah_2022.pdf,150,1.7708211394114506
2022,Sabah,Kota Marudu,Kota Marudu,MANGGIS,MANGGIS,Mangosteen,MANGGIS / Mangosteen,major,8.2,0.0,0.0,0.0,0.0,statistik_tanaman_buah_2022.pdf,151,0.0
2022,Sabah,Kota Marudu,Kota Marudu,MATA_NAGA,MATA NAGA/PITAYA,Dragon Fruit,MATA NAGA/PITAYA / Dragon Fruit,major,0.0,0.0,0.0,0.0,0.0,statistik_tanaman_buah_2022.pdf,151,0.0
2022,Sabah,Kota Marudu,Kota Marudu,NANAS,NANAS,Pineapple,NANAS / Pineapple,major,5.5,3.0,38.1,66.2,12.7,statistik_tanaman_buah_2022.pdf,152,12.839144277376834
2022,Sabah,Kota Marudu,Kota Marudu,NANGKA,NANGKA,Jackfruit,NANGKA / Jackfruit,major,13.0,0.0,0.0,0.0,0.0,statistik_tanaman_buah_2022.pdf,152,0.0
2022,Sabah,Kota Marudu,Kota Marudu,PISANG,PISANG,Banana,PISANG / Banana,major,388.1,325.8,2658.0,4771.11,8.158379373848987,statistik_tanaman_buah_2022.pdf,153,9.466200758402778
2022,Sabah,Kota Marudu,Kota Marudu,PULASAN,PULASAN,Pulasan,PULASAN / (Pulasan),major,0.0,0.0,0.0,0.0,0.0,statistik_tanaman_buah_2022.pdf,153,0.0
2022,Sabah,Kota Marudu,Kota Marudu,RAMBUTAN,RAMBUTAN,Rambutan,RAMBUTAN / (Rambutan),major,21.7,1.0,8.7,25.81,8.7,statistik_tanaman_buah_2022.pdf,154,8.439581215081214
2022,Sabah,Kota Marudu,Kota Marudu,SALAK,SALAK,Salak,SALAK / (Salak),major,0.0,0.0,0.0,0.0,0.0,statistik_tanaman_buah_2022.pdf,154,0.0
2022,Sabah,Kota Marudu,Kota Marudu,TEMBIKAI,TEMBIKAI,Watermelon,TEMBIKAI / Water-melon,major,2.8,2.8,12.5,25.0,4.464285714285714,statistik_tanaman_buah_2022.pdf,155,4.87717862067858
2022,Sabah,Kuala Penyu,Kuala Penyu,BELIMBING,BELIMBING,Starfruit,BELIMBING / Starfruit,major,0.0,0.0,0.0,0.0,0.0,statistik_tanaman_buah_2022.pdf,145,0.0
2022,Sabah,Kuala Penyu,Kuala Penyu,BETIK,BETIK,Papaya,BETIK / Papaya,major,0.0,0.0,0.0,0.0,0.0,statistik_tanaman_buah_2022.pdf,145,0.0
2022,Sabah,Kuala Penyu,Kuala Penyu,CEMPEDAK,CEMPEDAK,Cempedak,CEMPEDAK / (Cempedak),major,4.5,0.6,1.2,3.39,2.0,statistik_tanaman_buah_2022.pdf,146,2.0208095238095236
2022,Sabah,Kuala Penyu,Kuala Penyu,CIKU,CIKU,Ciku,CIKU / (Ciku),major,0.0,0.0,0.0,0.0,0.0,statistik_tanaman_buah_2022.pdf,146,0.0
2022,Sabah,Kuala Penyu,Kuala Penyu,DOKONG,DOKONG,Dokong,DOKONG / (Dokong),major,0.0,0.0,0.0,0.0,0.0,statistik_tanaman_buah_2022.pdf,147,0.0
2022,Sabah,Kuala Penyu,Kuala Penyu,DUKU,DUKU,Duku,DUKU / (Duku),major,0.0,0.0,0.0,0.0,0.0,statistik_tanaman_buah_2022.pdf,147,0.0
2022,Sabah,Kuala Penyu,Kuala Penyu,DURIAN,DURIAN,Durian,DURIAN / (Durian),major,60.5,0.0,0.0,0.0,0.0,statistik_tanaman_buah_2022.pdf,148,0.0
2022,Sabah,Kuala Penyu,Kuala Penyu,JAMBU_BATU,JAMBU BATU,Guava,JAMBU BATU / Guava,major,0.0,0.0,0.0,0.0,0.0,statistik_tanaman_buah_2022.pdf,148,0.0
2022,Sabah,Kuala Penyu,Kuala Penyu,LANGSAT,LANGSAT,Langsat,LANGSAT / (Langsat),major,0.0,0.0,0.0,0.0,0.0,statistik_tanaman_buah_2022.pdf,149,0.0
2022,Sabah,Kuala Penyu,Kuala Penyu,LIMAU_BESAR,LIMAU BESAR,Pomelo,LIMAU BESAR / Pomelo,major,0.0,0.0,0.0,0.0,0.0,statistik_tanaman_buah_2022.pdf,149,0.0
2022,Sabah,Kuala Penyu,Kuala Penyu,LIMAU_MANIS,LIMAU MANIS,Sweet Orange,LIMAU MANIS / Sweet Orange,major,0.0,0.0,0.0,0.0,0.0,statistik_tanaman_buah_2022.pdf,150,0.0
2022,Sabah,Kuala Penyu,Kuala Penyu,MANGGA,MANGGA,Mango,MANGGA / Mango,major,151.3,6.5,24.7,281.58,3.8,statistik_tanaman_buah_2022.pdf,150,3.866280477365314
2022,Sabah,Kuala Penyu,Kuala Penyu,MANGGIS,MANGGIS,Mangosteen,MANGGIS / Mangosteen,major,0.0,0.0,0.0,0.0,0.0,statistik_tanaman_buah_2022.pdf,151,0.0
2022,Sabah,Kuala Penyu,Kuala Penyu,MATA_NAGA,MATA NAGA/PITAYA,Dragon Fruit,MATA NAGA/PITAYA / Dragon Fruit,major,0.0,0.0,0.0,0.0,0.0,statistik_tanaman_buah_2022.pdf,151,0.0
2022,Sabah,Kuala Penyu,Kuala Penyu,NANAS,NANAS,Pineapple,NANAS / Pineapple,major,0.0,0.0,0.0,0.0,0.0,statistik_tanaman_buah_2022.pdf,152,0.0
2022,Sabah,Kuala Penyu,Kuala Penyu,NANGKA,NANGKA,Jackfruit,NANGKA / Jackfruit,major,0.0,0.0,0.0,0.0,0.0,statistik_tanaman_buah_2022.pdf,152,0.0
2022,Sabah,Kuala Penyu,Kuala Penyu,PISANG,PISANG,Banana,PISANG / Banana,major,46.1,33.4,465.1,834.85,13.925149700598803,statistik_tanaman_buah_2022.pdf,153,13.96729302223415
2022,Sabah,Kuala Penyu,Kuala Penyu,PULASAN,PULASAN,Pulasan,PULASAN / (Pulasan),major,0.0,0.0,0.0,0.0,0.0,statistik_tanaman_buah_2022.pdf,153,0.0
2022,Sabah,Kuala Penyu,Kuala Penyu,RAMBUTAN,RAMBUTAN,Rambutan,RAMBUTAN / (Rambutan),major,9.0,0.0,0.0,0.0,0.0,statistik_tanaman_buah_2022.pdf,154,0.0
2022,Sabah,Kuala Penyu,Kuala Penyu,SALAK,SALAK,Salak,SALAK / (Salak),major,0.0,0.0,0.0,0.0,0.0,statistik_tanaman_buah_2022.pdf,154,0.0
2022,Sabah,Kuala Penyu,Kuala Penyu,TEMBIKAI,TEMBIKAI,Watermelon,TEMBIKAI / Water-melon,major,4.0,4.0,22.1,44.2,5.525,statistik_tanaman_buah_2022.pdf,155,6.22243025690822
2022,Sabah,Kudat,Kudat,BELIMBING,BELIMBING,Starfruit,BELIMBING / Starfruit,major,1.0,0.8,2.3,6.1,2.875,statistik_tanaman_buah_2022.pdf,145,2.924757936507936
2022,Sabah,Kudat,Kudat,BETIK,BETIK,Papaya,BETIK / Papaya,major,2.5,2.5,2.6,4.38,1.04,statistik_tanaman_buah_2022.pdf,145,1.0239963374521892
2022,Sabah,Kudat,Kudat,CEMPEDAK,CEMPEDAK,Cempedak,CEMPEDAK / (Cempedak),major,4.8,4.4,14.5,40.96,3.295454545454545,statistik_tanaman_buah_2022.pdf,146,3.2872967790877263
2022,Sabah,Kudat,Kudat,CIKU,CIKU,Ciku,CIKU / (Ciku),major,0.1,0.1,0.7,2.21,6.999999999999999,statistik_tanaman_buah_2022.pdf,146,6.709999999999999
2022,Sabah,Kudat,Kudat,DOKONG,DOKONG,Dokong,DOKONG / (Dokong),major,0.0,0.0,0.0,0.0,0.0,statistik_tanaman_buah_2022.pdf,147,0.0
2022,Sabah,Kudat,Kudat,DUKU,DUKU,Duku,DUKU / (Duku),major,0.0,0.0,0.0,0.0,0.0,statistik_tanaman_buah_2022.pdf,147,0.0
2022,Sabah,Kudat,Kudat,DURIAN,DURIAN,Durian,DURIAN / (Durian),major,9.1,5.0,7.5,153.08,1.5,statistik_tanaman_buah_2022.pdf,148,1.469392700763289
2022,Sabah,Kudat,Kudat,JAMBU_BATU,JAMBU BATU,Guava,JAMBU BATU / Guava,major,0.9,0.9,2.0,5.35,2.2222222222222223,statistik_tanaman_buah_2022.pdf,148,2.809855820105818
2022,Sabah,Kudat,Kudat,LANGSAT,LANGSAT,Langsat,LANGSAT / (Langsat),major,0.3,0.0,0.0,0.0,0.0,statistik_tanaman_buah_2022.pdf,149,0.0
2022,Sabah,Kudat,Kudat,LIMAU_BESAR,LIMAU BESAR,Pomelo,LIMAU BESAR / Pomelo,major,0.2,0.2,0.8,2.4,4.0,statistik_tanaman_buah_2022.pdf,149,4.135555555555555
2022,Sabah,Kudat,Kudat,LIMAU_MANIS,LIMAU MANIS,Sweet Orange,LIMAU MANIS / Sweet Orange,major,0.0,0.0,0.0,0.0,0.0,statistik_tanaman_buah_2022.pdf,150,0.0
2022,Sabah,Kudat,Kudat,MANGGA,MANGGA,Mango,MANGGA / Mango,major,46.9,17.4,61.9,705.66,3.557471264367816,statistik_tanaman_buah_2022.pdf,150,3.5396318749129305
2022,Sabah,Kudat,Kudat,MANGGIS,MANGGIS,Mangosteen,MANGGIS / Mangosteen,major,0.5,0.0,0.0,0.0,0.0,statistik_tanaman_buah_2022.pdf,151,0.0
2022,Sabah,Kudat,Kudat,MATA_NAGA,MATA NAGA/PITAYA,Dragon Fruit,MATA NAGA/PITAYA / Dragon Fruit,major,2.6,2.6,2.4,12.0,0.923076923076923,statistik_tanaman_buah_2022.pdf,151,0.9377351456134754
2022,Sabah,Kudat,Kudat,NANAS,NANAS,Pineapple,NANAS / Pineapple,major,6.7,3.8,11.2,19.46,2.9473684210526314,statistik_tanaman_buah_2022.pdf,152,3.0634784880492236
2022,Sabah,Kudat,Kudat,NANGKA,NANGKA,Jackfruit,NANGKA / Jackfruit,major,7.1,4.0,15.4,27.72,3.85,statistik_tanaman_buah_2022.pdf,152,3.788399962797579
2022,Sabah,Kudat,Kudat,PISANG,PISANG,Banana,PISANG / Banana,major,362.6,263.5,3312.2,5945.4,12.570018975332069,statistik_tanaman_buah_2022.pdf,153,12.882150935231655
2022,Sabah,Kudat,Kudat,PULASAN,PULASAN,Pulasan,PULASAN / (Pulasan),major,0.0,0.0,0.0,0.0,0.0,statistik_tanaman_buah_2022.pdf,153,0.0
2022,Sabah,Kudat,Kudat,RAMBUTAN,RAMBUTAN,Rambutan,RAMBUTAN / (Rambutan),major,8.7,3.0,22.5,66.75,7.5,statistik_tanaman_buah_2022.pdf,154,7.57397274541091
2022,Sabah,Kudat,Kudat,SALAK,SALAK,Salak,SALAK / (Salak),major,0.0,0.0,0.0,0.0,0.0,statistik_tanaman_buah_2022.pdf,154,0.0
2022,Sabah,Kudat,Kudat,TEMBIKAI,TEMBIKAI,Watermelon,TEMBIKAI / Water-melon,major,35.0,35.0,687.0,1374.0,19.62857142857143,statistik_tanaman_buah_2022.pdf,155,19.654298328657983
2022,Sabah,Kunak,Kunak,BELIMBING,BELIMBING,Starfruit,BELIMBING / Starfruit,major,0.0,0.0,0.0,0.0,0.0,statistik_tanaman_buah_2022.pdf,145,0.0
2022,Sabah,Kunak,Kunak,BETIK,BETIK,Papaya,BETIK / Papaya,major,4.4,2.9,10.5,17.68,3.6206896551724137,statistik_tanaman_buah_2022.pdf,145,3.9910139093452335
2022,Sabah,Kunak,Kunak,CEMPEDAK,CEMPEDAK,Cempedak,CEMPEDAK / (Cempedak),major,2.0,2.0,2.2,6.22,1.1,statistik_tanaman_buah_2022.pdf,146,1.1046760297207685
2022,Sabah,Kunak,Kunak,CIKU,CIKU,Ciku,CIKU / (Ciku),major,0.0,0.0,0.0,0.0,0.0,statistik_tanaman_buah_2022.pdf,146,0.0
2022,Sabah,Kunak,Kunak,DOKONG,DOKONG,Dokong,DOKONG / (Dokong),major,0.0,0.0,0.0,0.0,0.0,statistik_tanaman_buah_2022.pdf,147,0.0
2022,Sabah,Kunak,Kunak,DUKU,DUKU,Duku,DUKU / (Duku),major,0.0,0.0,0.0,0.0,0.0,statistik_tanaman_buah_2022.pdf,147,0.0
2022,Sabah,Kunak,Kunak,DURIAN,DURIAN,Durian,DURIAN / (Durian),major,68.2,4.5,3.0,61.23,0.6666666666666666,statistik_tanaman_buah_2022.pdf,148,0.7352815329521367
2022,Sabah,Kunak,Kunak,JAMBU_BATU,JAMBU BATU,Guava,JAMBU BATU / Guava,major,0.0,0.0,0.0,0.0,0.0,statistik_tanaman_buah_2022.pdf,148,0.0
2022,Sabah,Kunak,Kunak,LANGSAT,LANGSAT,Langsat,LANGSAT / (Langsat),major,5.0,0.0,0.0,0.0,0.0,statistik_tanaman_buah_2022.pdf,149,0.0
2022,Sabah,Kunak,Kunak,LIMAU_BESAR,LIMAU BESAR,Pomelo,LIMAU BESAR / Pomelo,major,0.0,0.0,0.0,0.0,0.0,statistik_tanaman_buah_2022.pdf,149,0.0
2022,Sabah,Kunak,Kunak,LIMAU_MANIS,LIMAU MANIS,Sweet Orange,LIMAU MANIS / Sweet Orange,major,0.0,0.0,0.0,0.0,0.0,statistik_tanaman_buah_2022.pdf,150,0.0
2022,Sabah,Kunak,Kunak,MANGGA,MANGGA,Mango,MANGGA / Mango,major,20.0,1.0,7.6,86.64,7.6,statistik_tanaman_buah_2022.pdf,150,7.573799348799321
2022,Sabah,Kunak,Kunak,MANGGIS,MANGGIS,Mangosteen,MANGGIS / Mangosteen,major,0.0,0.0,0.0,0.0,0.0,statistik_tanaman_buah_2022.pdf,151,0.0
2022,Sabah,Kunak,Kunak,MATA_NAGA,MATA NAGA/PITAYA,Dragon Fruit,MATA NAGA/PITAYA / Dragon Fruit,major,0.0,0.0,0.0,0.0,0.0,statistik_tanaman_buah_2022.pdf,151,0.0
2022,Sabah,Kunak,Kunak,NANAS,NANAS,Pineapple,NANAS / Pineapple,major,4.5,2.5,21.4,37.18,8.559999999999999,statistik_tanaman_buah_2022.pdf,152,8.430645732297519
2022,Sabah,Kunak,Kunak,NANGKA,NANGKA,Jackfruit,NANGKA / Jackfruit,major,14.0,0.0,0.0,0.0,0.0,statistik_tanaman_buah_2022.pdf,152,0.0
2022,Sabah,Kunak,Kunak,PISANG,PISANG,Banana,PISANG / Banana,major,52.0,48.0,1155.5,2074.12,24.072916666666668,statistik_tanaman_buah_2022.pdf,153,23.65876023035625
2022,Sabah,Kunak,Kunak,PULASAN,PULASAN,Pulasan,PULASAN / (Pulasan),major,0.0,0.0,0.0,0.0,0.0,statistik_tanaman_buah_2022.pdf,153,0.0
2022,Sabah,Kunak,Kunak,RAMBUTAN,RAMBUTAN,Rambutan,RAMBUTAN / (Rambutan),major,11.0,0.0,0.0,0.0,0.0,statistik_tanaman_buah_2022.pdf,154,0.0
2022,Sabah,Kunak,Kunak,SALAK,SALAK,Salak,SALAK / (Salak),major,2.0,2.0,44.4,124.32,22.2,statistik_tanaman_buah_2022.pdf,154,21.211145762283635
2022,Sabah,Kunak,Kunak,TEMBIKAI,TEMBIKAI,Watermelon,TEMBIKAI / Water-melon,major,0.0,0.0,0.0,0.0,0.0,statistik_tanaman_buah_2022.pdf,155,0.0
2022,Sabah,Lahad Datu,Lahad Datu,BELIMBING,BELIMBING,Starfruit,BELIMBING / Starfruit,major,1.0,0.9,4.8,12.72,5.333333333333333,statistik_tanaman_buah_2022.pdf,145,5.3473333333333235
2022,Sabah,Lahad Datu,Lahad Datu,BETIK,BETIK,Papaya,BETIK / Papaya,major,10.5,10.5,133.8,225.23,12.742857142857144,statistik_tanaman_buah_2022.pdf,145,12.828897804585516
2022,Sabah,Lahad Datu,Lahad Datu,CEMPEDAK,CEMPEDAK,Cempedak,CEMPEDAK / (Cempedak),major,15.0,9.8,94.1,265.83,9.602040816326529,statistik_tanaman_buah_2022.pdf,146,9.564279003138818
2022,Sabah,Lahad Datu,Lahad Datu,CIKU,CIKU,Ciku,CIKU / (Ciku),major,1.0,0.5,2.8,8.82,5.6,statistik_tanaman_buah_2022.pdf,146,5.825301587301575
2022,Sabah,Lahad Datu,Lahad Datu,DOKONG,DOKONG,Dokong,DOKONG / (Dokong),major,0.0,0.0,0.0,0.0,0.0,statistik_tanaman_buah_2022.pdf,147,0.0
2022,Sabah,Lahad Datu,Lahad Datu,DUKU,DUKU,Duku,DUKU / (Duku),major,21.0,16.8,81.3,284.55,4.8392857142857135,statistik_tanaman_buah_2022.pdf,147,4.893732372571315
2022,Sabah,Lahad Datu,Lahad Datu,DURIAN,DURIAN,Durian,DURIAN / (Durian),major,269.9,156.2,1451.6,29627.16,9.293213828425095,statistik_tanaman_buah_2022.pdf,148,8.995260805934338
2022,Sabah,Lahad Datu,Lahad Datu,JAMBU_BATU,JAMBU BATU,Guava,JAMBU BATU / Guava,major,15.0,15.0,109.0,291.58,7.266666666666667,statistik_tanaman_buah_2022.pdf,148,7.366688496764424
2022,Sabah,Lahad Datu,Lahad Datu,LANGSAT,LANGSAT,Langsat,LANGSAT / (Langsat),major,71.6,41.0,145.5,509.25,3.548780487804878,statistik_tanaman_buah_2022.pdf,149,3.601784870680833
2022,Sabah,Lahad Datu,Lahad Datu,LIMAU_BESAR,LIMAU BESAR,Pomelo,LIMAU BESAR / Pomelo,major,2.0,2.0,14.3,42.9,7.15,statistik_tanaman_buah_2022.pdf,149,7.194244706021743
2022,Sabah,Lahad Datu,Lahad Datu,LIMAU_MANIS,LIMAU MANIS,Sweet Orange,LIMAU MANIS / Sweet Orange,major,16.0,16.0,42.7,245.53,2.66875,statistik_tanaman_buah_2022.pdf,150,2.754382344516142
2022,Sabah,Lahad Datu,Lahad Datu,MANGGA,MANGGA,Mango,MANGGA / Mango,major,64.5,16.7,73.9,842.46,4.425149700598803,statistik_tanaman_buah_2022.pdf,150,4.250072574588959
2022,Sabah,Lahad Datu,Lahad Datu,MANGGIS,MANGGIS,Mangosteen,MANGGIS / Mangosteen,major,6.0,0.0,0.0,0.0,0.0,statistik_tanaman_buah_2022.pdf,151,0.0
2022,Sabah,Lahad Datu,Lahad Datu,MATA_NAGA,MATA NAGA/PITAYA,Dragon Fruit,MATA NAGA/PITAYA / Dragon Fruit,major,10.1,8.6,46.6,233.0,5.418604651162791,statistik_tanaman_buah_2022.pdf,151,5.4725838329452365
2022,Sabah,Lahad Datu,Lahad Datu,NANAS,NANAS,Pineapple,NANAS / Pineapple,major,6.2,0.2,1.1,1.91,5.5,statistik_tanaman_buah_2022.pdf,152,5.043722222222223
2022,Sabah,Lahad Datu,Lahad Datu,NANGKA,NANGKA,Jackfruit,NANGKA / Jackfruit,major,11.0,5.0,30.5,54.9,6.1,statistik_tanaman_buah_2022.pdf,152,6.031968636045974
2022,Sabah,Lahad Datu,Lahad Datu,PISANG,PISANG,Banana,PISANG / Banana,major,118.0,98.1,2017.9,3622.13,20.56982670744139,statistik_tanaman_buah_2022.pdf,153,20.046465496358895
2022,Sabah,Lahad Datu,Lahad Datu,PULASAN,PULASAN,Pulasan,PULASAN / (Pulasan),major,0.0,0.0,0.0,0.0,0.0,statistik_tanaman_buah_2022.pdf,153,0.0
2022,Sabah,Lahad Datu,Lahad Datu,RAMBUTAN,RAMBUTAN,Rambutan,RAMBUTAN / (Rambutan),major,84.0,63.0,134.3,398.42,2.131746031746032,statistik_tanaman_buah_2022.pdf,154,2.2194892748556576
2022,Sabah,Lahad Datu,Lahad Datu,SALAK,SALAK,Salak,SALAK / (Salak),major,2.0,2.0,9.9,27.72,4.95,statistik_tanaman_buah_2022.pdf,154,4.921674731953063
2022,Sabah,Lahad Datu,Lahad Datu,TEMBIKAI,TEMBIKAI,Watermelon,TEMBIKAI / Water-melon,major,9.0,9.0,192.8,385.6,21.422222222222224,statistik_tanaman_buah_2022.pdf,155,20.41633971803329
2022,Sabah,Matunggong,Matunggong,BELIMBING,BELIMBING,Starfruit,BELIMBING / Starfruit,major,0.0,0.0,0.0,0.0,0.0,statistik_tanaman_buah_2022.pdf,145,0.0
2022,Sabah,Matunggong,Matunggong,BETIK,BETIK,Papaya,BETIK / Papaya,major,0.0,0.0,0.0,0.0,0.0,statistik_tanaman_buah_2022.pdf,145,0.0
2022,Sabah,Matunggong,Matunggong,CEMPEDAK,CEMPEDAK,Cempedak,CEMPEDAK / (Cempedak),major,7.0,7.0,30.0,84.75,4.285714285714286,statistik_tanaman_buah_2022.pdf,146,4.279059310134314
2022,Sabah,Matunggong,Matunggong,CIKU,CIKU,Ciku,CIKU / (Ciku),major,0.0,0.0,0.0,0.0,0.0,statistik_tanaman_buah_2022.pdf,146,0.0
2022,Sabah,Matunggong,Matunggong,DOKONG,DOKONG,Dokong,DOKONG / (Dokong),major,0.0,0.0,0.0,0.0,0.0,statistik_tanaman_buah_2022.pdf,147,0.0
2022,Sabah,Matunggong,Matunggong,DUKU,DUKU,Duku,DUKU / (Duku),major,0.0,0.0,0.0,0.0,0.0,statistik_tanaman_buah_2022.pdf,147,0.0
2022,Sabah,Matunggong,Matunggong,DURIAN,DURIAN,Durian,DURIAN / (Durian),major,3.7,3.0,7.3,148.99,2.433333333333333,statistik_tanaman_buah_2022.pdf,148,2.470829906311429
2022,Sabah,Matunggong,Matunggong,JAMBU_BATU,JAMBU BATU,Guava,JAMBU BATU / Guava,major,0.0,0.0,0.0,0.0,0.0,statistik_tanaman_buah_2022.pdf,148,0.0
2022,Sabah,Matunggong,Matunggong,LANGSAT,LANGSAT,Langsat,LANGSAT / (Langsat),major,5.0,4.0,14.1,49.35,3.525,statistik_tanaman_buah_2022.pdf,149,3.3721285890688453
2022,Sabah,Matunggong,Matunggong,LIMAU_BESAR,LIMAU BESAR,Pomelo,LIMAU BESAR / Pomelo,major,6.0,6.0,18.0,54.0,3.0,statistik_tanaman_buah_2022.pdf,149,3.0146416995700323
2022,Sabah,Matunggong,Matunggong,LIMAU_MANIS,LIMAU MANIS,Sweet Orange,LIMAU MANIS / Sweet Orange,major,4.0,4.0,10.1,58.08,2.525,statistik_tanaman_buah_2022.pdf,150,2.5662718538376357
2022,Sabah,Matunggong,Matunggong,MANGGA,MANGGA,Mango,MANGGA / Mango,major,32.0,14.0,56.3,641.82,4.021428571428571,statistik_tanaman_buah_2022.pdf,150,4.016569965364026
2022,Sabah,Matunggong,Matunggong,MANGGIS,MANGGIS,Mangosteen,MANGGIS / Mangosteen,major,0.0,0.0,0.0,0.0,0.0,statistik_tanaman_buah_2022.pdf,151,0.0
2022,Sabah,Matunggong,Matunggong,MATA_NAGA,MATA NAGA/PITAYA,Dragon Fruit,MATA NAGA/PITAYA / Dragon Fruit,major,0.0,0.0,0.0,0.0,0.0,statistik_tanaman_buah_2022.pdf,151,0.0
2022,Sabah,Matunggong,Matunggong,NANAS,NANAS,Pineapple,NANAS / Pineapple,major,5.0,2.0,5.7,9.9,2.85,statistik_tanaman_buah_2022.pdf,152,2.8147264879370235
2022,Sabah,Matunggong,Matunggong,NANGKA,NANGKA,Jackfruit,NANGKA / Jackfruit,major,30.0,30.0,99.5,179.1,3.316666666666667,statistik_tanaman_buah_2022.pdf,152,3.428711812293519
2022,Sabah,Matunggong,Matunggong,PISANG,PISANG,Banana,PISANG / Banana,major,245.7,147.0,1837.5,3298.31,12.5,statistik_tanaman_buah_2022.pdf,153,12.413269466481774
2022,Sabah,Matunggong,Matunggong,PULASAN,PULASAN,Pulasan,PULASAN / (Pulasan),major,0.0,0.0,0.0,0.0,0.0,statistik_tanaman_buah_2022.pdf,153,0.0
2022,Sabah,Matunggong,Matunggong,RAMBUTAN,RAMBUTAN,Rambutan,RAMBUTAN / (Rambutan),major,9.0,0.0,0.0,0.0,0.0,statistik_tanaman_buah_2022.pdf,154,0.0
2022,Sabah,Matunggong,Matunggong,SALAK,SALAK,Salak,SALAK / (Salak),major,0.0,0.0,0.0,0.0,0.0,statistik_tanaman_buah_2022.pdf,154,0.0
2022,Sabah,Matunggong,Matunggong,TEMBIKAI,TEMBIKAI,Watermelon,TEMBIKAI / Water-melon,major,24.0,24.0,549.0,1098.0,22.875,statistik_tanaman_buah_2022.pdf,155,21.684252395157035
2022,Sabah,Nabawan/Pensiangan,Nabawan,BELIMBING,BELIMBING,Starfruit,BELIMBING / Starfruit,major,0.0,0.0,0.0,0.0,0.0,statistik_tanaman_buah_2022.pdf,145,0.0
2022,Sabah,Nabawan/Pensiangan,Nabawan,BETIK,BETIK,Papaya,BETIK / Papaya,major,0.0,0.0,0.0,0.0,0.0,statistik_tanaman_buah_2022.pdf,145,0.0
2022,Sabah,Nabawan/Pensiangan,Nabawan,CEMPEDAK,CEMPEDAK,Cempedak,CEMPEDAK / (Cempedak),major,11.7,0.0,0.0,0.0,0.0,statistik_tanaman_buah_2022.pdf,146,0.0
2022,Sabah,Nabawan/Pensiangan,Nabawan,CIKU,CIKU,Ciku,CIKU / (Ciku),major,0.0,0.0,0.0,0.0,0.0,statistik_tanaman_buah_2022.pdf,146,0.0
2022,Sabah,Nabawan/Pensiangan,Nabawan,DOKONG,DOKONG,Dokong,DOKONG / (Dokong),major,0.0,0.0,0.0,0.0,0.0,statistik_tanaman_buah_2022.pdf,147,0.0
2022,Sabah,Nabawan/Pensiangan,Nabawan,DUKU,DUKU,Duku,DUKU / (Duku),major,0.0,0.0,0.0,0.0,0.0,statistik_tanaman_buah_2022.pdf,147,0.0
2022,Sabah,Nabawan/Pensiangan,Nabawan,DURIAN,DURIAN,Durian,DURIAN / (Durian),major,259.3,13.0,15.5,316.36,1.1923076923076923,statistik_tanaman_buah_2022.pdf,148,1.1997202268410292
2022,Sabah,Nabawan/Pensiangan,Nabawan,JAMBU_BATU,JAMBU BATU,Guava,JAMBU BATU / Guava,major,0.0,0.0,0.0,0.0,0.0,statistik_tanaman_buah_2022.pdf,148,0.0
2022,Sabah,Nabawan/Pensiangan,Nabawan,LANGSAT,LANGSAT,Langsat,LANGSAT / (Langsat),major,3.4,0.7,1.0,3.5,1.4285714285714286,statistik_tanaman_buah_2022.pdf,149,1.481199023199026
2022,Sabah,Nabawan/Pensiangan,Nabawan,LIMAU_BESAR,LIMAU BESAR,Pomelo,LIMAU BESAR / Pomelo,major,0.0,0.0,0.0,0.0,0.0,statistik_tanaman_buah_2022.pdf,149,0.0
2022,Sabah,Nabawan/Pensiangan,Nabawan,LIMAU_MANIS,LIMAU MANIS,Sweet Orange,LIMAU MANIS / Sweet Orange,major,0.0,0.0,0.0,0.0,0.0,statistik_tanaman_buah_2022.pdf,150,0.0
2022,Sabah,Nabawan/Pensiangan,Nabawan,MANGGA,MANGGA,Mango,MANGGA / Mango,major,6.2,1.3,1.0,11.4,0.7692307692307692,statistik_tanaman_buah_2022.pdf,150,0.8001074481074504
2022,Sabah,Nabawan/Pensiangan,Nabawan,MANGGIS,MANGGIS,Mangosteen,MANGGIS / Mangosteen,major,21.3,0.0,0.0,0.0,0.0,statistik_tanaman_buah_2022.pdf,151,0.0
2022,Sabah,Nabawan/Pensiangan,Nabawan,MATA_NAGA,MATA NAGA/PITAYA,Dragon Fruit,MATA NAGA/PITAYA / Dragon Fruit,major,0.0,0.0,0.0,0.0,0.0,statistik_tanaman_buah_2022.pdf,151,0.0
2022,Sabah,Nabawan/Pensiangan,Nabawan,NANAS,NANAS,Pineapple,NANAS / Pineapple,major,2.2,0.5,1.5,2.61,3.0,statistik_tanaman_buah_2022.pdf,152,2.911583333333333
2022,Sabah,Nabawan/Pensiangan,Nabawan,NANGKA,NANGKA,Jackfruit,NANGKA / Jackfruit,major,0.4,0.1,0.1,0.18,1.0,statistik_tanaman_buah_2022.pdf,152,0.9976666666666667
2022,Sabah,Nabawan/Pensiangan,Nabawan,PISANG,PISANG,Banana,PISANG / Banana,major,75.9,23.0,52.8,94.78,2.2956521739130435,statistik_tanaman_buah_2022.pdf,153,2.3362354533885576
2022,Sabah,Nabawan/Pensiangan,Nabawan,PULASAN,PULASAN,Pulasan,PULASAN / (Pulasan),major,0.0,0.0,0.0,0.0,0.0,statistik_tanaman_buah_2022.pdf,153,0.0
2022,Sabah,Nabawan/Pensiangan,Pensiangan,RAMBUTAN,RAMBUTAN,Rambutan,RAMBUTAN / (Rambutan),major,30.5,2.1,2.3,6.82,1.0952380952380951,statistik_tanaman_buah_2022.pdf,154,1.1274906639572755
2022,Sabah,Nabawan/Pensiangan,Pensiangan,SALAK,SALAK,Salak,SALAK / (Salak),major,0.0,0.0,0.0,0.0,0.0,statistik_tanaman_buah_2022.pdf,154,0.0
2022,Sabah,Nabawan/Pensiangan,Pensiangan,TEMBIKAI,TEMBIKAI,Watermelon,TEMBIKAI / Water-melon,major,0.0,0.0,0.0,0.0,0.0,statistik_tanaman_buah_2022.pdf,155,0.0
2022,Sabah,Papar,Papar,BELIMBING,BELIMBING,Starfruit,BELIMBING / Starfruit,major,1.5,0.0,0.0,0.0,0.0,statistik_tanaman_buah_2022.pdf,145,0.0
2022,Sabah,Papar,Papar,BETIK,BETIK,Papaya,BETIK / Papaya,major,0.5,0.0,0.0,0.0,0.0,statistik_tanaman_buah_2022.pdf,145,0.0
2022,Sabah,Papar,Papar,CEMPEDAK,CEMPEDAK,Cempedak,CEMPEDAK / (Cempedak),major,35.0,0.0,0.0,0.0,0.0,statistik_tanaman_buah_2022.pdf,146,0.0
2022,Sabah,Papar,Papar,CIKU,CIKU,Ciku,CIKU / (Ciku),major,0.0,0.0,0.0,0.0,0.0,statistik_tanaman_buah_2022.pdf,146,0.0
2022,Sabah,Papar,Papar,DOKONG,DOKONG,Dokong,DOKONG / (Dokong),major,0.0,0.0,0.0,0.0,0.0,statistik_tanaman_buah_2022.pdf,147,0.0
2022,Sabah,Papar,Papar,DUKU,DUKU,Duku,DUKU / (Duku),major,3.0,0.0,0.0,0.0,0.0,statistik_tanaman_buah_2022.pdf,147,0.0
2022,Sabah,Papar,Papar,DURIAN,DURIAN,Durian,DURIAN / (Durian),major,305.5,20.0,60.0,1224.6,3.0,statistik_tanaman_buah_2022.pdf,148,3.210607622650665
2022,Sabah,Papar,Papar,JAMBU_BATU,JAMBU BATU,Guava,JAMBU BATU / Guava,major,42.0,22.0,206.0,551.05,9.363636363636363,statistik_tanaman_buah_2022.pdf,148,9.431262834430285
2022,Sabah,Papar,Papar,LANGSAT,LANGSAT,Langsat,LANGSAT / (Langsat),major,40.0,0.0,0.0,0.0,0.0,statistik_tanaman_buah_2022.pdf,149,0.0
2022,Sabah,Papar,Papar,LIMAU_BESAR,LIMAU BESAR,Pomelo,LIMAU BESAR / Pomelo,major,0.0,0.0,0.0,0.0,0.0,statistik_tanaman_buah_2022.pdf,149,0.0
2022,Sabah,Papar,Papar,LIMAU_MANIS,LIMAU MANIS,Sweet Orange,LIMAU MANIS / Sweet Orange,major,0.0,0.0,0.0,0.0,0.0,statistik_tanaman_buah_2022.pdf,150,0.0
2022,Sabah,Papar,Papar,MANGGA,MANGGA,Mango,MANGGA / Mango,major,85.0,10.0,50.0,570.0,5.0,statistik_tanaman_buah_2022.pdf,150,5.055821558563743
2022,Sabah,Papar,Papar,MANGGIS,MANGGIS,Mangosteen,MANGGIS / Mangosteen,major,20.0,0.0,0.0,0.0,0.0,statistik_tanaman_buah_2022.pdf,151,0.0
2022,Sabah,Papar,Papar,MATA_NAGA,MATA NAGA/PITAYA,Dragon Fruit,MATA NAGA/PITAYA / Dragon Fruit,major,1.0,0.0,0.0,0.0,0.0,statistik_tanaman_buah_2022.pdf,151,0.0
2022,Sabah,Papar,Papar,NANAS,NANAS,Pineapple,NANAS / Pineapple,major,39.0,12.0,252.0,437.85,21.0,statistik_tanaman_buah_2022.pdf,152,19.613609825001237
2022,Sabah,Papar,Papar,NANGKA,NANGKA,Jackfruit,NANGKA / Jackfruit,major,10.0,6.0,30.0,54.0,5.0,statistik_tanaman_buah_2022.pdf,152,4.955641196006946
2022,Sabah,Papar,Papar,PISANG,PISANG,Banana,PISANG / Banana,major,51.0,41.0,260.0,466.7,6.341463414634147,statistik_tanaman_buah_2022.pdf,153,6.323387120749691
2022,Sabah,Papar,Papar,PULASAN,PULASAN,Pulasan,PULASAN / (Pulasan),major,0.0,0.0,0.0,0.0,0.0,statistik_tanaman_buah_2022.pdf,153,0.0
2022,Sabah,Papar,Papar,RAMBUTAN,RAMBUTAN,Rambutan,RAMBUTAN / (Rambutan),major,28.0,0.0,0.0,0.0,0.0,statistik_tanaman_buah_2022.pdf,154,0.0
2022,Sabah,Papar,Papar,SALAK,SALAK,Salak,SALAK / (Salak),major,0.0,0.0,0.0,0.0,0.0,statistik_tanaman_buah_2022.pdf,154,0.0
2022,Sabah,Papar,Papar,TEMBIKAI,TEMBIKAI,Watermelon,TEMBIKAI / Water-melon,major,105.0,105.0,1220.0,2440.0,11.61904761904762,statistik_tanaman_buah_2022.pdf,155,11.84876655188922
2022,Sabah,Penampang,Penampang,BELIMBING,BELIMBING,Starfruit,BELIMBING / Starfruit,major,0.0,0.0,0.0,0.0,0.0,statistik_tanaman_buah_2022.pdf,145,0.0
2022,Sabah,Penampang,Penampang,BETIK,BETIK,Papaya,BETIK / Papaya,major,0.0,0.0,0.0,0.0,0.0,statistik_tanaman_buah_2022.pdf,145,0.0
2022,Sabah,Penampang,Penampang,CEMPEDAK,CEMPEDAK,Cempedak,CEMPEDAK / (Cempedak),major,3.3,0.3,0.3,0.85,1.0,statistik_tanaman_buah_2022.pdf,146,1.2561111111111107
2022,Sabah,Penampang,Penampang,CIKU,CIKU,Ciku,CIKU / (Ciku),major,0.0,0.0,0.0,0.0,0.0,statistik_tanaman_buah_2022.pdf,146,0.0
2022,Sabah,Penampang,Penampang,DOKONG,DOKONG,Dokong,DOKONG / (Dokong),major,0.0,0.0,0.0,0.0,0.0,statistik_tanaman_buah_2022.pdf,147,0.0
2022,Sabah,Penampang,Penampang,DUKU,DUKU,Duku,DUKU / (Duku),major,0.5,0.0,0.0,0.0,0.0,statistik_tanaman_buah_2022.pdf,147,0.0
2022,Sabah,Penampang,Penampang,DURIAN,DURIAN,Durian,DURIAN / (Durian),major,45.2,0.5,2.0,40.82,4.0,statistik_tanaman_buah_2022.pdf,148,4.456162698412698
2022,Sabah,Penampang,Penampang,JAMBU_BATU,JAMBU BATU,Guava,JAMBU BATU / Guava,major,0.0,0.0,0.0,0.0,0.0,statistik_tanaman_buah_2022.pdf,148,0.0
2022,Sabah,Penampang,Penampang,LANGSAT,LANGSAT,Langsat,LANGSAT / (Langsat),major,6.0,0.0,0.0,0.0,0.0,statistik_tanaman_buah_2022.pdf,149,0.0
2022,Sabah,Penampang,Penampang,LIMAU_BESAR,LIMAU BESAR,Pomelo,LIMAU BESAR / Pomelo,major,0.0,0.0,0.0,0.0,0.0,statistik_tanaman_buah_2022.pdf,149,0.0
2022,Sabah,Penampang,Penampang,LIMAU_MANIS,LIMAU MANIS,Sweet Orange,LIMAU MANIS / Sweet Orange,major,0.0,0.0,0.0,0.0,0.0,statistik_tanaman_buah_2022.pdf,150,0.0
2022,Sabah,Penampang,Penampang,MANGGA,MANGGA,Mango,MANGGA / Mango,major,1.8,0.2,0.3,3.42,1.4999999999999998,statistik_tanaman_buah_2022.pdf,150,2.5423888888888877
2022,Sabah,Penampang,Penampang,MANGGIS,MANGGIS,Mangosteen,MANGGIS / Mangosteen,major,3.1,0.0,0.0,0.0,0.0,statistik_tanaman_buah_2022.pdf,151,0.0
2022,Sabah,Penampang,Penampang,MATA_NAGA,MATA NAGA/PITAYA,Dragon Fruit,MATA NAGA/PITAYA / Dragon Fruit,major,1.3,1.3,13.0,65.0,10.0,statistik_tanaman_buah_2022.pdf,151,9.511825396825374
2022,Sabah,Penampang,Penampang,NANAS,NANAS,Pineapple,NANAS / Pineapple,major,76.8,31.0,133.0,231.09,4.290322580645161,statistik_tanaman_buah_2022.pdf,152,4.676975911028187
2022,Sabah,Penampang,Penampang,NANGKA,NANGKA,Jackfruit,NANGKA / Jackfruit,major,0.6,0.6,3.7,6.66,6.166666666666667,statistik_tanaman_buah_2022.pdf,152,6.110325396825414
2022,Sabah,Penampang,Penampang,PISANG,PISANG,Banana,PISANG / Banana,major,2.4,2.4,17.0,30.52,7.083333333333334,statistik_tanaman_buah_2022.pdf,153,7.180939688170259
2022,Sabah,Penampang,Penampang,PULASAN,PULASAN,Pulasan,PULASAN / (Pulasan),major,0.0,0.0,0.0,0.0,0.0,statistik_tanaman_buah_2022.pdf,153,0.0
2022,Sabah,Penampang,Penampang,RAMBUTAN,RAMBUTAN,Rambutan,RAMBUTAN / (Rambutan),major,8.1,0.6,1.2,3.56,2.0,statistik_tanaman_buah_2022.pdf,154,2.0563439153439154
2022,Sabah,Penampang,Penampang,SALAK,SALAK,Salak,SALAK / (Salak),major,0.0,0.0,0.0,0.0,0.0,statistik_tanaman_buah_2022.pdf,154,0.0
2022,Sabah,Penampang,Penampang,TEMBIKAI,TEMBIKAI,Watermelon,TEMBIKAI / Water-melon,major,0.0,0.0,0.0,0.0,0.0,statistik_tanaman_buah_2022.pdf,155,0.0
2022,Sabah,Pitas,Pitas,BELIMBING,BELIMBING,Starfruit,BELIMBING / Starfruit,major,0.0,0.0,0.0,0.0,0.0,statistik_tanaman_buah_2022.pdf,145,0.0
2022,Sabah,Pitas,Pitas,BETIK,BETIK,Papaya,BETIK / Papaya,major,0.0,0.0,0.0,0.0,0.0,statistik_tanaman_buah_2022.pdf,145,0.0
2022,Sabah,Pitas,Pitas,CEMPEDAK,CEMPEDAK,Cempedak,CEMPEDAK / (Cempedak),major,18.0,0.0,0.0,0.0,0.0,statistik_tanaman_buah_2022.pdf,146,0.0
2022,Sabah,Pitas,Pitas,CIKU,CIKU,Ciku,CIKU / (Ciku),major,0.0,0.0,0.0,0.0,0.0,statistik_tanaman_buah_2022.pdf,146,0.0
2022,Sabah,Pitas,Pitas,DOKONG,DOKONG,Dokong,DOKONG / (Dokong),major,0.0,0.0,0.0,0.0,0.0,statistik_tanaman_buah_2022.pdf,147,0.0
2022,Sabah,Pitas,Pitas,DUKU,DUKU,Duku,DUKU / (Duku),major,0.0,0.0,0.0,0.0,0.0,statistik_tanaman_buah_2022.pdf,147,0.0
2022,Sabah,Pitas,Pitas,DURIAN,DURIAN,Durian,DURIAN / (Durian),major,26.6,0.0,0.0,0.0,0.0,statistik_tanaman_buah_2022.pdf,148,0.0
2022,Sabah,Pitas,Pitas,JAMBU_BATU,JAMBU BATU,Guava,JAMBU BATU / Guava,major,0.0,0.0,0.0,0.0,0.0,statistik_tanaman_buah_2022.pdf,148,0.0
2022,Sabah,Pitas,Pitas,LANGSAT,LANGSAT,Langsat,LANGSAT / (Langsat),major,10.4,0.0,0.0,0.0,0.0,statistik_tanaman_buah_2022.pdf,149,0.0
2022,Sabah,Pitas,Pitas,LIMAU_BESAR,LIMAU BESAR,Pomelo,LIMAU BESAR / Pomelo,major,0.0,0.0,0.0,0.0,0.0,statistik_tanaman_buah_2022.pdf,149,0.0
2022,Sabah,Pitas,Pitas,LIMAU_MANIS,LIMAU MANIS,Sweet Orange,LIMAU MANIS / Sweet Orange,major,0.0,0.0,0.0,0.0,0.0,statistik_tanaman_buah_2022.pdf,150,0.0
2022,Sabah,Pitas,Pitas,MANGGA,MANGGA,Mango,MANGGA / Mango,major,41.4,3.0,1.0,11.4,0.3333333333333333,statistik_tanaman_buah_2022.pdf,150,0.4058497534311041
2022,Sabah,Pitas,Pitas,MANGGIS,MANGGIS,Mangosteen,MANGGIS / Mangosteen,major,3.4,0.0,0.0,0.0,0.0,statistik_tanaman_buah_2022.pdf,151,0.0
2022,Sabah,Pitas,Pitas,MATA_NAGA,MATA NAGA/PITAYA,Dragon Fruit,MATA NAGA/PITAYA / Dragon Fruit,major,0.6,0.0,0.0,0.0,0.0,statistik_tanaman_buah_2022.pdf,151,0.0
2022,Sabah,Pitas,Pitas,NANAS,NANAS,Pineapple,NANAS / Pineapple,major,12.3,9.0,19.5,33.88,2.1666666666666665,statistik_tanaman_buah_2022.pdf,152,2.2846879565539004
2022,Sabah,Pitas,Pitas,NANGKA,NANGKA,Jackfruit,NANGKA / Jackfruit,major,5.8,0.0,0.0,0.0,0.0,statistik_tanaman_buah_2022.pdf,152,0.0
2022,Sabah,Pitas,Pitas,PISANG,PISANG,Banana,PISANG / Banana,major,137.1,81.0,416.0,746.72,5.135802469135802,statistik_tanaman_buah_2022.pdf,153,5.182706462861673
2022,Sabah,Pitas,Pitas,PULASAN,PULASAN,Pulasan,PULASAN / (Pulasan),major,0.0,0.0,0.0,0.0,0.0,statistik_tanaman_buah_2022.pdf,153,0.0
2022,Sabah,Pitas,Pitas,RAMBUTAN,RAMBUTAN,Rambutan,RAMBUTAN / (Rambutan),major,17.0,0.0,0.0,0.0,0.0,statistik_tanaman_buah_2022.pdf,154,0.0
2022,Sabah,Pitas,Pitas,SALAK,SALAK,Salak,SALAK / (Salak),major,0.0,0.0,0.0,0.0,0.0,statistik_tanaman_buah_2022.pdf,154,0.0
2022,Sabah,Pitas,Pitas,TEMBIKAI,TEMBIKAI,Watermelon,TEMBIKAI / Water-melon,major,0.0,0.0,0.0,0.0,0.0,statistik_tanaman_buah_2022.pdf,155,0.0
2022,Sabah,Putatan,Putatan,BELIMBING,BELIMBING,Starfruit,BELIMBING / Starfruit,major,0.0,0.0,0.0,0.0,0.0,statistik_tanaman_buah_2022.pdf,145,0.0
2022,Sabah,Putatan,Putatan,BETIK,BETIK,Papaya,BETIK / Papaya,major,0.0,0.0,0.0,0.0,0.0,statistik_tanaman_buah_2022.pdf,145,0.0
2022,Sabah,Putatan,Putatan,CEMPEDAK,CEMPEDAK,Cempedak,CEMPEDAK / (Cempedak),major,0.0,0.0,0.0,0.0,0.0,statistik_tanaman_buah_2022.pdf,146,0.0
2022,Sabah,Putatan,Putatan,CIKU,CIKU,Ciku,CIKU / (Ciku),major,0.0,0.0,0.0,0.0,0.0,statistik_tanaman_buah_2022.pdf,146,0.0
2022,Sabah,Putatan,Putatan,DOKONG,DOKONG,Dokong,DOKONG / (Dokong),major,0.0,0.0,0.0,0.0,0.0,statistik_tanaman_buah_2022.pdf,147,0.0
2022,Sabah,Putatan,Putatan,DUKU,DUKU,Duku,DUKU / (Duku),major,0.0,0.0,0.0,0.0,0.0,statistik_tanaman_buah_2022.pdf,147,0.0
2022,Sabah,Putatan,Putatan,DURIAN,DURIAN,Durian,DURIAN / (Durian),major,0.0,0.0,0.0,0.0,0.0,statistik_tanaman_buah_2022.pdf,148,0.0
2022,Sabah,Putatan,Putatan,JAMBU_BATU,JAMBU BATU,Guava,JAMBU BATU / Guava,major,0.0,0.0,0.0,0.0,0.0,statistik_tanaman_buah_2022.pdf,148,0.0
2022,Sabah,Putatan,Putatan,LANGSAT,LANGSAT,Langsat,LANGSAT / (Langsat),major,0.0,0.0,0.0,0.0,0.0,statistik_tanaman_buah_2022.pdf,149,0.0
2022,Sabah,Putatan,Putatan,LIMAU_BESAR,LIMAU BESAR,Pomelo,LIMAU BESAR / Pomelo,major,0.0,0.0,0.0,0.0,0.0,statistik_tanaman_buah_2022.pdf,149,0.0
2022,Sabah,Putatan,Putatan,LIMAU_MANIS,LIMAU MANIS,Sweet Orange,LIMAU MANIS / Sweet Orange,major,0.0,0.0,0.0,0.0,0.0,statistik_tanaman_buah_2022.pdf,150,0.0
2022,Sabah,Putatan,Putatan,MANGGA,MANGGA,Mango,MANGGA / Mango,major,0.0,0.0,0.0,0.0,0.0,statistik_tanaman_buah_2022.pdf,150,0.0
2022,Sabah,Putatan,Putatan,MANGGIS,MANGGIS,Mangosteen,MANGGIS / Mangosteen,major,0.0,0.0,0.0,0.0,0.0,statistik_tanaman_buah_2022.pdf,151,0.0
2022,Sabah,Putatan,Putatan,MATA_NAGA,MATA NAGA/PITAYA,Dragon Fruit,MATA NAGA/PITAYA / Dragon Fruit,major,0.0,0.0,0.0,0.0,0.0,statistik_tanaman_buah_2022.pdf,151,0.0
2022,Sabah,Putatan,Putatan,NANAS,NANAS,Pineapple,NANAS / Pineapple,major,0.0,0.0,0.0,0.0,0.0,statistik_tanaman_buah_2022.pdf,152,0.0
2022,Sabah,Putatan,Putatan,NANGKA,NANGKA,Jackfruit,NANGKA / Jackfruit,major,0.0,0.0,0.0,0.0,0.0,statistik_tanaman_buah_2022.pdf,152,0.0
2022,Sabah,Putatan,Putatan,PISANG,PISANG,Banana,PISANG / Banana,major,2.1,2.1,29.3,52.59,13.952380952380953,statistik_tanaman_buah_2022.pdf,153,14.080269841269768
2022,Sabah,Putatan,Putatan,PULASAN,PULASAN,Pulasan,PULASAN / (Pulasan),major,0.0,0.0,0.0,0.0,0.0,statistik_tanaman_buah_2022.pdf,153,0.0
2022,Sabah,Putatan,Putatan,RAMBUTAN,RAMBUTAN,Rambutan,RAMBUTAN / (Rambutan),major,0.0,0.0,0.0,0.0,0.0,statistik_tanaman_buah_2022.pdf,154,0.0
2022,Sabah,Putatan,Putatan,SALAK,SALAK,Salak,SALAK / (Salak),major,0.0,0.0,0.0,0.0,0.0,statistik_tanaman_buah_2022.pdf,154,0.0
2022,Sabah,Putatan,Putatan,TEMBIKAI,TEMBIKAI,Watermelon,TEMBIKAI / Water-melon,major,0.0,0.0,0.0,0.0,0.0,statistik_tanaman_buah_2022.pdf,155,0.0
2022,Sabah,Ranau,Ranau,BELIMBING,BELIMBING,Starfruit,BELIMBING / Starfruit,major,5.0,4.5,25.4,67.31,5.644444444444444,statistik_tanaman_buah_2022.pdf,145,5.640470519810221
2022,Sabah,Ranau,Ranau,BETIK,BETIK,Papaya,BETIK / Papaya,major,16.0,12.0,184.0,309.73,15.333333333333334,statistik_tanaman_buah_2022.pdf,145,15.555179250065207
2022,Sabah,Ranau,Ranau,CEMPEDAK,CEMPEDAK,Cempedak,CEMPEDAK / (Cempedak),major,110.9,0.0,0.0,0.0,0.0,statistik_tanaman_buah_2022.pdf,146,0.0
2022,Sabah,Ranau,Ranau,CIKU,CIKU,Ciku,CIKU / (Ciku),major,0.0,0.0,0.0,0.0,0.0,statistik_tanaman_buah_2022.pdf,146,0.0
2022,Sabah,Ranau,Ranau,DOKONG,DOKONG,Dokong,DOKONG / (Dokong),major,5.0,0.0,0.0,0.0,0.0,statistik_tanaman_buah_2022.pdf,147,0.0
2022,Sabah,Ranau,Ranau,DUKU,DUKU,Duku,DUKU / (Duku),major,26.0,0.0,0.0,0.0,0.0,statistik_tanaman_buah_2022.pdf,147,0.0
2022,Sabah,Ranau,Ranau,DURIAN,DURIAN,Durian,DURIAN / (Durian),major,1445.1,175.0,426.5,8704.87,2.4371428571428573,statistik_tanaman_buah_2022.pdf,148,3.016723342594341
2022,Sabah,Ranau,Ranau,JAMBU_BATU,JAMBU BATU,Guava,JAMBU BATU / Guava,major,3.0,2.9,51.1,136.69,17.620689655172416,statistik_tanaman_buah_2022.pdf,148,17.227982175614212
2022,Sabah,Ranau,Ranau,LANGSAT,LANGSAT,Langsat,LANGSAT / (Langsat),major,380.8,1.5,2.5,8.75,1.6666666666666667,statistik_tanaman_buah_2022.pdf,149,1.6395954530362469
2022,Sabah,Ranau,Ranau,LIMAU_BESAR,LIMAU BESAR,Pomelo,LIMAU BESAR / Pomelo,major,5.0,4.8,16.6,49.8,3.458333333333334,statistik_tanaman_buah_2022.pdf,149,3.486073681268164
2022,Sabah,Ranau,Ranau,LIMAU_MANIS,LIMAU MANIS,Sweet Orange,LIMAU MANIS / Sweet Orange,major,5.0,4.9,19.7,113.28,4.020408163265306,statistik_tanaman_buah_2022.pdf,150,4.020749040236248
2022,Sabah,Ranau,Ranau,MANGGA,MANGGA,Mango,MANGGA / Mango,major,55.3,8.5,6.6,75.24,0.776470588235294,statistik_tanaman_buah_2022.pdf,150,0.8471095961786597
2022,Sabah,Ranau,Ranau,MANGGIS,MANGGIS,Mangosteen,MANGGIS / Mangosteen,major,29.6,9.5,5.0,26.5,0.5263157894736842,statistik_tanaman_buah_2022.pdf,151,0.5348923394546578
2022,Sabah,Ranau,Ranau,MATA_NAGA,MATA NAGA/PITAYA,Dragon Fruit,MATA NAGA/PITAYA / Dragon Fruit,major,0.0,0.0,0.0,0.0,0.0,statistik_tanaman_buah_2022.pdf,151,0.0
2022,Sabah,Ranau,Ranau,NANAS,NANAS,Pineapple,NANAS / Pineapple,major,25.7,19.4,303.6,527.51,15.649484536082475,statistik_tanaman_buah_2022.pdf,152,15.813127508200528
2022,Sabah,Ranau,Ranau,NANGKA,NANGKA,Jackfruit,NANGKA / Jackfruit,major,35.6,31.0,318.4,573.12,10.270967741935484,statistik_tanaman_buah_2022.pdf,152,10.349903665945803
2022,Sabah,Ranau,Ranau,PISANG,PISANG,Banana,PISANG / Banana,major,185.0,158.5,1226.5,2201.57,7.738170347003154,statistik_tanaman_buah_2022.pdf,153,9.123254714374312
2022,Sabah,Ranau,Ranau,PULASAN,PULASAN,Pulasan,PULASAN / (Pulasan),major,0.0,0.0,0.0,0.0,0.0,statistik_tanaman_buah_2022.pdf,153,0.0
2022,Sabah,Ranau,Ranau,RAMBUTAN,RAMBUTAN,Rambutan,RAMBUTAN / (Rambutan),major,188.5,0.0,0.0,0.0,0.0,statistik_tanaman_buah_2022.pdf,154,0.0
2022,Sabah,Ranau,Ranau,SALAK,SALAK,Salak,SALAK / (Salak),major,1.0,0.6,1.3,3.64,2.166666666666667,statistik_tanaman_buah_2022.pdf,154,2.231273809523808
2022,Sabah,Ranau,Ranau,TEMBIKAI,TEMBIKAI,Watermelon,TEMBIKAI / Water-melon,major,0.0,0.0,0.0,0.0,0.0,statistik_tanaman_buah_2022.pdf,155,0.0
2022,Sabah,Sandakan,Sandakan,BELIMBING,BELIMBING,Starfruit,BELIMBING / Starfruit,major,5.0,5.0,14.0,37.1,2.8,statistik_tanaman_buah_2022.pdf,145,2.825582140925012
2022,Sabah,Sandakan,Sandakan,BETIK,BETIK,Papaya,BETIK / Papaya,major,3.8,3.8,27.6,46.46,7.263157894736842,statistik_tanaman_buah_2022.pdf,145,7.526074816082138
2022,Sabah,Sandakan,Sandakan,CEMPEDAK,CEMPEDAK,Cempedak,CEMPEDAK / (Cempedak),major,3.0,3.0,13.0,36.73,4.333333333333333,statistik_tanaman_buah_2022.pdf,146,4.442246758732964
2022,Sabah,Sandakan,Sandakan,CIKU,CIKU,Ciku,CIKU / (Ciku),major,2.8,2.2,22.4,70.56,10.18181818181818,statistik_tanaman_buah_2022.pdf,146,10.112027802183672
2022,Sabah,Sandakan,Sandakan,DOKONG,DOKONG,Dokong,DOKONG / (Dokong),major,4.1,0.0,0.0,0.0,0.0,statistik_tanaman_buah_2022.pdf,147,0.0
2022,Sabah,Sandakan,Sandakan,DUKU,DUKU,Duku,DUKU / (Duku),major,34.7,0.0,0.0,0.0,0.0,statistik_tanaman_buah_2022.pdf,147,0.0
2022,Sabah,Sandakan,Sandakan,DURIAN,DURIAN,Durian,DURIAN / (Durian),major,101.6,25.0,150.0,3061.5,6.0,statistik_tanaman_buah_2022.pdf,148,6.292438431876095
2022,Sabah,Sandakan,Sandakan,JAMBU_BATU,JAMBU BATU,Guava,JAMBU BATU / Guava,major,8.5,8.5,66.0,176.55,7.764705882352941,statistik_tanaman_buah_2022.pdf,148,7.8541643076056245
2022,Sabah,Sandakan,Sandakan,LANGSAT,LANGSAT,Langsat,LANGSAT / (Langsat),major,50.0,8.0,63.0,220.5,7.875,statistik_tanaman_buah_2022.pdf,149,7.777524676922596
2022,Sabah,Sandakan,Sandakan,LIMAU_BESAR,LIMAU BESAR,Pomelo,LIMAU BESAR / Pomelo,major,8.1,7.0,41.0,123.0,5.857142857142857,statistik_tanaman_buah_2022.pdf,149,5.7325430651052285
2022,Sabah,Sandakan,Sandakan,LIMAU_MANIS,LIMAU MANIS,Sweet Orange,LIMAU MANIS / Sweet Orange,major,1.5,1.5,13.5,77.63,9.0,statistik_tanaman_buah_2022.pdf,150,9.085673615600081
2022,Sabah,Sandakan,Sandakan,MANGGA,MANGGA,Mango,MANGGA / Mango,major,127.1,18.0,92.0,1048.8,5.111111111111111,statistik_tanaman_buah_2022.pdf,150,5.030200054058181
2022,Sabah,Sandakan,Sandakan,MANGGIS,MANGGIS,Mangosteen,MANGGIS / Mangosteen,major,18.0,9.5,51.0,270.3,5.368421052631579,statistik_tanaman_buah_2022.pdf,151,5.473761883553202
2022,Sabah,Sandakan,Sandakan,MATA_NAGA,MATA NAGA/PITAYA,Dragon Fruit,MATA NAGA/PITAYA / Dragon Fruit,major,1.0,1.0,6.0,30.0,6.0,statistik_tanaman_buah_2022.pdf,151,6.013672364672364
2022,Sabah,Sandakan,Sandakan,NANAS,NANAS,Pineapple,NANAS / Pineapple,major,8.0,6.5,58.6,101.82,9.015384615384615,statistik_tanaman_buah_2022.pdf,152,8.807570827743234
2022,Sabah,Sandakan,Sandakan,NANGKA,NANGKA,Jackfruit,NANGKA / Jackfruit,major,20.5,2.5,50.0,90.0,20.0,statistik_tanaman_buah_2022.pdf,152,18.029820480715802
2022,Sabah,Sandakan,Sandakan,PISANG,PISANG,Banana,PISANG / Banana,major,49.0,39.0,618.0,1109.31,15.846153846153848,statistik_tanaman_buah_2022.pdf,153,15.434672656483647
2022,Sabah,Sandakan,Sandakan,PULASAN,PULASAN,Pulasan,PULASAN / (Pulasan),major,0.0,0.0,0.0,0.0,0.0,statistik_tanaman_buah_2022.pdf,153,0.0
2022,Sabah,Sandakan,Sandakan,RAMBUTAN,RAMBUTAN,Rambutan,RAMBUTAN / (Rambutan),major,81.9,15.0,73.0,216.57,4.866666666666666,statistik_tanaman_buah_2022.pdf,154,4.852865076133133
2022,Sabah,Sandakan,Sandakan,SALAK,SALAK,Salak,SALAK / (Salak),major,60.0,25.0,230.0,644.0,9.2,statistik_tanaman_buah_2022.pdf,154,9.101427062512009
2022,Sabah,Sandakan,Sandakan,TEMBIKAI,TEMBIKAI,Watermelon,TEMBIKAI / Water-melon,major,17.0,17.0,171.0,342.0,10.058823529411764,statistik_tanaman_buah_2022.pdf,155,10.58654565690999
2022,Sabah,Semporna,Semporna,BELIMBING,BELIMBING,Starfruit,BELIMBING / Starfruit,major,0.0,0.0,0.0,0.0,0.0,statistik_tanaman_buah_2022.pdf,145,0.0
2022,Sabah,Semporna,Semporna,BETIK,BETIK,Papaya,BETIK / Papaya,major,4.7,4.7,50.0,84.17,10.638297872340424,statistik_tanaman_buah_2022.pdf,145,10.743155195227912
2022,Sabah,Semporna,Semporna,CEMPEDAK,CEMPEDAK,Cempedak,CEMPEDAK / (Cempedak),major,0.0,0.0,0.0,0.0,0.0,statistik_tanaman_buah_2022.pdf,146,0.0
2022,Sabah,Semporna,Semporna,CIKU,CIKU,Ciku,CIKU / (Ciku),major,0.0,0.0,0.0,0.0,0.0,statistik_tanaman_buah_2022.pdf,146,0.0
2022,Sabah,Semporna,Semporna,DOKONG,DOKONG,Dokong,DOKONG / (Dokong),major,0.0,0.0,0.0,0.0,0.0,statistik_tanaman_buah_2022.pdf,147,0.0
2022,Sabah,Semporna,Semporna,DUKU,DUKU,Duku,DUKU / (Duku),major,0.0,0.0,0.0,0.0,0.0,statistik_tanaman_buah_2022.pdf,147,0.0
2022,Sabah,Semporna,Semporna,DURIAN,DURIAN,Durian,DURIAN / (Durian),major,16.4,0.0,0.0,0.0,0.0,statistik_tanaman_buah_2022.pdf,148,0.0
2022,Sabah,Semporna,Semporna,JAMBU_BATU,JAMBU BATU,Guava,JAMBU BATU / Guava,major,29.6,29.0,284.7,761.57,9.817241379310344,statistik_tanaman_buah_2022.pdf,148,9.713256482088731
2022,Sabah,Semporna,Semporna,LANGSAT,LANGSAT,Langsat,LANGSAT / (Langsat),major,18.0,6.2,38.2,133.7,6.161290322580645,statistik_tanaman_buah_2022.pdf,149,6.23913890272657
2022,Sabah,Semporna,Semporna,LIMAU_BESAR,LIMAU BESAR,Pomelo,LIMAU BESAR / Pomelo,major,0.0,0.0,0.0,0.0,0.0,statistik_tanaman_buah_2022.pdf,149,0.0
2022,Sabah,Semporna,Semporna,LIMAU_MANIS,LIMAU MANIS,Sweet Orange,LIMAU MANIS / Sweet Orange,major,6.1,0.0,0.0,0.0,0.0,statistik_tanaman_buah_2022.pdf,150,0.0
2022,Sabah,Semporna,Semporna,MANGGA,MANGGA,Mango,MANGGA / Mango,major,121.2,48.5,129.1,1471.74,2.6618556701030927,statistik_tanaman_buah_2022.pdf,150,2.900251991844576
2022,Sabah,Semporna,Semporna,MANGGIS,MANGGIS,Mangosteen,MANGGIS / Mangosteen,major,0.0,0.0,0.0,0.0,0.0,statistik_tanaman_buah_2022.pdf,151,0.0
2022,Sabah,Semporna,Semporna,MATA_NAGA,MATA NAGA/PITAYA,Dragon Fruit,MATA NAGA/PITAYA / Dragon Fruit,major,0.0,0.0,0.0,0.0,0.0,statistik_tanaman_buah_2022.pdf,151,0.0
2022,Sabah,Semporna,Semporna,NANAS,NANAS,Pineapple,NANAS / Pineapple,major,0.0,0.0,0.0,0.0,0.0,statistik_tanaman_buah_2022.pdf,152,0.0
2022,Sabah,Semporna,Semporna,NANGKA,NANGKA,Jackfruit,NANGKA / Jackfruit,major,1.0,0.0,0.0,0.0,0.0,statistik_tanaman_buah_2022.pdf,152,0.0
2022,Sabah,Semporna,Semporna,PISANG,PISANG,Banana,PISANG / Banana,major,128.6,111.5,1401.6,2515.87,12.570403587443945,statistik_tanaman_buah_2022.pdf,153,12.681304448933853
2022,Sabah,Semporna,Semporna,PULASAN,PULASAN,Pulasan,PULASAN / (Pulasan),major,0.0,0.0,0.0,0.0,0.0,statistik_tanaman_buah_2022.pdf,153,0.0
2022,Sabah,Semporna,Semporna,RAMBUTAN,RAMBUTAN,Rambutan,RAMBUTAN / (Rambutan),major,82.5,5.0,6.0,17.8,1.2,statistik_tanaman_buah_2022.pdf,154,1.2110422394249982
2022,Sabah,Semporna,Semporna,SALAK,SALAK,Salak,SALAK / (Salak),major,0.0,0.0,0.0,0.0,0.0,statistik_tanaman_buah_2022.pdf,154,0.0
2022,Sabah,Semporna,Semporna,TEMBIKAI,TEMBIKAI,Watermelon,TEMBIKAI / Water-melon,major,0.0,0.0,0.0,0.0,0.0,statistik_tanaman_buah_2022.pdf,155,0.0
2022,Sabah,Sipitang,Sipitang,BELIMBING,BELIMBING,Starfruit,BELIMBING / Starfruit,major,0.0,0.0,0.0,0.0,0.0,statistik_tanaman_buah_2022.pdf,145,0.0
2022,Sabah,Sipitang,Sipitang,BETIK,BETIK,Papaya,BETIK / Papaya,major,0.0,0.0,0.0,0.0,0.0,statistik_tanaman_buah_2022.pdf,145,0.0
2022,Sabah,Sipitang,Sipitang,CEMPEDAK,CEMPEDAK,Cempedak,CEMPEDAK / (Cempedak),major,213.2,120.0,204.0,576.3,1.7,statistik_tanaman_buah_2022.pdf,146,1.9122710661469962
2022,Sabah,Sipitang,Sipitang,CIKU,CIKU,Ciku,CIKU / (Ciku),major,0.5,0.0,0.0,0.0,0.0,statistik_tanaman_buah_2022.pdf,146,0.0
2022,Sabah,Sipitang,Sipitang,DOKONG,DOKONG,Dokong,DOKONG / (Dokong),major,4.6,0.0,0.0,0.0,0.0,statistik_tanaman_buah_2022.pdf,147,0.0
2022,Sabah,Sipitang,Sipitang,DUKU,DUKU,Duku,DUKU / (Duku),major,17.8,0.0,0.0,0.0,0.0,statistik_tanaman_buah_2022.pdf,147,0.0
2022,Sabah,Sipitang,Sipitang,DURIAN,DURIAN,Durian,DURIAN / (Durian),major,697.7,427.0,4837.0,98723.17,11.327868852459016,statistik_tanaman_buah_2022.pdf,148,11.131471558839431
2022,Sabah,Sipitang,Sipitang,JAMBU_BATU,JAMBU BATU,Guava,JAMBU BATU / Guava,major,1.5,1.3,5.7,15.25,4.384615384615385,statistik_tanaman_buah_2022.pdf,148,4.304714784126543
2022,Sabah,Sipitang,Sipitang,LANGSAT,LANGSAT,Langsat,LANGSAT / (Langsat),major,87.8,0.0,0.0,0.0,0.0,statistik_tanaman_buah_2022.pdf,149,0.0
2022,Sabah,Sipitang,Sipitang,LIMAU_BESAR,LIMAU BESAR,Pomelo,LIMAU BESAR / Pomelo,major,2.0,0.0,0.0,0.0,0.0,statistik_tanaman_buah_2022.pdf,149,0.0
2022,Sabah,Sipitang,Sipitang,LIMAU_MANIS,LIMAU MANIS,Sweet Orange,LIMAU MANIS / Sweet Orange,major,0.0,0.0,0.0,0.0,0.0,statistik_tanaman_buah_2022.pdf,150,0.0
2022,Sabah,Sipitang,Sipitang,MANGGA,MANGGA,Mango,MANGGA / Mango,major,4.0,0.5,0.3,3.42,0.6,statistik_tanaman_buah_2022.pdf,150,0.7863174603174581
2022,Sabah,Sipitang,Sipitang,MANGGIS,MANGGIS,Mangosteen,MANGGIS / Mangosteen,major,8.0,0.0,0.0,0.0,0.0,statistik_tanaman_buah_2022.pdf,151,0.0
2022,Sabah,Sipitang,Sipitang,MATA_NAGA,MATA NAGA/PITAYA,Dragon Fruit,MATA NAGA/PITAYA / Dragon Fruit,major,0.0,0.0,0.0,0.0,0.0,statistik_tanaman_buah_2022.pdf,151,0.0
2022,Sabah,Sipitang,Sipitang,NANAS,NANAS,Pineapple,NANAS / Pineapple,major,14.8,6.9,78.0,135.53,11.304347826086955,statistik_tanaman_buah_2022.pdf,152,11.065179129543052
2022,Sabah,Sipitang,Sipitang,NANGKA,NANGKA,Jackfruit,NANGKA / Jackfruit,major,0.6,0.0,0.0,0.0,0.0,statistik_tanaman_buah_2022.pdf,152,0.0
2022,Sabah,Sipitang,Sipitang,PISANG,PISANG,Banana,PISANG / Banana,major,296.8,283.8,4823.8,8658.72,16.997181113460183,statistik_tanaman_buah_2022.pdf,153,17.2627294892676
2022,Sabah,Sipitang,Sipitang,PULASAN,PULASAN,Pulasan,PULASAN / (Pulasan),major,0.0,0.0,0.0,0.0,0.0,statistik_tanaman_buah_2022.pdf,153,0.0
2022,Sabah,Sipitang,Sipitang,RAMBUTAN,RAMBUTAN,Rambutan,RAMBUTAN / (Rambutan),major,120.0,70.0,301.0,892.97,4.3,statistik_tanaman_buah_2022.pdf,154,4.4779257954081695
2022,Sabah,Sipitang,Sipitang,SALAK,SALAK,Salak,SALAK / (Salak),major,0.0,0.0,0.0,0.0,0.0,statistik_tanaman_buah_2022.pdf,154,0.0
2022,Sabah,Sipitang,Sipitang,TEMBIKAI,TEMBIKAI,Watermelon,TEMBIKAI / Water-melon,major,15.9,15.9,329.2,658.4,20.70440251572327,statistik_tanaman_buah_2022.pdf,155,20.48454543851805
2022,Sabah,Sook,Sook,BELIMBING,BELIMBING,Starfruit,BELIMBING / Starfruit,major,0.0,0.0,0.0,0.0,0.0,statistik_tanaman_buah_2022.pdf,145,0.0
2022,Sabah,Sook,Sook,BETIK,BETIK,Papaya,BETIK / Papaya,major,0.0,0.0,0.0,0.0,0.0,statistik_tanaman_buah_2022.pdf,145,0.0
2022,Sabah,Sook,Sook,CEMPEDAK,CEMPEDAK,Cempedak,CEMPEDAK / (Cempedak),major,18.0,0.0,0.0,0.0,0.0,statistik_tanaman_buah_2022.pdf,146,0.0
2022,Sabah,Sook,Sook,CIKU,CIKU,Ciku,CIKU / (Ciku),major,0.0,0.0,0.0,0.0,0.0,statistik_tanaman_buah_2022.pdf,146,0.0
2022,Sabah,Sook,Sook,DOKONG,DOKONG,Dokong,DOKONG / (Dokong),major,3.0,0.0,0.0,0.0,0.0,statistik_tanaman_buah_2022.pdf,147,0.0
2022,Sabah,Sook,Sook,DUKU,DUKU,Duku,DUKU / (Duku),major,1.0,0.0,0.0,0.0,0.0,statistik_tanaman_buah_2022.pdf,147,0.0
2022,Sabah,Sook,Sook,DURIAN,DURIAN,Durian,DURIAN / (Durian),major,93.1,20.5,58.5,1193.99,2.8536585365853657,statistik_tanaman_buah_2022.pdf,148,3.035584895151554
2022,Sabah,Sook,Sook,JAMBU_BATU,JAMBU BATU,Guava,JAMBU BATU / Guava,major,0.0,0.0,0.0,0.0,0.0,statistik_tanaman_buah_2022.pdf,148,0.0
2022,Sabah,Sook,Sook,LANGSAT,LANGSAT,Langsat,LANGSAT / (Langsat),major,20.0,4.5,14.6,51.1,3.2444444444444445,statistik_tanaman_buah_2022.pdf,149,3.2930731992254616
2022,Sabah,Sook,Sook,LIMAU_BESAR,LIMAU BESAR,Pomelo,LIMAU BESAR / Pomelo,major,3.0,3.0,23.5,70.5,7.833333333333333,statistik_tanaman_buah_2022.pdf,149,8.054604322839895
2022,Sabah,Sook,Sook,LIMAU_MANIS,LIMAU MANIS,Sweet Orange,LIMAU MANIS / Sweet Orange,major,3.0,1.5,10.0,57.5,6.666666666666667,statistik_tanaman_buah_2022.pdf,150,6.652201587427615
2022,Sabah,Sook,Sook,MANGGA,MANGGA,Mango,MANGGA / Mango,major,10.7,10.0,25.3,288.42,2.53,statistik_tanaman_buah_2022.pdf,150,2.5990158635930785
2022,Sabah,Sook,Sook,MANGGIS,MANGGIS,Mangosteen,MANGGIS / Mangosteen,major,11.7,2.5,6.0,31.8,2.4,statistik_tanaman_buah_2022.pdf,151,2.4200999289336704
2022,Sabah,Sook,Sook,MATA_NAGA,MATA NAGA/PITAYA,Dragon Fruit,MATA NAGA/PITAYA / Dragon Fruit,major,1.0,1.0,1.1,5.5,1.1,statistik_tanaman_buah_2022.pdf,151,1.080182946682946
2022,Sabah,Sook,Sook,NANAS,NANAS,Pineapple,NANAS / Pineapple,major,66.5,31.8,451.7,784.83,14.20440251572327,statistik_tanaman_buah_2022.pdf,152,14.191269395906238
2022,Sabah,Sook,Sook,NANGKA,NANGKA,Jackfruit,NANGKA / Jackfruit,major,2.0,2.0,7.5,13.5,3.75,statistik_tanaman_buah_2022.pdf,152,3.733265150106915
2022,Sabah,Sook,Sook,PISANG,PISANG,Banana,PISANG / Banana,major,71.6,63.2,849.6,1525.03,13.443037974683543,statistik_tanaman_buah_2022.pdf,153,13.967236482391682
2022,Sabah,Sook,Sook,PULASAN,PULASAN,Pulasan,PULASAN / (Pulasan),major,0.0,0.0,0.0,0.0,0.0,statistik_tanaman_buah_2022.pdf,153,0.0
2022,Sabah,Sook,Sook,RAMBUTAN,RAMBUTAN,Rambutan,RAMBUTAN / (Rambutan),major,31.5,2.5,11.0,32.63,4.4,statistik_tanaman_buah_2022.pdf,154,4.722027835643224
2022,Sabah,Sook,Sook,SALAK,SALAK,Salak,SALAK / (Salak),major,0.0,0.0,0.0,0.0,0.0,statistik_tanaman_buah_2022.pdf,154,0.0
2022,Sabah,Sook,Sook,TEMBIKAI,TEMBIKAI,Watermelon,TEMBIKAI / Water-melon,major,30.0,15.0,224.0,448.0,14.933333333333334,statistik_tanaman_buah_2022.pdf,155,14.026926234986728
2022,Sabah,Tambunan,Tambunan,BELIMBING,BELIMBING,Starfruit,BELIMBING / Starfruit,major,0.6,0.6,1.2,3.18,2.0,statistik_tanaman_buah_2022.pdf,145,1.9947063492063493
2022,Sabah,Tambunan,Tambunan,BETIK,BETIK,Papaya,BETIK / Papaya,major,0.4,0.2,2.7,4.55,13.5,statistik_tanaman_buah_2022.pdf,145,12.688333333333333
2022,Sabah,Tambunan,Tambunan,CEMPEDAK,CEMPEDAK,Cempedak,CEMPEDAK / (Cempedak),major,3.0,0.5,1.3,3.67,2.6,statistik_tanaman_buah_2022.pdf,146,2.6585714285714372
2022,Sabah,Tambunan,Tambunan,CIKU,CIKU,Ciku,CIKU / (Ciku),major,0.0,0.0,0.0,0.0,0.0,statistik_tanaman_buah_2022.pdf,146,0.0
2022,Sabah,Tambunan,Tambunan,DOKONG,DOKONG,Dokong,DOKONG / (Dokong),major,0.0,0.0,0.0,0.0,0.0,statistik_tanaman_buah_2022.pdf,147,0.0
2022,Sabah,Tambunan,Tambunan,DUKU,DUKU,Duku,DUKU / (Duku),major,0.0,0.0,0.0,0.0,0.0,statistik_tanaman_buah_2022.pdf,147,0.0
2022,Sabah,Tambunan,Tambunan,DURIAN,DURIAN,Durian,DURIAN / (Durian),major,108.9,11.0,55.0,1122.55,5.0,statistik_tanaman_buah_2022.pdf,148,5.0053166270429275
2022,Sabah,Tambunan,Tambunan,JAMBU_BATU,JAMBU BATU,Guava,JAMBU BATU / Guava,major,9.0,2.0,3.0,8.03,1.5,statistik_tanaman_buah_2022.pdf,148,1.5558579377398596
2022,Sabah,Tambunan,Tambunan,LANGSAT,LANGSAT,Langsat,LANGSAT / (Langsat),major,4.9,3.0,12.4,43.4,4.133333333333334,statistik_tanaman_buah_2022.pdf,149,4.383287055632758
2022,Sabah,Tambunan,Tambunan,LIMAU_BESAR,LIMAU BESAR,Pomelo,LIMAU BESAR / Pomelo,major,0.7,0.7,3.0,9.0,4.285714285714286,statistik_tanaman_buah_2022.pdf,149,4.386460317460321
2022,Sabah,Tambunan,Tambunan,LIMAU_MANIS,LIMAU MANIS,Sweet Orange,LIMAU MANIS / Sweet Orange,major,2.7,1.0,0.8,4.6,0.8,statistik_tanaman_buah_2022.pdf,150,0.7773319088319103
2022,Sabah,Tambunan,Tambunan,MANGGA,MANGGA,Mango,MANGGA / Mango,major,6.3,2.0,8.0,91.2,4.0,statistik_tanaman_buah_2022.pdf,150,4.014980801806889
2022,Sabah,Tambunan,Tambunan,MANGGIS,MANGGIS,Mangosteen,MANGGIS / Mangosteen,major,5.5,1.0,1.5,7.95,1.5,statistik_tanaman_buah_2022.pdf,151,1.460269230769231
2022,Sabah,Tambunan,Tambunan,MATA_NAGA,MATA NAGA/PITAYA,Dragon Fruit,MATA NAGA/PITAYA / Dragon Fruit,major,0.2,0.0,0.0,0.0,0.0,statistik_tanaman_buah_2022.pdf,151,0.0
2022,Sabah,Tambunan,Tambunan,NANAS,NANAS,Pineapple,NANAS / Pineapple,major,60.8,39.0,547.0,950.41,14.025641025641026,statistik_tanaman_buah_2022.pdf,152,13.70601625485152
2022,Sabah,Tambunan,Tambunan,NANGKA,NANGKA,Jackfruit,NANGKA / Jackfruit,major,1.6,0.0,0.0,0.0,0.0,statistik_tanaman_buah_2022.pdf,152,0.0
2022,Sabah,Tambunan,Tambunan,PISANG,PISANG,Banana,PISANG / Banana,major,37.8,9.4,69.8,125.29,7.425531914893616,statistik_tanaman_buah_2022.pdf,153,7.358419451854362
2022,Sabah,Tambunan,Tambunan,PULASAN,PULASAN,Pulasan,PULASAN / (Pulasan),major,0.0,0.0,0.0,0.0,0.0,statistik_tanaman_buah_2022.pdf,153,0.0
2022,Sabah,Tambunan,Tambunan,RAMBUTAN,RAMBUTAN,Rambutan,RAMBUTAN / (Rambutan),major,14.9,3.0,2.0,5.93,0.6666666666666666,statistik_tanaman_buah_2022.pdf,154,0.7145058865762237
2022,Sabah,Tambunan,Tambunan,SALAK,SALAK,Salak,SALAK / (Salak),major,0.0,0.0,0.0,0.0,0.0,statistik_tanaman_buah_2022.pdf,154,0.0
2022,Sabah,Tambunan,Tambunan,TEMBIKAI,TEMBIKAI,Watermelon,TEMBIKAI / Water-melon,major,0.0,0.0,0.0,0.0,0.0,statistik_tanaman_buah_2022.pdf,155,0.0
2022,Sabah,Tawau,Tawau,BELIMBING,BELIMBING,Starfruit,BELIMBING / Starfruit,major,7.0,7.0,80.2,212.53,11.457142857142856,statistik_tanaman_buah_2022.pdf,145,11.460065187974283
2022,Sabah,Tawau,Tawau,BETIK,BETIK,Papaya,BETIK / Papaya,major,9.4,8.9,181.7,305.86,20.41573033707865,statistik_tanaman_buah_2022.pdf,145,19.902092298943163
2022,Sabah,Tawau,Tawau,CEMPEDAK,CEMPEDAK,Cempedak,CEMPEDAK / (Cempedak),major,121.0,92.0,225.3,636.47,2.448913043478261,statistik_tanaman_buah_2022.pdf,146,2.5207200082608874
2022,Sabah,Tawau,Tawau,CIKU,CIKU,Ciku,CIKU / (Ciku),major,0.0,0.0,0.0,0.0,0.0,statistik_tanaman_buah_2022.pdf,146,0.0
2022,Sabah,Tawau,Tawau,DOKONG,DOKONG,Dokong,DOKONG / (Dokong),major,16.3,11.0,26.8,84.42,2.4363636363636365,statistik_tanaman_buah_2022.pdf,147,2.4539213293952318
2022,Sabah,Tawau,Tawau,DUKU,DUKU,Duku,DUKU / (Duku),major,14.0,13.0,32.7,114.45,2.515384615384616,statistik_tanaman_buah_2022.pdf,147,2.5925363380780495
2022,Sabah,Tawau,Tawau,DURIAN,DURIAN,Durian,DURIAN / (Durian),major,354.0,176.0,1204.6,24585.89,6.844318181818181,statistik_tanaman_buah_2022.pdf,148,6.859838211502438
2022,Sabah,Tawau,Tawau,JAMBU_BATU,JAMBU BATU,Guava,JAMBU BATU / Guava,major,20.0,16.5,250.2,669.29,15.163636363636362,statistik_tanaman_buah_2022.pdf,148,15.192879022663384
2022,Sabah,Tawau,Tawau,LANGSAT,LANGSAT,Langsat,LANGSAT / (Langsat),major,72.0,28.2,114.4,400.4,4.056737588652482,statistik_tanaman_buah_2022.pdf,149,4.049114851665718
2022,Sabah,Tawau,Tawau,LIMAU_BESAR,LIMAU BESAR,Pomelo,LIMAU BESAR / Pomelo,major,15.0,10.0,49.0,147.0,4.9,statistik_tanaman_buah_2022.pdf,149,4.963032449000535
2022,Sabah,Tawau,Tawau,LIMAU_MANIS,LIMAU MANIS,Sweet Orange,LIMAU MANIS / Sweet Orange,major,0.0,0.0,0.0,0.0,0.0,statistik_tanaman_buah_2022.pdf,150,0.0
2022,Sabah,Tawau,Tawau,MANGGA,MANGGA,Mango,MANGGA / Mango,major,145.0,137.7,538.3,6136.62,3.9092229484386345,statistik_tanaman_buah_2022.pdf,150,3.9765490276033453
2022,Sabah,Tawau,Tawau,MANGGIS,MANGGIS,Mangosteen,MANGGIS / Mangosteen,major,55.8,0.0,0.0,0.0,0.0,statistik_tanaman_buah_2022.pdf,151,0.0
2022,Sabah,Tawau,Tawau,MATA_NAGA,MATA NAGA/PITAYA,Dragon Fruit,MATA NAGA/PITAYA / Dragon Fruit,major,0.0,0.0,0.0,0.0,0.0,statistik_tanaman_buah_2022.pdf,151,0.0
2022,Sabah,Tawau,Tawau,NANAS,NANAS,Pineapple,NANAS / Pineapple,major,43.7,34.1,464.0,806.2,13.607038123167154,statistik_tanaman_buah_2022.pdf,152,13.848227619790054
2022,Sabah,Tawau,Tawau,NANGKA,NANGKA,Jackfruit,NANGKA / Jackfruit,major,52.0,47.6,612.5,1102.5,12.867647058823527,statistik_tanaman_buah_2022.pdf,152,12.964910493368123
2022,Sabah,Tawau,Tawau,PISANG,PISANG,Banana,PISANG / Banana,major,205.5,201.2,3143.3,5642.22,15.622763419483103,statistik_tanaman_buah_2022.pdf,153,15.429901636048884
2022,Sabah,Tawau,Tawau,PULASAN,PULASAN,Pulasan,PULASAN / (Pulasan),major,0.0,0.0,0.0,0.0,0.0,statistik_tanaman_buah_2022.pdf,153,0.0
2022,Sabah,Tawau,Tawau,RAMBUTAN,RAMBUTAN,Rambutan,RAMBUTAN / (Rambutan),major,270.0,157.0,1139.4,3380.22,7.257324840764332,statistik_tanaman_buah_2022.pdf,154,7.303486397785556
2022,Sabah,Tawau,Tawau,SALAK,SALAK,Salak,SALAK / (Salak),major,53.0,41.6,171.3,479.64,4.117788461538462,statistik_tanaman_buah_2022.pdf,154,4.121506205804347
2022,Sabah,Tawau,Tawau,TEMBIKAI,TEMBIKAI,Watermelon,TEMBIKAI / Water-melon,major,38.0,36.5,749.9,1499.8,20.54520547945205,statistik_tanaman_buah_2022.pdf,155,20.109616721601775
2022,Sabah,Telupid,Telupid,BELIMBING,BELIMBING,Starfruit,BELIMBING / Starfruit,major,0.0,0.0,0.0,0.0,0.0,statistik_tanaman_buah_2022.pdf,145,0.0
2022,Sabah,Telupid,Telupid,BETIK,BETIK,Papaya,BETIK / Papaya,major,0.0,0.0,0.0,0.0,0.0,statistik_tanaman_buah_2022.pdf,145,0.0
2022,Sabah,Telupid,Telupid,CEMPEDAK,CEMPEDAK,Cempedak,CEMPEDAK / (Cempedak),major,3.0,1.8,1.3,3.67,0.7222222222222222,statistik_tanaman_buah_2022.pdf,146,0.823870338238759
2022,Sabah,Telupid,Telupid,CIKU,CIKU,Ciku,CIKU / (Ciku),major,0.0,0.0,0.0,0.0,0.0,statistik_tanaman_buah_2022.pdf,146,0.0
2022,Sabah,Telupid,Telupid,DOKONG,DOKONG,Dokong,DOKONG / (Dokong),major,0.0,0.0,0.0,0.0,0.0,statistik_tanaman_buah_2022.pdf,147,0.0
2022,Sabah,Telupid,Telupid,DUKU,DUKU,Duku,DUKU / (Duku),major,3.0,0.0,0.0,0.0,0.0,statistik_tanaman_buah_2022.pdf,147,0.0
2022,Sabah,Telupid,Telupid,DURIAN,DURIAN,Durian,DURIAN / (Durian),major,56.0,1.0,0.2,4.08,0.2,statistik_tanaman_buah_2022.pdf,148,0.2730092592592604
2022,Sabah,Telupid,Telupid,JAMBU_BATU,JAMBU BATU,Guava,JAMBU BATU / Guava,major,0.0,0.0,0.0,0.0,0.0,statistik_tanaman_buah_2022.pdf,148,0.0
2022,Sabah,Telupid,Telupid,LANGSAT,LANGSAT,Langsat,LANGSAT / (Langsat),major,4.0,1.0,1.2,4.2,1.2,statistik_tanaman_buah_2022.pdf,149,1.1997122507122469
2022,Sabah,Telupid,Telupid,LIMAU_BESAR,LIMAU BESAR,Pomelo,LIMAU BESAR / Pomelo,major,0.0,0.0,0.0,0.0,0.0,statistik_tanaman_buah_2022.pdf,149,0.0
2022,Sabah,Telupid,Telupid,LIMAU_MANIS,LIMAU MANIS,Sweet Orange,LIMAU MANIS / Sweet Orange,major,0.0,0.0,0.0,0.0,0.0,statistik_tanaman_buah_2022.pdf,150,0.0
2022,Sabah,Telupid,Telupid,MANGGA,MANGGA,Mango,MANGGA / Mango,major,4.0,1.2,1.0,11.4,0.8333333333333334,statistik_tanaman_buah_2022.pdf,150,0.9083091168091177
2022,Sabah,Telupid,Telupid,MANGGIS,MANGGIS,Mangosteen,MANGGIS / Mangosteen,major,0.0,0.0,0.0,0.0,0.0,statistik_tanaman_buah_2022.pdf,151,0.0
2022,Sabah,Telupid,Telupid,MATA_NAGA,MATA NAGA/PITAYA,Dragon Fruit,MATA NAGA/PITAYA / Dragon Fruit,major,0.2,0.0,0.0,0.0,0.0,statistik_tanaman_buah_2022.pdf,151,0.0
2022,Sabah,Telupid,Telupid,NANAS,NANAS,Pineapple,NANAS / Pineapple,major,1.5,0.8,1.9,3.3,2.375,statistik_tanaman_buah_2022.pdf,152,2.532231481481481
2022,Sabah,Telupid,Telupid,NANGKA,NANGKA,Jackfruit,NANGKA / Jackfruit,major,3.0,0.7,1.6,2.88,2.285714285714286,statistik_tanaman_buah_2022.pdf,152,2.3493955026455082
2022,Sabah,Telupid,Telupid,PISANG,PISANG,Banana,PISANG / Banana,major,26.9,24.5,124.0,222.58,5.061224489795919,statistik_tanaman_buah_2022.pdf,153,5.441353295993881
2022,Sabah,Telupid,Telupid,PULASAN,PULASAN,Pulasan,PULASAN / (Pulasan),major,0.0,0.0,0.0,0.0,0.0,statistik_tanaman_buah_2022.pdf,153,0.0
2022,Sabah,Telupid,Telupid,RAMBUTAN,RAMBUTAN,Rambutan,RAMBUTAN / (Rambutan),major,12.0,3.0,3.0,8.9,1.0,statistik_tanaman_buah_2022.pdf,154,0.9817553914378525
2022,Sabah,Telupid,Telupid,SALAK,SALAK,Salak,SALAK / (Salak),major,0.0,0.0,0.0,0.0,0.0,statistik_tanaman_buah_2022.pdf,154,0.0
2022,Sabah,Telupid,Telupid,TEMBIKAI,TEMBIKAI,Watermelon,TEMBIKAI / Water-melon,major,1.2,1.2,7.2,14.4,6.0,statistik_tanaman_buah_2022.pdf,155,6.253908917593132
2022,Sabah,Tenom,Tenom,BELIMBING,BELIMBING,Starfruit,BELIMBING / Starfruit,major,2.6,2.6,25.9,68.64,9.96153846153846,statistik_tanaman_buah_2022.pdf,145,9.720314891621786
2022,Sabah,Tenom,Tenom,BETIK,BETIK,Papaya,BETIK / Papaya,major,131.0,127.3,2637.7,4440.13,20.720345640219957,statistik_tanaman_buah_2022.pdf,145,23.233175295945173
2022,Sabah,Tenom,Tenom,CEMPEDAK,CEMPEDAK,Cempedak,CEMPEDAK / (Cempedak),major,4.7,4.0,38.8,109.61,9.7,statistik_tanaman_buah_2022.pdf,146,9.739816997700569
2022,Sabah,Tenom,Tenom,CIKU,CIKU,Ciku,CIKU / (Ciku),major,0.0,0.0,0.0,0.0,0.0,statistik_tanaman_buah_2022.pdf,146,0.0
2022,Sabah,Tenom,Tenom,DOKONG,DOKONG,Dokong,DOKONG / (Dokong),major,10.2,9.4,34.5,108.68,3.670212765957447,statistik_tanaman_buah_2022.pdf,147,3.762998654345023
2022,Sabah,Tenom,Tenom,DUKU,DUKU,Duku,DUKU / (Duku),major,3.2,2.9,13.0,45.5,4.482758620689656,statistik_tanaman_buah_2022.pdf,147,4.51619585964803
2022,Sabah,Tenom,Tenom,DURIAN,DURIAN,Durian,DURIAN / (Durian),major,154.0,72.4,348.8,7119.01,4.81767955801105,statistik_tanaman_buah_2022.pdf,148,4.9893071915693
2022,Sabah,Tenom,Tenom,JAMBU_BATU,JAMBU BATU,Guava,JAMBU BATU / Guava,major,52.7,35.6,624.1,1669.47,17.530898876404493,statistik_tanaman_buah_2022.pdf,148,17.295899961933436
2022,Sabah,Tenom,Tenom,LANGSAT,LANGSAT,Langsat,LANGSAT / (Langsat),major,21.2,11.0,57.6,201.6,5.236363636363636,statistik_tanaman_buah_2022.pdf,149,5.201975897824707
2022,Sabah,Tenom,Tenom,LIMAU_BESAR,LIMAU BESAR,Pomelo,LIMAU BESAR / Pomelo,major,449.9,336.2,6949.0,20847.0,20.66924449732302,statistik_tanaman_buah_2022.pdf,149,21.580389727790813
2022,Sabah,Tenom,Tenom,LIMAU_MANIS,LIMAU MANIS,Sweet Orange,LIMAU MANIS / Sweet Orange,major,5.0,4.2,42.1,242.08,10.023809523809524,statistik_tanaman_buah_2022.pdf,150,9.826003666709216
2022,Sabah,Tenom,Tenom,MANGGA,MANGGA,Mango,MANGGA / Mango,major,1.0,1.0,5.9,67.26,5.9,statistik_tanaman_buah_2022.pdf,150,5.896413105413123
2022,Sabah,Tenom,Tenom,MANGGIS,MANGGIS,Mangosteen,MANGGIS / Mangosteen,major,15.0,14.1,140.8,746.24,9.98581560283688,statistik_tanaman_buah_2022.pdf,151,10.08211963721498
2022,Sabah,Tenom,Tenom,MATA_NAGA,MATA NAGA/PITAYA,Dragon Fruit,MATA NAGA/PITAYA / Dragon Fruit,major,0.0,0.0,0.0,0.0,0.0,statistik_tanaman_buah_2022.pdf,151,0.0
2022,Sabah,Tenom,Tenom,NANAS,NANAS,Pineapple,NANAS / Pineapple,major,2.5,2.1,21.6,37.53,10.285714285714286,statistik_tanaman_buah_2022.pdf,152,10.52717776383727
2022,Sabah,Tenom,Tenom,NANGKA,NANGKA,Jackfruit,NANGKA / Jackfruit,major,1.3,0.0,0.0,0.0,0.0,statistik_tanaman_buah_2022.pdf,152,0.0
2022,Sabah,Tenom,Tenom,PISANG,PISANG,Banana,PISANG / Banana,major,480.1,463.4,7044.5,12644.88,15.201769529564093,statistik_tanaman_buah_2022.pdf,153,16.176574684504985
2022,Sabah,Tenom,Tenom,PULASAN,PULASAN,Pulasan,PULASAN / (Pulasan),major,0.0,0.0,0.0,0.0,0.0,statistik_tanaman_buah_2022.pdf,153,0.0
2022,Sabah,Tenom,Tenom,RAMBUTAN,RAMBUTAN,Rambutan,RAMBUTAN / (Rambutan),major,3.1,2.0,14.7,43.61,7.35,statistik_tanaman_buah_2022.pdf,154,7.372688422910003
2022,Sabah,Tenom,Tenom,SALAK,SALAK,Salak,SALAK / (Salak),major,0.0,0.0,0.0,0.0,0.0,statistik_tanaman_buah_2022.pdf,154,0.0
2022,Sabah,Tenom,Tenom,TEMBIKAI,TEMBIKAI,Watermelon,TEMBIKAI / Water-melon,major,0.0,0.0,0.0,0.0,0.0,statistik_tanaman_buah_2022.pdf,155,0.0
2022,Sabah,Tongod,Tongod,BELIMBING,BELIMBING,Starfruit,BELIMBING / Starfruit,major,0.0,0.0,0.0,0.0,0.0,statistik_tanaman_buah_2022.pdf,145,0.0
2022,Sabah,Tongod,Tongod,BETIK,BETIK,Papaya,BETIK / Papaya,major,0.0,0.0,0.0,0.0,0.0,statistik_tanaman_buah_2022.pdf,145,0.0
2022,Sabah,Tongod,Tongod,CEMPEDAK,CEMPEDAK,Cempedak,CEMPEDAK / (Cempedak),major,42.9,20.0,70.0,197.75,3.5,statistik_tanaman_buah_2022.pdf,146,3.5350322089976194
2022,Sabah,Tongod,Tongod,CIKU,CIKU,Ciku,CIKU / (Ciku),major,0.0,0.0,0.0,0.0,0.0,statistik_tanaman_buah_2022.pdf,146,0.0
2022,Sabah,Tongod,Tongod,DOKONG,DOKONG,Dokong,DOKONG / (Dokong),major,0.0,0.0,0.0,0.0,0.0,statistik_tanaman_buah_2022.pdf,147,0.0
2022,Sabah,Tongod,Tongod,DUKU,DUKU,Duku,DUKU / (Duku),major,0.0,0.0,0.0,0.0,0.0,statistik_tanaman_buah_2022.pdf,147,0.0
2022,Sabah,Tongod,Tongod,DURIAN,DURIAN,Durian,DURIAN / (Durian),major,249.7,50.0,372.5,7602.73,7.45,statistik_tanaman_buah_2022.pdf,148,7.272315110440142
2022,Sabah,Tongod,Tongod,JAMBU_BATU,JAMBU BATU,Guava,JAMBU BATU / Guava,major,0.0,0.0,0.0,0.0,0.0,statistik_tanaman_buah_2022.pdf,148,0.0
2022,Sabah,Tongod,Tongod,LANGSAT,LANGSAT,Langsat,LANGSAT / (Langsat),major,44.6,21.0,73.5,257.25,3.5,statistik_tanaman_buah_2022.pdf,149,3.512682253670417
2022,Sabah,Tongod,Tongod,LIMAU_BESAR,LIMAU BESAR,Pomelo,LIMAU BESAR / Pomelo,major,0.0,0.0,0.0,0.0,0.0,statistik_tanaman_buah_2022.pdf,149,0.0
2022,Sabah,Tongod,Tongod,LIMAU_MANIS,LIMAU MANIS,Sweet Orange,LIMAU MANIS / Sweet Orange,major,0.0,0.0,0.0,0.0,0.0,statistik_tanaman_buah_2022.pdf,150,0.0
2022,Sabah,Tongod,Tongod,MANGGA,MANGGA,Mango,MANGGA / Mango,major,0.0,0.0,0.0,0.0,0.0,statistik_tanaman_buah_2022.pdf,150,0.0
2022,Sabah,Tongod,Tongod,MANGGIS,MANGGIS,Mangosteen,MANGGIS / Mangosteen,major,0.0,0.0,0.0,0.0,0.0,statistik_tanaman_buah_2022.pdf,151,0.0
2022,Sabah,Tongod,Tongod,MATA_NAGA,MATA NAGA/PITAYA,Dragon Fruit,MATA NAGA/PITAYA / Dragon Fruit,major,0.0,0.0,0.0,0.0,0.0,statistik_tanaman_buah_2022.pdf,151,0.0
2022,Sabah,Tongod,Tongod,NANAS,NANAS,Pineapple,NANAS / Pineapple,major,16.2,3.7,31.3,54.38,8.45945945945946,statistik_tanaman_buah_2022.pdf,152,8.278043957104602
2022,Sabah,Tongod,Tongod,NANGKA,NANGKA,Jackfruit,NANGKA / Jackfruit,major,0.0,0.0,0.0,0.0,0.0,statistik_tanaman_buah_2022.pdf,152,0.0
2022,Sabah,Tongod,Tongod,PISANG,PISANG,Banana,PISANG / Banana,major,23.0,22.0,203.7,365.64,9.259090909090908,statistik_tanaman_buah_2022.pdf,153,9.383506303880706
2022,Sabah,Tongod,Tongod,PULASAN,PULASAN,Pulasan,PULASAN / (Pulasan),major,0.0,0.0,0.0,0.0,0.0,statistik_tanaman_buah_2022.pdf,153,0.0
2022,Sabah,Tongod,Tongod,RAMBUTAN,RAMBUTAN,Rambutan,RAMBUTAN / (Rambutan),major,70.7,22.0,77.0,228.43,3.5,statistik_tanaman_buah_2022.pdf,154,3.493998091386626
2022,Sabah,Tongod,Tongod,SALAK,SALAK,Salak,SALAK / (Salak),major,0.0,0.0,0.0,0.0,0.0,statistik_tanaman_buah_2022.pdf,154,0.0
2022,Sabah,Tongod,Tongod,TEMBIKAI,TEMBIKAI,Watermelon,TEMBIKAI / Water-melon,major,0.0,0.0,0.0,0.0,0.0,statistik_tanaman_buah_2022.pdf,155,0.0
2022,Sabah,Tuaran,Tuaran,BELIMBING,BELIMBING,Starfruit,BELIMBING / Starfruit,major,1.2,1.2,8.9,23.59,7.416666666666667,statistik_tanaman_buah_2022.pdf,145,7.196141487167818
2022,Sabah,Tuaran,Tuaran,BETIK,BETIK,Papaya,BETIK / Papaya,major,0.9,0.9,12.3,20.71,13.666666666666668,statistik_tanaman_buah_2022.pdf,145,14.118945732629905
2022,Sabah,Tuaran,Tuaran,CEMPEDAK,CEMPEDAK,Cempedak,CEMPEDAK / (Cempedak),major,162.6,113.3,1110.0,3135.75,9.796999117387466,statistik_tanaman_buah_2022.pdf,146,9.745656770234651
2022,Sabah,Tuaran,Tuaran,CIKU,CIKU,Ciku,CIKU / (Ciku),major,0.2,0.2,0.2,0.63,1.0,statistik_tanaman_buah_2022.pdf,146,1.606666666666667
2022,Sabah,Tuaran,Tuaran,DOKONG,DOKONG,Dokong,DOKONG / (Dokong),major,0.0,0.0,0.0,0.0,0.0,statistik_tanaman_buah_2022.pdf,147,0.0
2022,Sabah,Tuaran,Tuaran,DUKU,DUKU,Duku,DUKU / (Duku),major,0.0,0.0,0.0,0.0,0.0,statistik_tanaman_buah_2022.pdf,147,0.0
2022,Sabah,Tuaran,Tuaran,DURIAN,DURIAN,Durian,DURIAN / (Durian),major,354.4,182.5,1137.0,23206.17,6.23013698630137,statistik_tanaman_buah_2022.pdf,148,6.109182949232161
2022,Sabah,Tuaran,Tuaran,JAMBU_BATU,JAMBU BATU,Guava,JAMBU BATU / Guava,major,6.9,6.9,87.8,234.87,12.72463768115942,statistik_tanaman_buah_2022.pdf,148,12.682584898770106
2022,Sabah,Tuaran,Tuaran,LANGSAT,LANGSAT,Langsat,LANGSAT / (Langsat),major,183.6,127.8,1162.9,4070.15,9.099374021909236,statistik_tanaman_buah_2022.pdf,149,9.076046229889627
2022,Sabah,Tuaran,Tuaran,LIMAU_BESAR,LIMAU BESAR,Pomelo,LIMAU BESAR / Pomelo,major,0.0,0.0,0.0,0.0,0.0,statistik_tanaman_buah_2022.pdf,149,0.0
2022,Sabah,Tuaran,Tuaran,LIMAU_MANIS,LIMAU MANIS,Sweet Orange,LIMAU MANIS / Sweet Orange,major,0.0,0.0,0.0,0.0,0.0,statistik_tanaman_buah_2022.pdf,150,0.0
2022,Sabah,Tuaran,Tuaran,MANGGA,MANGGA,Mango,MANGGA / Mango,major,152.0,112.0,335.4,3823.56,2.994642857142857,statistik_tanaman_buah_2022.pdf,150,3.090728042583955
2022,Sabah,Tuaran,Tuaran,MANGGIS,MANGGIS,Mangosteen,MANGGIS / Mangosteen,major,3.5,2.8,27.2,144.16,9.714285714285715,statistik_tanaman_buah_2022.pdf,151,9.67949915557095
2022,Sabah,Tuaran,Tuaran,MATA_NAGA,MATA NAGA/PITAYA,Dragon Fruit,MATA NAGA/PITAYA / Dragon Fruit,major,0.0,0.0,0.0,0.0,0.0,statistik_tanaman_buah_2022.pdf,151,0.0
2022,Sabah,Tuaran,Tuaran,NANAS,NANAS,Pineapple,NANAS / Pineapple,major,340.1,331.5,6895.2,11980.41,20.8,statistik_tanaman_buah_2022.pdf,152,20.336525211129775
2022,Sabah,Tuaran,Tuaran,NANGKA,NANGKA,Jackfruit,NANGKA / Jackfruit,major,28.2,20.0,228.0,410.4,11.4,statistik_tanaman_buah_2022.pdf,152,11.180246845640827
2022,Sabah,Tuaran,Tuaran,PISANG,PISANG,Banana,PISANG / Banana,major,183.5,151.4,1811.3,3251.28,11.963672391017171,statistik_tanaman_buah_2022.pdf,153,12.694677506086252
2022,Sabah,Tuaran,Tuaran,PULASAN,PULASAN,Pulasan,PULASAN / (Pulasan),major,0.0,0.0,0.0,0.0,0.0,statistik_tanaman_buah_2022.pdf,153,0.0
2022,Sabah,Tuaran,Tuaran,RAMBUTAN,RAMBUTAN,Rambutan,RAMBUTAN / (Rambutan),major,154.4,95.0,1130.0,3352.33,11.894736842105264,statistik_tanaman_buah_2022.pdf,154,10.734441574196286
2022,Sabah,Tuaran,Tuaran,SALAK,SALAK,Salak,SALAK / (Salak),major,0.0,0.0,0.0,0.0,0.0,statistik_tanaman_buah_2022.pdf,154,0.0
2022,Sabah,Tuaran,Tuaran,TEMBIKAI,TEMBIKAI,Watermelon,TEMBIKAI / Water-melon,major,10.5,10.5,188.1,376.2,17.914285714285715,statistik_tanaman_buah_2022.pdf,155,18.068401046424714
2023,Sabah,Beaufort,Beaufort,BELIMBING,BELIMBING,Starfruit,BELIMBING / Starfruit,major,0.0,0.0,0.0,0.0,0.0,statistik_tanaman_buah_2023.pdf,144,0.0
2023,Sabah,Beaufort,Beaufort,BETIK,BETIK,Papaya,BETIK / Papaya,major,0.0,0.0,0.0,0.0,0.0,statistik_tanaman_buah_2023.pdf,144,0.0
2023,Sabah,Beaufort,Beaufort,CEMPEDAK,CEMPEDAK,Cempedak,CEMPEDAK / (Cempedak),major,140.0,40.0,95.6,412.99,2.39,statistik_tanaman_buah_2023.pdf,145,2.3842335131486916
2023,Sabah,Beaufort,Beaufort,CIKU,CIKU,Ciku,CIKU / (Ciku),major,0.0,0.0,0.0,0.0,0.0,statistik_tanaman_buah_2023.pdf,145,0.0
2023,Sabah,Beaufort,Beaufort,DOKONG,DOKONG,Dokong,DOKONG / (Dokong),major,0.5,0.0,0.0,0.0,0.0,statistik_tanaman_buah_2023.pdf,146,0.0
2023,Sabah,Beaufort,Beaufort,DUKU,DUKU,Duku,DUKU / (Duku),major,10.5,0.0,0.0,0.0,0.0,statistik_tanaman_buah_2023.pdf,146,0.0
2023,Sabah,Beaufort,Beaufort,DURIAN,DURIAN,Durian,DURIAN / (Durian),major,410.8,73.4,237.6,4523.61,3.2370572207084467,statistik_tanaman_buah_2023.pdf,147,3.322019880796717
2023,Sabah,Beaufort,Beaufort,JAMBU_BATU,JAMBU BATU,Guava,JAMBU BATU / Guava,major,0.0,0.0,0.0,0.0,0.0,statistik_tanaman_buah_2023.pdf,147,0.0
2023,Sabah,Beaufort,Beaufort,LANGSAT,LANGSAT,Langsat,LANGSAT / (Langsat),major,48.0,0.0,0.0,0.0,0.0,statistik_tanaman_buah_2023.pdf,148,0.0
2023,Sabah,Beaufort,Beaufort,LIMAU_BESAR,LIMAU BESAR,Pomelo,LIMAU BESAR / Pomelo,major,3.0,3.0,7.1,44.59,2.3666666666666667,statistik_tanaman_buah_2023.pdf,148,2.5608699768288408
2023,Sabah,Beaufort,Beaufort,LIMAU_MANIS,LIMAU MANIS,Sweet Orange,LIMAU MANIS / Sweet Orange,major,6.4,6.4,15.8,87.06,2.46875,statistik_tanaman_buah_2023.pdf,149,2.5554421114677806
2023,Sabah,Beaufort,Beaufort,MANGGA,MANGGA,Mango,MANGGA / Mango,major,33.6,12.4,24.7,266.27,1.9919354838709675,statistik_tanaman_buah_2023.pdf,149,1.9995093898716418
2023,Sabah,Beaufort,Beaufort,MANGGIS,MANGGIS,Mangosteen,MANGGIS / Mangosteen,major,39.7,0.0,0.0,0.0,0.0,statistik_tanaman_buah_2023.pdf,150,0.0
2023,Sabah,Beaufort,Beaufort,MATA_NAGA,MATA NAGA/PITAYA,Dragon Fruit,MATA NAGA/PITAYA / Dragon Fruit,major,0.0,0.0,0.0,0.0,0.0,statistik_tanaman_buah_2023.pdf,150,0.0
2023,Sabah,Beaufort,Beaufort,NANAS,NANAS,Pineapple,NANAS / Pineapple,major,78.1,47.9,283.8,689.63,5.924843423799583,statistik_tanaman_buah_2023.pdf,151,5.983621949618736
2023,Sabah,Beaufort,Beaufort,NANGKA,NANGKA,Jackfruit,NANGKA / Jackfruit,major,8.0,8.0,29.9,65.33,3.7375,statistik_tanaman_buah_2023.pdf,151,3.714912148426609
2023,Sabah,Beaufort,Beaufort,PISANG,PISANG,Banana,PISANG / Banana,major,57.8,52.8,748.4,1527.48,14.174242424242424,statistik_tanaman_buah_2023.pdf,152,14.456164172116905
2023,Sabah,Beaufort,Beaufort,PULASAN,PULASAN,Pulasan,PULASAN / (Pulasan),major,0.0,0.0,0.0,0.0,0.0,statistik_tanaman_buah_2023.pdf,152,0.0
2023,Sabah,Beaufort,Beaufort,RAMBUTAN,RAMBUTAN,Rambutan,RAMBUTAN / (Rambutan),major,100.2,10.0,38.7,127.52,3.87,statistik_tanaman_buah_2023.pdf,153,4.0341399248115035
2023,Sabah,Beaufort,Beaufort,SALAK,SALAK,Salak,SALAK / (Salak),major,0.0,0.0,0.0,0.0,0.0,statistik_tanaman_buah_2023.pdf,153,0.0
2023,Sabah,Beaufort,Beaufort,TEMBIKAI,TEMBIKAI,Watermelon,TEMBIKAI / Water-melon,major,96.0,48.0,588.1,1348.71,12.252083333333331,statistik_tanaman_buah_2023.pdf,154,11.73633697596153
2023,Sabah,Beluran,Beluran,BELIMBING,BELIMBING,Starfruit,BELIMBING / Starfruit,major,0.0,0.0,0.0,0.0,0.0,statistik_tanaman_buah_2023.pdf,144,0.0
2023,Sabah,Beluran,Beluran,BETIK,BETIK,Papaya,BETIK / Papaya,major,0.0,0.0,0.0,0.0,0.0,statistik_tanaman_buah_2023.pdf,144,0.0
2023,Sabah,Beluran,Beluran,CEMPEDAK,CEMPEDAK,Cempedak,CEMPEDAK / (Cempedak),major,29.5,29.5,202.0,872.64,6.8474576271186445,statistik_tanaman_buah_2023.pdf,145,7.947551507873059
2023,Sabah,Beluran,Beluran,CIKU,CIKU,Ciku,CIKU / (Ciku),major,0.0,0.0,0.0,0.0,0.0,statistik_tanaman_buah_2023.pdf,145,0.0
2023,Sabah,Beluran,Beluran,DOKONG,DOKONG,Dokong,DOKONG / (Dokong),major,0.0,0.0,0.0,0.0,0.0,statistik_tanaman_buah_2023.pdf,146,0.0
2023,Sabah,Beluran,Beluran,DUKU,DUKU,Duku,DUKU / (Duku),major,2.0,0.0,0.0,0.0,0.0,statistik_tanaman_buah_2023.pdf,146,0.0
2023,Sabah,Beluran,Beluran,DURIAN,DURIAN,Durian,DURIAN / (Durian),major,87.4,15.3,141.0,2684.46,9.215686274509803,statistik_tanaman_buah_2023.pdf,147,9.26819318079336
2023,Sabah,Beluran,Beluran,JAMBU_BATU,JAMBU BATU,Guava,JAMBU BATU / Guava,major,0.0,0.0,0.0,0.0,0.0,statistik_tanaman_buah_2023.pdf,147,0.0
2023,Sabah,Beluran,Beluran,LANGSAT,LANGSAT,Langsat,LANGSAT / (Langsat),major,40.0,40.0,240.0,1250.4,6.0,statistik_tanaman_buah_2023.pdf,148,6.115630757370258
2023,Sabah,Beluran,Beluran,LIMAU_BESAR,LIMAU BESAR,Pomelo,LIMAU BESAR / Pomelo,major,0.8,0.8,11.0,69.08,13.75,statistik_tanaman_buah_2023.pdf,148,13.563113636363635
2023,Sabah,Beluran,Beluran,LIMAU_MANIS,LIMAU MANIS,Sweet Orange,LIMAU MANIS / Sweet Orange,major,1.3,1.3,8.0,44.08,6.153846153846153,statistik_tanaman_buah_2023.pdf,149,6.173836349924593
2023,Sabah,Beluran,Beluran,MANGGA,MANGGA,Mango,MANGGA / Mango,major,67.2,43.0,127.6,1375.53,2.967441860465116,statistik_tanaman_buah_2023.pdf,149,2.995941447756002
2023,Sabah,Beluran,Beluran,MANGGIS,MANGGIS,Mangosteen,MANGGIS / Mangosteen,major,2.0,1.5,18.0,98.1,12.0,statistik_tanaman_buah_2023.pdf,150,11.5261320202845
2023,Sabah,Beluran,Beluran,MATA_NAGA,MATA NAGA/PITAYA,Dragon Fruit,MATA NAGA/PITAYA / Dragon Fruit,major,0.0,0.0,0.0,0.0,0.0,statistik_tanaman_buah_2023.pdf,150,0.0
2023,Sabah,Beluran,Beluran,NANAS,NANAS,Pineapple,NANAS / Pineapple,major,20.3,5.8,52.8,128.3,9.10344827586207,statistik_tanaman_buah_2023.pdf,151,9.103287680825769
2023,Sabah,Beluran,Beluran,NANGKA,NANGKA,Jackfruit,NANGKA / Jackfruit,major,25.0,22.5,430.0,939.55,19.11111111111111,statistik_tanaman_buah_2023.pdf,151,19.199056774728817
2023,Sabah,Beluran,Beluran,PISANG,PISANG,Banana,PISANG / Banana,major,70.7,70.7,1135.0,2316.54,16.053748231966054,statistik_tanaman_buah_2023.pdf,152,16.030007565864388
2023,Sabah,Beluran,Beluran,PULASAN,PULASAN,Pulasan,PULASAN / (Pulasan),major,0.0,0.0,0.0,0.0,0.0,statistik_tanaman_buah_2023.pdf,152,0.0
2023,Sabah,Beluran,Beluran,RAMBUTAN,RAMBUTAN,Rambutan,RAMBUTAN / (Rambutan),major,70.6,60.0,630.0,2075.85,10.5,statistik_tanaman_buah_2023.pdf,153,10.709839844966709
2023,Sabah,Beluran,Beluran,SALAK,SALAK,Salak,SALAK / (Salak),major,0.0,0.0,0.0,0.0,0.0,statistik_tanaman_buah_2023.pdf,153,0.0
2023,Sabah,Beluran,Beluran,TEMBIKAI,TEMBIKAI,Watermelon,TEMBIKAI / Water-melon,major,0.4,0.4,6.0,13.76,15.0,statistik_tanaman_buah_2023.pdf,154,13.911124338624331
2023,Sabah,Keningau,Keningau,BELIMBING,BELIMBING,Starfruit,BELIMBING / Starfruit,major,2.4,0.0,0.0,0.0,0.0,statistik_tanaman_buah_2023.pdf,144,0.0
2023,Sabah,Keningau,Keningau,BETIK,BETIK,Papaya,BETIK / Papaya,major,67.4,47.1,262.7,586.7,5.5774946921443735,statistik_tanaman_buah_2023.pdf,144,6.5998592335392186
2023,Sabah,Keningau,Keningau,CEMPEDAK,CEMPEDAK,Cempedak,CEMPEDAK / (Cempedak),major,6.0,0.0,0.0,0.0,0.0,statistik_tanaman_buah_2023.pdf,145,0.0
2023,Sabah,Keningau,Keningau,CIKU,CIKU,Ciku,CIKU / (Ciku),major,0.0,0.0,0.0,0.0,0.0,statistik_tanaman_buah_2023.pdf,145,0.0
2023,Sabah,Keningau,Keningau,DOKONG,DOKONG,Dokong,DOKONG / (Dokong),major,0.0,0.0,0.0,0.0,0.0,statistik_tanaman_buah_2023.pdf,146,0.0
2023,Sabah,Keningau,Keningau,DUKU,DUKU,Duku,DUKU / (Duku),major,7.0,0.0,0.0,0.0,0.0,statistik_tanaman_buah_2023.pdf,146,0.0
2023,Sabah,Keningau,Keningau,DURIAN,DURIAN,Durian,DURIAN / (Durian),major,1261.8,209.3,1696.2,32293.53,8.104156712852365,statistik_tanaman_buah_2023.pdf,147,8.021542017610077
2023,Sabah,Keningau,Keningau,JAMBU_BATU,JAMBU BATU,Guava,JAMBU BATU / Guava,major,3.2,3.2,16.0,55.6,5.0,statistik_tanaman_buah_2023.pdf,147,5.698980686676524
2023,Sabah,Keningau,Keningau,LANGSAT,LANGSAT,Langsat,LANGSAT / (Langsat),major,3.2,0.0,0.0,0.0,0.0,statistik_tanaman_buah_2023.pdf,148,0.0
2023,Sabah,Keningau,Keningau,LIMAU_BESAR,LIMAU BESAR,Pomelo,LIMAU BESAR / Pomelo,major,0.0,0.0,0.0,0.0,0.0,statistik_tanaman_buah_2023.pdf,148,0.0
2023,Sabah,Keningau,Keningau,LIMAU_MANIS,LIMAU MANIS,Sweet Orange,LIMAU MANIS / Sweet Orange,major,0.0,0.0,0.0,0.0,0.0,statistik_tanaman_buah_2023.pdf,149,0.0
2023,Sabah,Keningau,Keningau,MANGGA,MANGGA,Mango,MANGGA / Mango,major,6.8,0.0,0.0,0.0,0.0,statistik_tanaman_buah_2023.pdf,149,0.0
2023,Sabah,Keningau,Keningau,MANGGIS,MANGGIS,Mangosteen,MANGGIS / Mangosteen,major,0.4,0.0,0.0,0.0,0.0,statistik_tanaman_buah_2023.pdf,150,0.0
2023,Sabah,Keningau,Keningau,MATA_NAGA,MATA NAGA/PITAYA,Dragon Fruit,MATA NAGA/PITAYA / Dragon Fruit,major,5.6,0.2,0.4,2.18,2.0,statistik_tanaman_buah_2023.pdf,150,2.112777777777778
2023,Sabah,Keningau,Keningau,NANAS,NANAS,Pineapple,NANAS / Pineapple,major,72.1,15.0,78.4,190.51,5.226666666666668,statistik_tanaman_buah_2023.pdf,151,5.73581282736757
2023,Sabah,Keningau,Keningau,NANGKA,NANGKA,Jackfruit,NANGKA / Jackfruit,major,3.0,0.0,0.0,0.0,0.0,statistik_tanaman_buah_2023.pdf,151,0.0
2023,Sabah,Keningau,Keningau,PISANG,PISANG,Banana,PISANG / Banana,major,71.2,47.0,360.8,736.39,7.676595744680851,statistik_tanaman_buah_2023.pdf,152,7.879590810952248
2023,Sabah,Keningau,Keningau,PULASAN,PULASAN,Pulasan,PULASAN / (Pulasan),major,0.0,0.0,0.0,0.0,0.0,statistik_tanaman_buah_2023.pdf,152,0.0
2023,Sabah,Keningau,Keningau,RAMBUTAN,RAMBUTAN,Rambutan,RAMBUTAN / (Rambutan),major,19.2,0.0,0.0,0.0,0.0,statistik_tanaman_buah_2023.pdf,153,0.0
2023,Sabah,Keningau,Keningau,SALAK,SALAK,Salak,SALAK / (Salak),major,0.0,0.0,0.0,0.0,0.0,statistik_tanaman_buah_2023.pdf,153,0.0
2023,Sabah,Keningau,Keningau,TEMBIKAI,TEMBIKAI,Watermelon,TEMBIKAI / Water-melon,major,20.0,20.0,352.0,807.25,17.6,statistik_tanaman_buah_2023.pdf,154,18.289456402363633
2023,Sabah,Kinabatangan,Kinabatangan,BELIMBING,BELIMBING,Starfruit,BELIMBING / Starfruit,major,0.0,0.0,0.0,0.0,0.0,statistik_tanaman_buah_2023.pdf,144,0.0
2023,Sabah,Kinabatangan,Kinabatangan,BETIK,BETIK,Papaya,BETIK / Papaya,major,0.0,0.0,0.0,0.0,0.0,statistik_tanaman_buah_2023.pdf,144,0.0
2023,Sabah,Kinabatangan,Kinabatangan,CEMPEDAK,CEMPEDAK,Cempedak,CEMPEDAK / (Cempedak),major,1.5,1.0,6.0,25.92,6.0,statistik_tanaman_buah_2023.pdf,145,6.001149702149702
2023,Sabah,Kinabatangan,Kinabatangan,CIKU,CIKU,Ciku,CIKU / (Ciku),major,0.0,0.0,0.0,0.0,0.0,statistik_tanaman_buah_2023.pdf,145,0.0
2023,Sabah,Kinabatangan,Kinabatangan,DOKONG,DOKONG,Dokong,DOKONG / (Dokong),major,0.0,0.0,0.0,0.0,0.0,statistik_tanaman_buah_2023.pdf,146,0.0
2023,Sabah,Kinabatangan,Kinabatangan,DUKU,DUKU,Duku,DUKU / (Duku),major,4.4,2.0,8.0,14.0,4.0,statistik_tanaman_buah_2023.pdf,146,3.996011677665897
2023,Sabah,Kinabatangan,Kinabatangan,DURIAN,DURIAN,Durian,DURIAN / (Durian),major,164.5,35.0,315.0,5997.21,9.0,statistik_tanaman_buah_2023.pdf,147,8.619447885692585
2023,Sabah,Kinabatangan,Kinabatangan,JAMBU_BATU,JAMBU BATU,Guava,JAMBU BATU / Guava,major,0.0,0.0,0.0,0.0,0.0,statistik_tanaman_buah_2023.pdf,147,0.0
2023,Sabah,Kinabatangan,Kinabatangan,LANGSAT,LANGSAT,Langsat,LANGSAT / (Langsat),major,8.4,6.0,60.0,312.6,10.0,statistik_tanaman_buah_2023.pdf,148,9.90763692557875
2023,Sabah,Kinabatangan,Kinabatangan,LIMAU_BESAR,LIMAU BESAR,Pomelo,LIMAU BESAR / Pomelo,major,0.0,0.0,0.0,0.0,0.0,statistik_tanaman_buah_2023.pdf,148,0.0
2023,Sabah,Kinabatangan,Kinabatangan,LIMAU_MANIS,LIMAU MANIS,Sweet Orange,LIMAU MANIS / Sweet Orange,major,0.0,0.0,0.0,0.0,0.0,statistik_tanaman_buah_2023.pdf,149,0.0
2023,Sabah,Kinabatangan,Kinabatangan,MANGGA,MANGGA,Mango,MANGGA / Mango,major,5.8,2.0,8.0,86.24,4.0,statistik_tanaman_buah_2023.pdf,149,4.0197218423015535
2023,Sabah,Kinabatangan,Kinabatangan,MANGGIS,MANGGIS,Mangosteen,MANGGIS / Mangosteen,major,0.0,0.0,0.0,0.0,0.0,statistik_tanaman_buah_2023.pdf,150,0.0
2023,Sabah,Kinabatangan,Kinabatangan,MATA_NAGA,MATA NAGA/PITAYA,Dragon Fruit,MATA NAGA/PITAYA / Dragon Fruit,major,0.0,0.0,0.0,0.0,0.0,statistik_tanaman_buah_2023.pdf,150,0.0
2023,Sabah,Kinabatangan,Kinabatangan,NANAS,NANAS,Pineapple,NANAS / Pineapple,major,4.0,0.0,0.0,0.0,0.0,statistik_tanaman_buah_2023.pdf,151,0.0
2023,Sabah,Kinabatangan,Kinabatangan,NANGKA,NANGKA,Jackfruit,NANGKA / Jackfruit,major,70.0,45.0,111.0,242.54,2.466666666666667,statistik_tanaman_buah_2023.pdf,151,2.466512411420468
2023,Sabah,Kinabatangan,Kinabatangan,PISANG,PISANG,Banana,PISANG / Banana,major,40.0,39.0,971.0,1981.81,24.897435897435894,statistik_tanaman_buah_2023.pdf,152,20.228984467247543
2023,Sabah,Kinabatangan,Kinabatangan,PULASAN,PULASAN,Pulasan,PULASAN / (Pulasan),major,0.0,0.0,0.0,0.0,0.0,statistik_tanaman_buah_2023.pdf,152,0.0
2023,Sabah,Kinabatangan,Kinabatangan,RAMBUTAN,RAMBUTAN,Rambutan,RAMBUTAN / (Rambutan),major,28.4,20.0,240.0,790.8,12.0,statistik_tanaman_buah_2023.pdf,153,12.681108200549465
2023,Sabah,Kinabatangan,Kinabatangan,SALAK,SALAK,Salak,SALAK / (Salak),major,0.0,0.0,0.0,0.0,0.0,statistik_tanaman_buah_2023.pdf,153,0.0
2023,Sabah,Kinabatangan,Kinabatangan,TEMBIKAI,TEMBIKAI,Watermelon,TEMBIKAI / Water-melon,major,1.0,1.0,20.0,45.87,20.0,statistik_tanaman_buah_2023.pdf,154,18.42219865841073
2023,Sabah,Kota Belud,Kota Belud,BELIMBING,BELIMBING,Starfruit,BELIMBING / Starfruit,major,5.7,1.8,13.5,45.09,7.5,statistik_tanaman_buah_2023.pdf,144,7.394258956339676
2023,Sabah,Kota Belud,Kota Belud,BETIK,BETIK,Papaya,BETIK / Papaya,major,9.3,9.1,80.0,178.67,8.791208791208792,statistik_tanaman_buah_2023.pdf,144,9.355190246092159
2023,Sabah,Kota Belud,Kota Belud,CEMPEDAK,CEMPEDAK,Cempedak,CEMPEDAK / (Cempedak),major,124.0,18.5,74.6,322.27,4.032432432432432,statistik_tanaman_buah_2023.pdf,145,3.975007685373169
2023,Sabah,Kota Belud,Kota Belud,CIKU,CIKU,Ciku,CIKU / (Ciku),major,2.5,2.4,17.1,72.16,7.125000000000001,statistik_tanaman_buah_2023.pdf,145,7.16492354312354
2023,Sabah,Kota Belud,Kota Belud,DOKONG,DOKONG,Dokong,DOKONG / (Dokong),major,0.5,0.5,0.8,1.1,1.6,statistik_tanaman_buah_2023.pdf,146,1.5322500000000039
2023,Sabah,Kota Belud,Kota Belud,DUKU,DUKU,Duku,DUKU / (Duku),major,1.0,1.0,3.1,5.43,3.1,statistik_tanaman_buah_2023.pdf,146,3.1006312576312696
2023,Sabah,Kota Belud,Kota Belud,DURIAN,DURIAN,Durian,DURIAN / (Durian),major,309.0,162.0,1328.9,25300.59,8.203086419753086,statistik_tanaman_buah_2023.pdf,147,8.17863858183272
2023,Sabah,Kota Belud,Kota Belud,JAMBU_BATU,JAMBU BATU,Guava,JAMBU BATU / Guava,major,1.7,1.7,6.2,21.55,3.647058823529412,statistik_tanaman_buah_2023.pdf,147,3.655585211906158
2023,Sabah,Kota Belud,Kota Belud,LANGSAT,LANGSAT,Langsat,LANGSAT / (Langsat),major,113.0,65.0,20.7,107.85,0.3184615384615384,statistik_tanaman_buah_2023.pdf,148,0.6025670350089908
2023,Sabah,Kota Belud,Kota Belud,LIMAU_BESAR,LIMAU BESAR,Pomelo,LIMAU BESAR / Pomelo,major,2.8,2.8,22.2,139.42,7.928571428571429,statistik_tanaman_buah_2023.pdf,148,8.049511393537857
2023,Sabah,Kota Belud,Kota Belud,LIMAU_MANIS,LIMAU MANIS,Sweet Orange,LIMAU MANIS / Sweet Orange,major,0.0,0.0,0.0,0.0,0.0,statistik_tanaman_buah_2023.pdf,149,0.0
2023,Sabah,Kota Belud,Kota Belud,MANGGA,MANGGA,Mango,MANGGA / Mango,major,159.2,156.9,360.1,3881.88,2.2950924155513066,statistik_tanaman_buah_2023.pdf,149,2.377022379634922
2023,Sabah,Kota Belud,Kota Belud,MANGGIS,MANGGIS,Mangosteen,MANGGIS / Mangosteen,major,10.1,9.7,46.6,253.97,4.804123711340207,statistik_tanaman_buah_2023.pdf,150,4.882624336477485
2023,Sabah,Kota Belud,Kota Belud,MATA_NAGA,MATA NAGA/PITAYA,Dragon Fruit,MATA NAGA/PITAYA / Dragon Fruit,major,5.4,5.4,23.2,126.21,4.296296296296296,statistik_tanaman_buah_2023.pdf,150,4.3244941231638085
2023,Sabah,Kota Belud,Kota Belud,NANAS,NANAS,Pineapple,NANAS / Pineapple,major,229.4,164.6,1830.7,4448.6,11.122114216281895,statistik_tanaman_buah_2023.pdf,151,11.755654522528264
2023,Sabah,Kota Belud,Kota Belud,NANGKA,NANGKA,Jackfruit,NANGKA / Jackfruit,major,55.0,24.1,344.7,753.17,14.302904564315352,statistik_tanaman_buah_2023.pdf,151,14.41636272333184
2023,Sabah,Kota Belud,Kota Belud,PISANG,PISANG,Banana,PISANG / Banana,major,740.2,678.7,9464.6,19317.25,13.945189332547518,statistik_tanaman_buah_2023.pdf,152,15.06085913113265
2023,Sabah,Kota Belud,Kota Belud,PULASAN,PULASAN,Pulasan,PULASAN / (Pulasan),major,0.0,0.0,0.0,0.0,0.0,statistik_tanaman_buah_2023.pdf,152,0.0
2023,Sabah,Kota Belud,Kota Belud,RAMBUTAN,RAMBUTAN,Rambutan,RAMBUTAN / (Rambutan),major,140.5,99.3,629.1,2072.88,6.33534743202417,statistik_tanaman_buah_2023.pdf,153,6.675681658844119
2023,Sabah,Kota Belud,Kota Belud,SALAK,SALAK,Salak,SALAK / (Salak),major,0.0,0.0,0.0,0.0,0.0,statistik_tanaman_buah_2023.pdf,153,0.0
2023,Sabah,Kota Belud,Kota Belud,TEMBIKAI,TEMBIKAI,Watermelon,TEMBIKAI / Water-melon,major,12.6,10.6,81.7,187.37,7.707547169811321,statistik_tanaman_buah_2023.pdf,154,8.373225351530634
2023,Sabah,Kota Kinabalu,Kota Kinabalu,BELIMBING,BELIMBING,Starfruit,BELIMBING / Starfruit,major,0.0,0.0,0.0,0.0,0.0,statistik_tanaman_buah_2023.pdf,144,0.0
2023,Sabah,Kota Kinabalu,Kota Kinabalu,BETIK,BETIK,Papaya,BETIK / Papaya,major,0.0,0.0,0.0,0.0,0.0,statistik_tanaman_buah_2023.pdf,144,0.0
2023,Sabah,Kota Kinabalu,Kota Kinabalu,CEMPEDAK,CEMPEDAK,Cempedak,CEMPEDAK / (Cempedak),major,3.1,1.5,3.5,15.12,2.333333333333333,statistik_tanaman_buah_2023.pdf,145,2.4308095238095286
2023,Sabah,Kota Kinabalu,Kota Kinabalu,CIKU,CIKU,Ciku,CIKU / (Ciku),major,0.0,0.0,0.0,0.0,0.0,statistik_tanaman_buah_2023.pdf,145,0.0
2023,Sabah,Kota Kinabalu,Kota Kinabalu,DOKONG,DOKONG,Dokong,DOKONG / (Dokong),major,0.0,0.0,0.0,0.0,0.0,statistik_tanaman_buah_2023.pdf,146,0.0
2023,Sabah,Kota Kinabalu,Kota Kinabalu,DUKU,DUKU,Duku,DUKU / (Duku),major,1.7,0.0,0.0,0.0,0.0,statistik_tanaman_buah_2023.pdf,146,0.0
2023,Sabah,Kota Kinabalu,Kota Kinabalu,DURIAN,DURIAN,Durian,DURIAN / (Durian),major,76.1,10.0,25.0,475.97,2.5,statistik_tanaman_buah_2023.pdf,147,2.5438913009547583
2023,Sabah,Kota Kinabalu,Kota Kinabalu,JAMBU_BATU,JAMBU BATU,Guava,JAMBU BATU / Guava,major,0.0,0.0,0.0,0.0,0.0,statistik_tanaman_buah_2023.pdf,147,0.0
2023,Sabah,Kota Kinabalu,Kota Kinabalu,LANGSAT,LANGSAT,Langsat,LANGSAT / (Langsat),major,12.6,5.0,8.0,41.68,1.6,statistik_tanaman_buah_2023.pdf,148,1.5972037959127632
2023,Sabah,Kota Kinabalu,Kota Kinabalu,LIMAU_BESAR,LIMAU BESAR,Pomelo,LIMAU BESAR / Pomelo,major,0.0,0.0,0.0,0.0,0.0,statistik_tanaman_buah_2023.pdf,148,0.0
2023,Sabah,Kota Kinabalu,Kota Kinabalu,LIMAU_MANIS,LIMAU MANIS,Sweet Orange,LIMAU MANIS / Sweet Orange,major,0.0,0.0,0.0,0.0,0.0,statistik_tanaman_buah_2023.pdf,149,0.0
2023,Sabah,Kota Kinabalu,Kota Kinabalu,MANGGA,MANGGA,Mango,MANGGA / Mango,major,0.3,0.3,0.5,5.39,1.6666666666666667,statistik_tanaman_buah_2023.pdf,149,1.6747777777777828
2023,Sabah,Kota Kinabalu,Kota Kinabalu,MANGGIS,MANGGIS,Mangosteen,MANGGIS / Mangosteen,major,6.5,4.0,6.5,35.43,1.625,statistik_tanaman_buah_2023.pdf,150,1.672663156397194
2023,Sabah,Kota Kinabalu,Kota Kinabalu,MATA_NAGA,MATA NAGA/PITAYA,Dragon Fruit,MATA NAGA/PITAYA / Dragon Fruit,major,0.1,0.0,0.0,0.0,0.0,statistik_tanaman_buah_2023.pdf,150,0.0
2023,Sabah,Kota Kinabalu,Kota Kinabalu,NANAS,NANAS,Pineapple,NANAS / Pineapple,major,6.1,4.0,44.8,108.86,11.2,statistik_tanaman_buah_2023.pdf,151,10.139838506111806
2023,Sabah,Kota Kinabalu,Kota Kinabalu,NANGKA,NANGKA,Jackfruit,NANGKA / Jackfruit,major,1.5,1.5,11.8,25.78,7.866666666666667,statistik_tanaman_buah_2023.pdf,151,8.103652068519702
2023,Sabah,Kota Kinabalu,Kota Kinabalu,PISANG,PISANG,Banana,PISANG / Banana,major,0.0,0.0,0.0,0.0,0.0,statistik_tanaman_buah_2023.pdf,152,0.0
2023,Sabah,Kota Kinabalu,Kota Kinabalu,PULASAN,PULASAN,Pulasan,PULASAN / (Pulasan),major,0.0,0.0,0.0,0.0,0.0,statistik_tanaman_buah_2023.pdf,152,0.0
2023,Sabah,Kota Kinabalu,Kota Kinabalu,RAMBUTAN,RAMBUTAN,Rambutan,RAMBUTAN / (Rambutan),major,6.5,0.0,0.0,0.0,0.0,statistik_tanaman_buah_2023.pdf,153,0.0
2023,Sabah,Kota Kinabalu,Kota Kinabalu,SALAK,SALAK,Salak,SALAK / (Salak),major,0.0,0.0,0.0,0.0,0.0,statistik_tanaman_buah_2023.pdf,153,0.0
2023,Sabah,Kota Kinabalu,Kota Kinabalu,TEMBIKAI,TEMBIKAI,Watermelon,TEMBIKAI / Water-melon,major,0.3,0.3,0.3,0.69,1.0,statistik_tanaman_buah_2023.pdf,154,1.178222222222222
2023,Sabah,Kota Marudu,Kota Marudu,BELIMBING,BELIMBING,Starfruit,BELIMBING / Starfruit,major,0.6,0.2,0.6,2.0,3.0,statistik_tanaman_buah_2023.pdf,144,2.9825
2023,Sabah,Kota Marudu,Kota Marudu,BETIK,BETIK,Papaya,BETIK / Papaya,major,1.3,1.0,16.1,35.96,16.1,statistik_tanaman_buah_2023.pdf,144,15.686973152578418
2023,Sabah,Kota Marudu,Kota Marudu,CEMPEDAK,CEMPEDAK,Cempedak,CEMPEDAK / (Cempedak),major,12.4,0.4,1.2,5.18,3.0,statistik_tanaman_buah_2023.pdf,145,2.9406111111111115
2023,Sabah,Kota Marudu,Kota Marudu,CIKU,CIKU,Ciku,CIKU / (Ciku),major,0.4,0.0,0.0,0.0,0.0,statistik_tanaman_buah_2023.pdf,145,0.0
2023,Sabah,Kota Marudu,Kota Marudu,DOKONG,DOKONG,Dokong,DOKONG / (Dokong),major,0.0,0.0,0.0,0.0,0.0,statistik_tanaman_buah_2023.pdf,146,0.0
2023,Sabah,Kota Marudu,Kota Marudu,DUKU,DUKU,Duku,DUKU / (Duku),major,5.0,2.0,9.0,15.75,4.5,statistik_tanaman_buah_2023.pdf,146,4.4777967772967795
2023,Sabah,Kota Marudu,Kota Marudu,DURIAN,DURIAN,Durian,DURIAN / (Durian),major,129.5,10.0,31.0,590.2,3.1,statistik_tanaman_buah_2023.pdf,147,3.1024018204832484
2023,Sabah,Kota Marudu,Kota Marudu,JAMBU_BATU,JAMBU BATU,Guava,JAMBU BATU / Guava,major,0.0,0.0,0.0,0.0,0.0,statistik_tanaman_buah_2023.pdf,147,0.0
2023,Sabah,Kota Marudu,Kota Marudu,LANGSAT,LANGSAT,Langsat,LANGSAT / (Langsat),major,24.2,5.0,20.0,104.2,4.0,statistik_tanaman_buah_2023.pdf,148,3.880006518916646
2023,Sabah,Kota Marudu,Kota Marudu,LIMAU_BESAR,LIMAU BESAR,Pomelo,LIMAU BESAR / Pomelo,major,2.2,0.2,1.0,6.28,5.0,statistik_tanaman_buah_2023.pdf,148,4.3446349206349195
2023,Sabah,Kota Marudu,Kota Marudu,LIMAU_MANIS,LIMAU MANIS,Sweet Orange,LIMAU MANIS / Sweet Orange,major,2.7,0.0,0.0,0.0,0.0,statistik_tanaman_buah_2023.pdf,149,0.0
2023,Sabah,Kota Marudu,Kota Marudu,MANGGA,MANGGA,Mango,MANGGA / Mango,major,15.7,10.4,15.4,166.01,1.4807692307692308,statistik_tanaman_buah_2023.pdf,149,1.5062198624996626
2023,Sabah,Kota Marudu,Kota Marudu,MANGGIS,MANGGIS,Mangosteen,MANGGIS / Mangosteen,major,8.2,0.0,0.0,0.0,0.0,statistik_tanaman_buah_2023.pdf,150,0.0
2023,Sabah,Kota Marudu,Kota Marudu,MATA_NAGA,MATA NAGA/PITAYA,Dragon Fruit,MATA NAGA/PITAYA / Dragon Fruit,major,0.0,0.0,0.0,0.0,0.0,statistik_tanaman_buah_2023.pdf,150,0.0
2023,Sabah,Kota Marudu,Kota Marudu,NANAS,NANAS,Pineapple,NANAS / Pineapple,major,34.5,2.0,35.4,86.02,17.7,statistik_tanaman_buah_2023.pdf,151,15.847904703981136
2023,Sabah,Kota Marudu,Kota Marudu,NANGKA,NANGKA,Jackfruit,NANGKA / Jackfruit,major,13.0,0.0,0.0,0.0,0.0,statistik_tanaman_buah_2023.pdf,151,0.0
2023,Sabah,Kota Marudu,Kota Marudu,PISANG,PISANG,Banana,PISANG / Banana,major,398.1,395.1,4351.4,8881.21,11.013414325487217,statistik_tanaman_buah_2023.pdf,152,11.829871261066453
2023,Sabah,Kota Marudu,Kota Marudu,PULASAN,PULASAN,Pulasan,PULASAN / (Pulasan),major,0.0,0.0,0.0,0.0,0.0,statistik_tanaman_buah_2023.pdf,152,0.0
2023,Sabah,Kota Marudu,Kota Marudu,RAMBUTAN,RAMBUTAN,Rambutan,RAMBUTAN / (Rambutan),major,21.7,10.0,21.0,69.2,2.1,statistik_tanaman_buah_2023.pdf,153,2.2004708663823966
2023,Sabah,Kota Marudu,Kota Marudu,SALAK,SALAK,Salak,SALAK / (Salak),major,0.0,0.0,0.0,0.0,0.0,statistik_tanaman_buah_2023.pdf,153,0.0
2023,Sabah,Kota Marudu,Kota Marudu,TEMBIKAI,TEMBIKAI,Watermelon,TEMBIKAI / Water-melon,major,2.3,2.3,10.6,24.31,4.608695652173913,statistik_tanaman_buah_2023.pdf,154,5.969536161682983
2023,Sabah,Kuala Penyu,Kuala Penyu,BELIMBING,BELIMBING,Starfruit,BELIMBING / Starfruit,major,0.0,0.0,0.0,0.0,0.0,statistik_tanaman_buah_2023.pdf,144,0.0
2023,Sabah,Kuala Penyu,Kuala Penyu,BETIK,BETIK,Papaya,BETIK / Papaya,major,0.0,0.0,0.0,0.0,0.0,statistik_tanaman_buah_2023.pdf,144,0.0
2023,Sabah,Kuala Penyu,Kuala Penyu,CEMPEDAK,CEMPEDAK,Cempedak,CEMPEDAK / (Cempedak),major,4.5,3.8,5.0,21.6,1.3157894736842106,statistik_tanaman_buah_2023.pdf,145,1.3415286581559365
2023,Sabah,Kuala Penyu,Kuala Penyu,CIKU,CIKU,Ciku,CIKU / (Ciku),major,0.0,0.0,0.0,0.0,0.0,statistik_tanaman_buah_2023.pdf,145,0.0
2023,Sabah,Kuala Penyu,Kuala Penyu,DOKONG,DOKONG,Dokong,DOKONG / (Dokong),major,0.0,0.0,0.0,0.0,0.0,statistik_tanaman_buah_2023.pdf,146,0.0
2023,Sabah,Kuala Penyu,Kuala Penyu,DUKU,DUKU,Duku,DUKU / (Duku),major,0.0,0.0,0.0,0.0,0.0,statistik_tanaman_buah_2023.pdf,146,0.0
2023,Sabah,Kuala Penyu,Kuala Penyu,DURIAN,DURIAN,Durian,DURIAN / (Durian),major,72.5,24.3,13.0,247.5,0.5349794238683128,statistik_tanaman_buah_2023.pdf,147,0.8179302883754951
2023,Sabah,Kuala Penyu,Kuala Penyu,JAMBU_BATU,JAMBU BATU,Guava,JAMBU BATU / Guava,major,0.0,0.0,0.0,0.0,0.0,statistik_tanaman_buah_2023.pdf,147,0.0
2023,Sabah,Kuala Penyu,Kuala Penyu,LANGSAT,LANGSAT,Langsat,LANGSAT / (Langsat),major,0.0,0.0,0.0,0.0,0.0,statistik_tanaman_buah_2023.pdf,148,0.0
2023,Sabah,Kuala Penyu,Kuala Penyu,LIMAU_BESAR,LIMAU BESAR,Pomelo,LIMAU BESAR / Pomelo,major,0.0,0.0,0.0,0.0,0.0,statistik_tanaman_buah_2023.pdf,148,0.0
2023,Sabah,Kuala Penyu,Kuala Penyu,LIMAU_MANIS,LIMAU MANIS,Sweet Orange,LIMAU MANIS / Sweet Orange,major,0.0,0.0,0.0,0.0,0.0,statistik_tanaman_buah_2023.pdf,149,0.0
2023,Sabah,Kuala Penyu,Kuala Penyu,MANGGA,MANGGA,Mango,MANGGA / Mango,major,118.3,63.5,205.1,2210.98,3.2299212598425195,statistik_tanaman_buah_2023.pdf,149,3.1615121067001373
2023,Sabah,Kuala Penyu,Kuala Penyu,MANGGIS,MANGGIS,Mangosteen,MANGGIS / Mangosteen,major,0.0,0.0,0.0,0.0,0.0,statistik_tanaman_buah_2023.pdf,150,0.0
2023,Sabah,Kuala Penyu,Kuala Penyu,MATA_NAGA,MATA NAGA/PITAYA,Dragon Fruit,MATA NAGA/PITAYA / Dragon Fruit,major,0.0,0.0,0.0,0.0,0.0,statistik_tanaman_buah_2023.pdf,150,0.0
2023,Sabah,Kuala Penyu,Kuala Penyu,NANAS,NANAS,Pineapple,NANAS / Pineapple,major,0.0,0.0,0.0,0.0,0.0,statistik_tanaman_buah_2023.pdf,151,0.0
2023,Sabah,Kuala Penyu,Kuala Penyu,NANGKA,NANGKA,Jackfruit,NANGKA / Jackfruit,major,0.0,0.0,0.0,0.0,0.0,statistik_tanaman_buah_2023.pdf,151,0.0
2023,Sabah,Kuala Penyu,Kuala Penyu,PISANG,PISANG,Banana,PISANG / Banana,major,47.1,32.9,490.7,1001.52,14.914893617021276,statistik_tanaman_buah_2023.pdf,152,14.978376592123647
2023,Sabah,Kuala Penyu,Kuala Penyu,PULASAN,PULASAN,Pulasan,PULASAN / (Pulasan),major,0.0,0.0,0.0,0.0,0.0,statistik_tanaman_buah_2023.pdf,152,0.0
2023,Sabah,Kuala Penyu,Kuala Penyu,RAMBUTAN,RAMBUTAN,Rambutan,RAMBUTAN / (Rambutan),major,9.0,2.7,18.9,62.28,6.999999999999999,statistik_tanaman_buah_2023.pdf,153,6.990127394936753
2023,Sabah,Kuala Penyu,Kuala Penyu,SALAK,SALAK,Salak,SALAK / (Salak),major,0.0,0.0,0.0,0.0,0.0,statistik_tanaman_buah_2023.pdf,153,0.0
2023,Sabah,Kuala Penyu,Kuala Penyu,TEMBIKAI,TEMBIKAI,Watermelon,TEMBIKAI / Water-melon,major,5.5,5.5,137.5,315.33,25.0,statistik_tanaman_buah_2023.pdf,154,23.336569103879764
2023,Sabah,Kudat,Kudat,BELIMBING,BELIMBING,Starfruit,BELIMBING / Starfruit,major,1.0,1.0,6.5,21.71,6.5,statistik_tanaman_buah_2023.pdf,144,6.611851000850991
2023,Sabah,Kudat,Kudat,BETIK,BETIK,Papaya,BETIK / Papaya,major,3.0,2.5,2.5,5.58,1.0,statistik_tanaman_buah_2023.pdf,144,0.9770263906028613
2023,Sabah,Kudat,Kudat,CEMPEDAK,CEMPEDAK,Cempedak,CEMPEDAK / (Cempedak),major,5.0,4.6,24.5,105.84,5.326086956521739,statistik_tanaman_buah_2023.pdf,145,5.438894353417577
2023,Sabah,Kudat,Kudat,CIKU,CIKU,Ciku,CIKU / (Ciku),major,0.1,0.1,0.2,0.84,2.0,statistik_tanaman_buah_2023.pdf,145,1.8083333333333333
2023,Sabah,Kudat,Kudat,DOKONG,DOKONG,Dokong,DOKONG / (Dokong),major,0.0,0.0,0.0,0.0,0.0,statistik_tanaman_buah_2023.pdf,146,0.0
2023,Sabah,Kudat,Kudat,DUKU,DUKU,Duku,DUKU / (Duku),major,0.0,0.0,0.0,0.0,0.0,statistik_tanaman_buah_2023.pdf,146,0.0
2023,Sabah,Kudat,Kudat,DURIAN,DURIAN,Durian,DURIAN / (Durian),major,10.5,5.0,6.0,114.23,1.2,statistik_tanaman_buah_2023.pdf,147,1.214275087433905
2023,Sabah,Kudat,Kudat,JAMBU_BATU,JAMBU BATU,Guava,JAMBU BATU / Guava,major,0.9,0.9,3.3,11.47,3.6666666666666665,statistik_tanaman_buah_2023.pdf,147,3.9615396825396814
2023,Sabah,Kudat,Kudat,LANGSAT,LANGSAT,Langsat,LANGSAT / (Langsat),major,0.3,0.3,2.4,12.5,8.0,statistik_tanaman_buah_2023.pdf,148,8.49111904761905
2023,Sabah,Kudat,Kudat,LIMAU_BESAR,LIMAU BESAR,Pomelo,LIMAU BESAR / Pomelo,major,0.2,0.2,1.0,6.28,5.0,statistik_tanaman_buah_2023.pdf,148,4.557222222222221
2023,Sabah,Kudat,Kudat,LIMAU_MANIS,LIMAU MANIS,Sweet Orange,LIMAU MANIS / Sweet Orange,major,0.0,0.0,0.0,0.0,0.0,statistik_tanaman_buah_2023.pdf,149,0.0
2023,Sabah,Kudat,Kudat,MANGGA,MANGGA,Mango,MANGGA / Mango,major,50.9,30.8,105.9,1141.6,3.438311688311688,statistik_tanaman_buah_2023.pdf,149,3.481619002467375
2023,Sabah,Kudat,Kudat,MANGGIS,MANGGIS,Mangosteen,MANGGIS / Mangosteen,major,0.5,0.5,5.0,27.25,10.0,statistik_tanaman_buah_2023.pdf,150,9.921509259259265
2023,Sabah,Kudat,Kudat,MATA_NAGA,MATA NAGA/PITAYA,Dragon Fruit,MATA NAGA/PITAYA / Dragon Fruit,major,2.6,1.8,3.7,20.13,2.055555555555556,statistik_tanaman_buah_2023.pdf,150,2.110117149557361
2023,Sabah,Kudat,Kudat,NANAS,NANAS,Pineapple,NANAS / Pineapple,major,6.2,2.6,15.2,36.94,5.846153846153846,statistik_tanaman_buah_2023.pdf,151,5.961864572400763
2023,Sabah,Kudat,Kudat,NANGKA,NANGKA,Jackfruit,NANGKA / Jackfruit,major,7.3,4.1,17.9,39.11,4.365853658536586,statistik_tanaman_buah_2023.pdf,151,4.266415893266328
2023,Sabah,Kudat,Kudat,PISANG,PISANG,Banana,PISANG / Banana,major,385.6,327.0,4152.5,8475.25,12.698776758409783,statistik_tanaman_buah_2023.pdf,152,13.024366455799377
2023,Sabah,Kudat,Kudat,PULASAN,PULASAN,Pulasan,PULASAN / (Pulasan),major,0.0,0.0,0.0,0.0,0.0,statistik_tanaman_buah_2023.pdf,152,0.0
2023,Sabah,Kudat,Kudat,RAMBUTAN,RAMBUTAN,Rambutan,RAMBUTAN / (Rambutan),major,8.9,7.0,28.0,92.26,4.0,statistik_tanaman_buah_2023.pdf,153,3.996201185782216
2023,Sabah,Kudat,Kudat,SALAK,SALAK,Salak,SALAK / (Salak),major,0.0,0.0,0.0,0.0,0.0,statistik_tanaman_buah_2023.pdf,153,0.0
2023,Sabah,Kudat,Kudat,TEMBIKAI,TEMBIKAI,Watermelon,TEMBIKAI / Water-melon,major,35.4,35.4,587.0,1346.19,16.581920903954803,statistik_tanaman_buah_2023.pdf,154,16.232653496474015
2023,Sabah,Kunak,Kunak,BELIMBING,BELIMBING,Starfruit,BELIMBING / Starfruit,major,0.0,0.0,0.0,0.0,0.0,statistik_tanaman_buah_2023.pdf,144,0.0
2023,Sabah,Kunak,Kunak,BETIK,BETIK,Papaya,BETIK / Papaya,major,4.4,4.4,16.8,37.52,3.818181818181818,statistik_tanaman_buah_2023.pdf,144,4.084818141600303
2023,Sabah,Kunak,Kunak,CEMPEDAK,CEMPEDAK,Cempedak,CEMPEDAK / (Cempedak),major,2.0,2.0,2.2,9.5,1.1,statistik_tanaman_buah_2023.pdf,145,1.1149054934344427
2023,Sabah,Kunak,Kunak,CIKU,CIKU,Ciku,CIKU / (Ciku),major,0.0,0.0,0.0,0.0,0.0,statistik_tanaman_buah_2023.pdf,145,0.0
2023,Sabah,Kunak,Kunak,DOKONG,DOKONG,Dokong,DOKONG / (Dokong),major,0.0,0.0,0.0,0.0,0.0,statistik_tanaman_buah_2023.pdf,146,0.0
2023,Sabah,Kunak,Kunak,DUKU,DUKU,Duku,DUKU / (Duku),major,0.0,0.0,0.0,0.0,0.0,statistik_tanaman_buah_2023.pdf,146,0.0
2023,Sabah,Kunak,Kunak,DURIAN,DURIAN,Durian,DURIAN / (Durian),major,71.2,7.0,4.6,87.58,0.6571428571428571,statistik_tanaman_buah_2023.pdf,147,0.6874844757388398
2023,Sabah,Kunak,Kunak,JAMBU_BATU,JAMBU BATU,Guava,JAMBU BATU / Guava,major,0.0,0.0,0.0,0.0,0.0,statistik_tanaman_buah_2023.pdf,147,0.0
2023,Sabah,Kunak,Kunak,LANGSAT,LANGSAT,Langsat,LANGSAT / (Langsat),major,5.0,0.0,0.0,0.0,0.0,statistik_tanaman_buah_2023.pdf,148,0.0
2023,Sabah,Kunak,Kunak,LIMAU_BESAR,LIMAU BESAR,Pomelo,LIMAU BESAR / Pomelo,major,0.0,0.0,0.0,0.0,0.0,statistik_tanaman_buah_2023.pdf,148,0.0
2023,Sabah,Kunak,Kunak,LIMAU_MANIS,LIMAU MANIS,Sweet Orange,LIMAU MANIS / Sweet Orange,major,0.0,0.0,0.0,0.0,0.0,statistik_tanaman_buah_2023.pdf,149,0.0
2023,Sabah,Kunak,Kunak,MANGGA,MANGGA,Mango,MANGGA / Mango,major,20.0,1.0,8.1,87.32,8.1,statistik_tanaman_buah_2023.pdf,149,7.657723591223567
2023,Sabah,Kunak,Kunak,MANGGIS,MANGGIS,Mangosteen,MANGGIS / Mangosteen,major,0.0,0.0,0.0,0.0,0.0,statistik_tanaman_buah_2023.pdf,150,0.0
2023,Sabah,Kunak,Kunak,MATA_NAGA,MATA NAGA/PITAYA,Dragon Fruit,MATA NAGA/PITAYA / Dragon Fruit,major,0.0,0.0,0.0,0.0,0.0,statistik_tanaman_buah_2023.pdf,150,0.0
2023,Sabah,Kunak,Kunak,NANAS,NANAS,Pineapple,NANAS / Pineapple,major,4.0,2.5,23.8,57.83,9.52,statistik_tanaman_buah_2023.pdf,151,9.326564495955685
2023,Sabah,Kunak,Kunak,NANGKA,NANGKA,Jackfruit,NANGKA / Jackfruit,major,14.0,0.0,0.0,0.0,0.0,statistik_tanaman_buah_2023.pdf,151,0.0
2023,Sabah,Kunak,Kunak,PISANG,PISANG,Banana,PISANG / Banana,major,52.0,48.0,1180.5,2409.4,24.59375,statistik_tanaman_buah_2023.pdf,152,23.773760678068754
2023,Sabah,Kunak,Kunak,PULASAN,PULASAN,Pulasan,PULASAN / (Pulasan),major,0.0,0.0,0.0,0.0,0.0,statistik_tanaman_buah_2023.pdf,152,0.0
2023,Sabah,Kunak,Kunak,RAMBUTAN,RAMBUTAN,Rambutan,RAMBUTAN / (Rambutan),major,13.0,0.0,0.0,0.0,0.0,statistik_tanaman_buah_2023.pdf,153,0.0
2023,Sabah,Kunak,Kunak,SALAK,SALAK,Salak,SALAK / (Salak),major,2.0,2.0,41.1,115.08,20.55,statistik_tanaman_buah_2023.pdf,153,19.864626373626436
2023,Sabah,Kunak,Kunak,TEMBIKAI,TEMBIKAI,Watermelon,TEMBIKAI / Water-melon,major,0.0,0.0,0.0,0.0,0.0,statistik_tanaman_buah_2023.pdf,154,0.0
2023,Sabah,Lahad Datu,Lahad Datu,BELIMBING,BELIMBING,Starfruit,BELIMBING / Starfruit,major,2.0,0.9,4.8,16.03,5.333333333333333,statistik_tanaman_buah_2023.pdf,144,5.4169616402116265
2023,Sabah,Lahad Datu,Lahad Datu,BETIK,BETIK,Papaya,BETIK / Papaya,major,10.5,9.8,115.7,258.4,11.806122448979592,statistik_tanaman_buah_2023.pdf,144,11.249051885557481
2023,Sabah,Lahad Datu,Lahad Datu,CEMPEDAK,CEMPEDAK,Cempedak,CEMPEDAK / (Cempedak),major,15.0,9.8,91.3,394.42,9.316326530612244,statistik_tanaman_buah_2023.pdf,145,9.317354829211116
2023,Sabah,Lahad Datu,Lahad Datu,CIKU,CIKU,Ciku,CIKU / (Ciku),major,1.0,0.5,1.7,7.17,3.4,statistik_tanaman_buah_2023.pdf,145,3.498357142857134
2023,Sabah,Lahad Datu,Lahad Datu,DOKONG,DOKONG,Dokong,DOKONG / (Dokong),major,0.0,0.0,0.0,0.0,0.0,statistik_tanaman_buah_2023.pdf,146,0.0
2023,Sabah,Lahad Datu,Lahad Datu,DUKU,DUKU,Duku,DUKU / (Duku),major,21.0,16.8,78.6,137.55,4.678571428571428,statistik_tanaman_buah_2023.pdf,146,4.661327307494118
2023,Sabah,Lahad Datu,Lahad Datu,DURIAN,DURIAN,Durian,DURIAN / (Durian),major,279.9,171.2,1347.6,25656.62,7.871495327102804,statistik_tanaman_buah_2023.pdf,147,8.047273088621944
2023,Sabah,Lahad Datu,Lahad Datu,JAMBU_BATU,JAMBU BATU,Guava,JAMBU BATU / Guava,major,15.0,15.0,85.7,297.81,5.713333333333334,statistik_tanaman_buah_2023.pdf,147,5.928506181894443
2023,Sabah,Lahad Datu,Lahad Datu,LANGSAT,LANGSAT,Langsat,LANGSAT / (Langsat),major,71.6,45.0,141.2,735.65,3.1377777777777776,statistik_tanaman_buah_2023.pdf,148,3.238804000421815
2023,Sabah,Lahad Datu,Lahad Datu,LIMAU_BESAR,LIMAU BESAR,Pomelo,LIMAU BESAR / Pomelo,major,2.0,2.0,12.2,76.62,6.1,statistik_tanaman_buah_2023.pdf,148,6.314130950141091
2023,Sabah,Lahad Datu,Lahad Datu,LIMAU_MANIS,LIMAU MANIS,Sweet Orange,LIMAU MANIS / Sweet Orange,major,15.0,15.0,48.9,269.44,3.26,statistik_tanaman_buah_2023.pdf,149,3.4122008139229094
2023,Sabah,Lahad Datu,Lahad Datu,MANGGA,MANGGA,Mango,MANGGA / Mango,major,68.5,9.2,62.1,669.44,6.750000000000001,statistik_tanaman_buah_2023.pdf,149,6.531634137938489
2023,Sabah,Lahad Datu,Lahad Datu,MANGGIS,MANGGIS,Mangosteen,MANGGIS / Mangosteen,major,6.0,0.0,0.0,0.0,0.0,statistik_tanaman_buah_2023.pdf,150,0.0
2023,Sabah,Lahad Datu,Lahad Datu,MATA_NAGA,MATA NAGA/PITAYA,Dragon Fruit,MATA NAGA/PITAYA / Dragon Fruit,major,10.1,6.6,39.0,212.16,5.909090909090909,statistik_tanaman_buah_2023.pdf,150,5.756983252822358
2023,Sabah,Lahad Datu,Lahad Datu,NANAS,NANAS,Pineapple,NANAS / Pineapple,major,11.2,2.2,4.9,11.91,2.227272727272727,statistik_tanaman_buah_2023.pdf,151,2.219383040859748
2023,Sabah,Lahad Datu,Lahad Datu,NANGKA,NANGKA,Jackfruit,NANGKA / Jackfruit,major,15.0,7.5,25.9,56.59,3.453333333333333,statistik_tanaman_buah_2023.pdf,151,3.517034488780665
2023,Sabah,Lahad Datu,Lahad Datu,PISANG,PISANG,Banana,PISANG / Banana,major,118.0,104.8,2016.2,4115.06,19.23854961832061,statistik_tanaman_buah_2023.pdf,152,19.02581682372594
2023,Sabah,Lahad Datu,Lahad Datu,PULASAN,PULASAN,Pulasan,PULASAN / (Pulasan),major,0.0,0.0,0.0,0.0,0.0,statistik_tanaman_buah_2023.pdf,152,0.0
2023,Sabah,Lahad Datu,Lahad Datu,RAMBUTAN,RAMBUTAN,Rambutan,RAMBUTAN / (Rambutan),major,86.0,68.0,135.0,444.83,1.9852941176470589,statistik_tanaman_buah_2023.pdf,153,2.1336275205390245
2023,Sabah,Lahad Datu,Lahad Datu,SALAK,SALAK,Salak,SALAK / (Salak),major,2.0,1.5,5.0,14.0,3.333333333333333,statistik_tanaman_buah_2023.pdf,153,3.3965898742688063
2023,Sabah,Lahad Datu,Lahad Datu,TEMBIKAI,TEMBIKAI,Watermelon,TEMBIKAI / Water-melon,major,6.0,6.0,128.0,293.55,21.33333333333333,statistik_tanaman_buah_2023.pdf,154,19.93537025804146
2023,Sabah,Matunggong,Matunggong,BELIMBING,BELIMBING,Starfruit,BELIMBING / Starfruit,major,0.0,0.0,0.0,0.0,0.0,statistik_tanaman_buah_2023.pdf,144,0.0
2023,Sabah,Matunggong,Matunggong,BETIK,BETIK,Papaya,BETIK / Papaya,major,0.0,0.0,0.0,0.0,0.0,statistik_tanaman_buah_2023.pdf,144,0.0
2023,Sabah,Matunggong,Matunggong,CEMPEDAK,CEMPEDAK,Cempedak,CEMPEDAK / (Cempedak),major,7.0,7.0,30.8,133.06,4.4,statistik_tanaman_buah_2023.pdf,145,4.386447140822143
2023,Sabah,Matunggong,Matunggong,CIKU,CIKU,Ciku,CIKU / (Ciku),major,0.0,0.0,0.0,0.0,0.0,statistik_tanaman_buah_2023.pdf,145,0.0
2023,Sabah,Matunggong,Matunggong,DOKONG,DOKONG,Dokong,DOKONG / (Dokong),major,0.0,0.0,0.0,0.0,0.0,statistik_tanaman_buah_2023.pdf,146,0.0
2023,Sabah,Matunggong,Matunggong,DUKU,DUKU,Duku,DUKU / (Duku),major,0.0,0.0,0.0,0.0,0.0,statistik_tanaman_buah_2023.pdf,146,0.0
2023,Sabah,Matunggong,Matunggong,DURIAN,DURIAN,Durian,DURIAN / (Durian),major,4.7,3.5,10.5,199.91,3.0,statistik_tanaman_buah_2023.pdf,147,3.146580881355155
2023,Sabah,Matunggong,Matunggong,JAMBU_BATU,JAMBU BATU,Guava,JAMBU BATU / Guava,major,0.0,0.0,0.0,0.0,0.0,statistik_tanaman_buah_2023.pdf,147,0.0
2023,Sabah,Matunggong,Matunggong,LANGSAT,LANGSAT,Langsat,LANGSAT / (Langsat),major,5.0,4.0,12.5,65.13,3.125,statistik_tanaman_buah_2023.pdf,148,3.2551235761374837
2023,Sabah,Matunggong,Matunggong,LIMAU_BESAR,LIMAU BESAR,Pomelo,LIMAU BESAR / Pomelo,major,6.0,6.0,19.5,122.46,3.25,statistik_tanaman_buah_2023.pdf,148,3.2744213427215745
2023,Sabah,Matunggong,Matunggong,LIMAU_MANIS,LIMAU MANIS,Sweet Orange,LIMAU MANIS / Sweet Orange,major,4.0,4.0,12.4,68.32,3.1,statistik_tanaman_buah_2023.pdf,149,3.3033353475863083
2023,Sabah,Matunggong,Matunggong,MANGGA,MANGGA,Mango,MANGGA / Mango,major,37.0,17.0,65.8,709.32,3.8705882352941177,statistik_tanaman_buah_2023.pdf,149,3.8225971625692976
2023,Sabah,Matunggong,Matunggong,MANGGIS,MANGGIS,Mangosteen,MANGGIS / Mangosteen,major,0.0,0.0,0.0,0.0,0.0,statistik_tanaman_buah_2023.pdf,150,0.0
2023,Sabah,Matunggong,Matunggong,MATA_NAGA,MATA NAGA/PITAYA,Dragon Fruit,MATA NAGA/PITAYA / Dragon Fruit,major,0.0,0.0,0.0,0.0,0.0,statistik_tanaman_buah_2023.pdf,150,0.0
2023,Sabah,Matunggong,Matunggong,NANAS,NANAS,Pineapple,NANAS / Pineapple,major,5.5,3.0,8.6,20.9,2.8666666666666667,statistik_tanaman_buah_2023.pdf,151,2.9641548782045217
2023,Sabah,Matunggong,Matunggong,NANGKA,NANGKA,Jackfruit,NANGKA / Jackfruit,major,30.0,29.0,64.4,140.71,2.220689655172414,statistik_tanaman_buah_2023.pdf,151,2.2489081310713765
2023,Sabah,Matunggong,Matunggong,PISANG,PISANG,Banana,PISANG / Banana,major,274.2,222.2,2777.6,5669.08,12.5004500450045,statistik_tanaman_buah_2023.pdf,152,12.74622529919714
2023,Sabah,Matunggong,Matunggong,PULASAN,PULASAN,Pulasan,PULASAN / (Pulasan),major,0.0,0.0,0.0,0.0,0.0,statistik_tanaman_buah_2023.pdf,152,0.0
2023,Sabah,Matunggong,Matunggong,RAMBUTAN,RAMBUTAN,Rambutan,RAMBUTAN / (Rambutan),major,9.0,9.0,59.5,196.05,6.611111111111111,statistik_tanaman_buah_2023.pdf,153,6.67994249473784
2023,Sabah,Matunggong,Matunggong,SALAK,SALAK,Salak,SALAK / (Salak),major,0.0,0.0,0.0,0.0,0.0,statistik_tanaman_buah_2023.pdf,153,0.0
2023,Sabah,Matunggong,Matunggong,TEMBIKAI,TEMBIKAI,Watermelon,TEMBIKAI / Water-melon,major,48.4,48.4,915.0,2098.4,18.90495867768595,statistik_tanaman_buah_2023.pdf,154,19.15172505480248
2023,Sabah,Nabawan/Pensiangan,Nabawan,BELIMBING,BELIMBING,Starfruit,BELIMBING / Starfruit,major,0.0,0.0,0.0,0.0,0.0,statistik_tanaman_buah_2023.pdf,144,0.0
2023,Sabah,Nabawan/Pensiangan,Nabawan,BETIK,BETIK,Papaya,BETIK / Papaya,major,0.0,0.0,0.0,0.0,0.0,statistik_tanaman_buah_2023.pdf,144,0.0
2023,Sabah,Nabawan/Pensiangan,Nabawan,CEMPEDAK,CEMPEDAK,Cempedak,CEMPEDAK / (Cempedak),major,11.7,4.2,4.7,20.3,1.119047619047619,statistik_tanaman_buah_2023.pdf,145,1.1698167678686446
2023,Sabah,Nabawan/Pensiangan,Nabawan,CIKU,CIKU,Ciku,CIKU / (Ciku),major,0.0,0.0,0.0,0.0,0.0,statistik_tanaman_buah_2023.pdf,145,0.0
2023,Sabah,Nabawan/Pensiangan,Nabawan,DOKONG,DOKONG,Dokong,DOKONG / (Dokong),major,0.0,0.0,0.0,0.0,0.0,statistik_tanaman_buah_2023.pdf,146,0.0
2023,Sabah,Nabawan/Pensiangan,Nabawan,DUKU,DUKU,Duku,DUKU / (Duku),major,0.0,0.0,0.0,0.0,0.0,statistik_tanaman_buah_2023.pdf,146,0.0
2023,Sabah,Nabawan/Pensiangan,Nabawan,DURIAN,DURIAN,Durian,DURIAN / (Durian),major,279.3,20.4,29.3,557.84,1.4362745098039218,statistik_tanaman_buah_2023.pdf,147,1.5021821046978308
2023,Sabah,Nabawan/Pensiangan,Nabawan,JAMBU_BATU,JAMBU BATU,Guava,JAMBU BATU / Guava,major,0.0,0.0,0.0,0.0,0.0,statistik_tanaman_buah_2023.pdf,147,0.0
2023,Sabah,Nabawan/Pensiangan,Nabawan,LANGSAT,LANGSAT,Langsat,LANGSAT / (Langsat),major,3.4,3.2,3.4,17.71,1.0625,statistik_tanaman_buah_2023.pdf,148,1.1769647647229862
2023,Sabah,Nabawan/Pensiangan,Nabawan,LIMAU_BESAR,LIMAU BESAR,Pomelo,LIMAU BESAR / Pomelo,major,0.0,0.0,0.0,0.0,0.0,statistik_tanaman_buah_2023.pdf,148,0.0
2023,Sabah,Nabawan/Pensiangan,Nabawan,LIMAU_MANIS,LIMAU MANIS,Sweet Orange,LIMAU MANIS / Sweet Orange,major,0.0,0.0,0.0,0.0,0.0,statistik_tanaman_buah_2023.pdf,149,0.0
2023,Sabah,Nabawan/Pensiangan,Nabawan,MANGGA,MANGGA,Mango,MANGGA / Mango,major,6.2,3.9,4.0,43.12,1.0256410256410258,statistik_tanaman_buah_2023.pdf,149,1.1304187772065297
2023,Sabah,Nabawan/Pensiangan,Nabawan,MANGGIS,MANGGIS,Mangosteen,MANGGIS / Mangosteen,major,21.3,2.3,3.2,17.44,1.3913043478260871,statistik_tanaman_buah_2023.pdf,150,1.4818006664934404
2023,Sabah,Nabawan/Pensiangan,Nabawan,MATA_NAGA,MATA NAGA/PITAYA,Dragon Fruit,MATA NAGA/PITAYA / Dragon Fruit,major,0.0,0.0,0.0,0.0,0.0,statistik_tanaman_buah_2023.pdf,150,0.0
2023,Sabah,Nabawan/Pensiangan,Nabawan,NANAS,NANAS,Pineapple,NANAS / Pineapple,major,2.2,1.1,3.0,7.29,2.727272727272727,statistik_tanaman_buah_2023.pdf,151,2.8937412217412217
2023,Sabah,Nabawan/Pensiangan,Nabawan,NANGKA,NANGKA,Jackfruit,NANGKA / Jackfruit,major,0.4,0.2,0.4,0.87,2.0,statistik_tanaman_buah_2023.pdf,151,2.180555555555555
2023,Sabah,Nabawan/Pensiangan,Nabawan,PISANG,PISANG,Banana,PISANG / Banana,major,75.9,41.6,82.9,169.2,1.9927884615384617,statistik_tanaman_buah_2023.pdf,152,2.01166694387474
2023,Sabah,Nabawan/Pensiangan,Nabawan,PULASAN,PULASAN,Pulasan,PULASAN / (Pulasan),major,0.0,0.0,0.0,0.0,0.0,statistik_tanaman_buah_2023.pdf,152,0.0
2023,Sabah,Nabawan/Pensiangan,Pensiangan,RAMBUTAN,RAMBUTAN,Rambutan,RAMBUTAN / (Rambutan),major,30.5,7.4,15.4,50.74,2.081081081081081,statistik_tanaman_buah_2023.pdf,153,2.1990287919442024
2023,Sabah,Nabawan/Pensiangan,Pensiangan,SALAK,SALAK,Salak,SALAK / (Salak),major,0.0,0.0,0.0,0.0,0.0,statistik_tanaman_buah_2023.pdf,153,0.0
2023,Sabah,Nabawan/Pensiangan,Pensiangan,TEMBIKAI,TEMBIKAI,Watermelon,TEMBIKAI / Water-melon,major,0.0,0.0,0.0,0.0,0.0,statistik_tanaman_buah_2023.pdf,154,0.0
2023,Sabah,Papar,Papar,BELIMBING,BELIMBING,Starfruit,BELIMBING / Starfruit,major,1.5,0.0,0.0,0.0,0.0,statistik_tanaman_buah_2023.pdf,144,0.0
2023,Sabah,Papar,Papar,BETIK,BETIK,Papaya,BETIK / Papaya,major,0.5,0.1,0.5,1.12,5.0,statistik_tanaman_buah_2023.pdf,144,4.1738888888888885
2023,Sabah,Papar,Papar,CEMPEDAK,CEMPEDAK,Cempedak,CEMPEDAK / (Cempedak),major,35.0,25.0,120.0,518.4,4.8,statistik_tanaman_buah_2023.pdf,145,4.845016965452165
2023,Sabah,Papar,Papar,CIKU,CIKU,Ciku,CIKU / (Ciku),major,0.0,0.0,0.0,0.0,0.0,statistik_tanaman_buah_2023.pdf,145,0.0
2023,Sabah,Papar,Papar,DOKONG,DOKONG,Dokong,DOKONG / (Dokong),major,0.0,0.0,0.0,0.0,0.0,statistik_tanaman_buah_2023.pdf,146,0.0
2023,Sabah,Papar,Papar,DUKU,DUKU,Duku,DUKU / (Duku),major,3.0,0.0,0.0,0.0,0.0,statistik_tanaman_buah_2023.pdf,146,0.0
2023,Sabah,Papar,Papar,DURIAN,DURIAN,Durian,DURIAN / (Durian),major,315.5,22.0,154.0,2931.97,7.0,statistik_tanaman_buah_2023.pdf,147,7.0124606383520325
2023,Sabah,Papar,Papar,JAMBU_BATU,JAMBU BATU,Guava,JAMBU BATU / Guava,major,42.0,22.0,342.0,1188.45,15.545454545454543,statistik_tanaman_buah_2023.pdf,147,15.594306544111214
2023,Sabah,Papar,Papar,LANGSAT,LANGSAT,Langsat,LANGSAT / (Langsat),major,40.0,3.0,7.0,36.47,2.333333333333333,statistik_tanaman_buah_2023.pdf,148,2.4766841075956254
2023,Sabah,Papar,Papar,LIMAU_BESAR,LIMAU BESAR,Pomelo,LIMAU BESAR / Pomelo,major,0.0,0.0,0.0,0.0,0.0,statistik_tanaman_buah_2023.pdf,148,0.0
2023,Sabah,Papar,Papar,LIMAU_MANIS,LIMAU MANIS,Sweet Orange,LIMAU MANIS / Sweet Orange,major,0.0,0.0,0.0,0.0,0.0,statistik_tanaman_buah_2023.pdf,149,0.0
2023,Sabah,Papar,Papar,MANGGA,MANGGA,Mango,MANGGA / Mango,major,85.0,14.0,54.0,582.12,3.857142857142857,statistik_tanaman_buah_2023.pdf,149,3.8608598124520705
2023,Sabah,Papar,Papar,MANGGIS,MANGGIS,Mangosteen,MANGGIS / Mangosteen,major,20.0,4.0,10.0,54.5,2.5,statistik_tanaman_buah_2023.pdf,150,2.549045346953241
2023,Sabah,Papar,Papar,MATA_NAGA,MATA NAGA/PITAYA,Dragon Fruit,MATA NAGA/PITAYA / Dragon Fruit,major,1.0,0.0,0.0,0.0,0.0,statistik_tanaman_buah_2023.pdf,150,0.0
2023,Sabah,Papar,Papar,NANAS,NANAS,Pineapple,NANAS / Pineapple,major,69.0,28.0,400.0,972.0,14.285714285714286,statistik_tanaman_buah_2023.pdf,151,14.025729477100828
2023,Sabah,Papar,Papar,NANGKA,NANGKA,Jackfruit,NANGKA / Jackfruit,major,10.0,8.0,85.0,185.73,10.625,statistik_tanaman_buah_2023.pdf,151,10.642102362389528
2023,Sabah,Papar,Papar,PISANG,PISANG,Banana,PISANG / Banana,major,51.0,41.0,253.0,516.37,6.170731707317073,statistik_tanaman_buah_2023.pdf,152,6.100933925206712
2023,Sabah,Papar,Papar,PULASAN,PULASAN,Pulasan,PULASAN / (Pulasan),major,0.0,0.0,0.0,0.0,0.0,statistik_tanaman_buah_2023.pdf,152,0.0
2023,Sabah,Papar,Papar,RAMBUTAN,RAMBUTAN,Rambutan,RAMBUTAN / (Rambutan),major,26.0,5.0,10.0,32.95,2.0,statistik_tanaman_buah_2023.pdf,153,1.9950913493913496
2023,Sabah,Papar,Papar,SALAK,SALAK,Salak,SALAK / (Salak),major,0.0,0.0,0.0,0.0,0.0,statistik_tanaman_buah_2023.pdf,153,0.0
2023,Sabah,Papar,Papar,TEMBIKAI,TEMBIKAI,Watermelon,TEMBIKAI / Water-melon,major,95.0,95.0,1520.0,3485.87,16.0,statistik_tanaman_buah_2023.pdf,154,16.022857249093956
2023,Sabah,Penampang,Penampang,BELIMBING,BELIMBING,Starfruit,BELIMBING / Starfruit,major,0.0,0.0,0.0,0.0,0.0,statistik_tanaman_buah_2023.pdf,144,0.0
2023,Sabah,Penampang,Penampang,BETIK,BETIK,Papaya,BETIK / Papaya,major,0.0,0.0,0.0,0.0,0.0,statistik_tanaman_buah_2023.pdf,144,0.0
2023,Sabah,Penampang,Penampang,CEMPEDAK,CEMPEDAK,Cempedak,CEMPEDAK / (Cempedak),major,3.3,2.0,16.0,69.12,8.0,statistik_tanaman_buah_2023.pdf,145,7.900443298914737
2023,Sabah,Penampang,Penampang,CIKU,CIKU,Ciku,CIKU / (Ciku),major,0.0,0.0,0.0,0.0,0.0,statistik_tanaman_buah_2023.pdf,145,0.0
2023,Sabah,Penampang,Penampang,DOKONG,DOKONG,Dokong,DOKONG / (Dokong),major,0.0,0.0,0.0,0.0,0.0,statistik_tanaman_buah_2023.pdf,146,0.0
2023,Sabah,Penampang,Penampang,DUKU,DUKU,Duku,DUKU / (Duku),major,0.5,0.4,1.2,2.1,3.0,statistik_tanaman_buah_2023.pdf,146,2.951388888888888
2023,Sabah,Penampang,Penampang,DURIAN,DURIAN,Durian,DURIAN / (Durian),major,48.2,10.4,148.0,2817.74,14.23076923076923,statistik_tanaman_buah_2023.pdf,147,13.72345574809042
2023,Sabah,Penampang,Penampang,JAMBU_BATU,JAMBU BATU,Guava,JAMBU BATU / Guava,major,0.0,0.0,0.0,0.0,0.0,statistik_tanaman_buah_2023.pdf,147,0.0
2023,Sabah,Penampang,Penampang,LANGSAT,LANGSAT,Langsat,LANGSAT / (Langsat),major,6.0,6.0,60.0,312.6,10.0,statistik_tanaman_buah_2023.pdf,148,10.33500539514522
2023,Sabah,Penampang,Penampang,LIMAU_BESAR,LIMAU BESAR,Pomelo,LIMAU BESAR / Pomelo,major,0.0,0.0,0.0,0.0,0.0,statistik_tanaman_buah_2023.pdf,148,0.0
2023,Sabah,Penampang,Penampang,LIMAU_MANIS,LIMAU MANIS,Sweet Orange,LIMAU MANIS / Sweet Orange,major,0.0,0.0,0.0,0.0,0.0,statistik_tanaman_buah_2023.pdf,149,0.0
2023,Sabah,Penampang,Penampang,MANGGA,MANGGA,Mango,MANGGA / Mango,major,2.8,2.8,9.4,101.33,3.3571428571428577,statistik_tanaman_buah_2023.pdf,149,3.3754865790747157
2023,Sabah,Penampang,Penampang,MANGGIS,MANGGIS,Mangosteen,MANGGIS / Mangosteen,major,3.1,2.9,18.6,101.37,6.413793103448277,statistik_tanaman_buah_2023.pdf,150,6.375787515980215
2023,Sabah,Penampang,Penampang,MATA_NAGA,MATA NAGA/PITAYA,Dragon Fruit,MATA NAGA/PITAYA / Dragon Fruit,major,1.3,1.3,12.8,69.63,9.846153846153848,statistik_tanaman_buah_2023.pdf,150,9.588224053724032
2023,Sabah,Penampang,Penampang,NANAS,NANAS,Pineapple,NANAS / Pineapple,major,61.8,42.0,297.0,721.71,7.071428571428571,statistik_tanaman_buah_2023.pdf,151,7.5648227500351455
2023,Sabah,Penampang,Penampang,NANGKA,NANGKA,Jackfruit,NANGKA / Jackfruit,major,0.6,0.6,1.2,2.62,2.0,statistik_tanaman_buah_2023.pdf,151,2.043984126984127
2023,Sabah,Penampang,Penampang,PISANG,PISANG,Banana,PISANG / Banana,major,2.4,2.4,18.6,37.96,7.750000000000001,statistik_tanaman_buah_2023.pdf,152,7.67862098115163
2023,Sabah,Penampang,Penampang,PULASAN,PULASAN,Pulasan,PULASAN / (Pulasan),major,0.0,0.0,0.0,0.0,0.0,statistik_tanaman_buah_2023.pdf,152,0.0
2023,Sabah,Penampang,Penampang,RAMBUTAN,RAMBUTAN,Rambutan,RAMBUTAN / (Rambutan),major,8.1,8.0,96.0,316.32,12.0,statistik_tanaman_buah_2023.pdf,153,11.93660879117171
2023,Sabah,Penampang,Penampang,SALAK,SALAK,Salak,SALAK / (Salak),major,0.0,0.0,0.0,0.0,0.0,statistik_tanaman_buah_2023.pdf,153,0.0
2023,Sabah,Penampang,Penampang,TEMBIKAI,TEMBIKAI,Watermelon,TEMBIKAI / Water-melon,major,1.1,1.1,23.1,52.98,21.0,statistik_tanaman_buah_2023.pdf,154,18.29838425609478
2023,Sabah,Pitas,Pitas,BELIMBING,BELIMBING,Starfruit,BELIMBING / Starfruit,major,0.0,0.0,0.0,0.0,0.0,statistik_tanaman_buah_2023.pdf,144,0.0
2023,Sabah,Pitas,Pitas,BETIK,BETIK,Papaya,BETIK / Papaya,major,0.0,0.0,0.0,0.0,0.0,statistik_tanaman_buah_2023.pdf,144,0.0
2023,Sabah,Pitas,Pitas,CEMPEDAK,CEMPEDAK,Cempedak,CEMPEDAK / (Cempedak),major,18.0,5.0,12.0,51.84,2.4,statistik_tanaman_buah_2023.pdf,145,2.4481594386989025
2023,Sabah,Pitas,Pitas,CIKU,CIKU,Ciku,CIKU / (Ciku),major,0.0,0.0,0.0,0.0,0.0,statistik_tanaman_buah_2023.pdf,145,0.0
2023,Sabah,Pitas,Pitas,DOKONG,DOKONG,Dokong,DOKONG / (Dokong),major,0.0,0.0,0.0,0.0,0.0,statistik_tanaman_buah_2023.pdf,146,0.0
2023,Sabah,Pitas,Pitas,DUKU,DUKU,Duku,DUKU / (Duku),major,0.0,0.0,0.0,0.0,0.0,statistik_tanaman_buah_2023.pdf,146,0.0
2023,Sabah,Pitas,Pitas,DURIAN,DURIAN,Durian,DURIAN / (Durian),major,37.6,2.2,8.2,156.12,3.727272727272727,statistik_tanaman_buah_2023.pdf,147,3.7881713670521724
2023,Sabah,Pitas,Pitas,JAMBU_BATU,JAMBU BATU,Guava,JAMBU BATU / Guava,major,0.0,0.0,0.0,0.0,0.0,statistik_tanaman_buah_2023.pdf,147,0.0
2023,Sabah,Pitas,Pitas,LANGSAT,LANGSAT,Langsat,LANGSAT / (Langsat),major,10.4,5.0,10.0,52.1,2.0,statistik_tanaman_buah_2023.pdf,148,1.9768670033670028
2023,Sabah,Pitas,Pitas,LIMAU_BESAR,LIMAU BESAR,Pomelo,LIMAU BESAR / Pomelo,major,0.0,0.0,0.0,0.0,0.0,statistik_tanaman_buah_2023.pdf,148,0.0
2023,Sabah,Pitas,Pitas,LIMAU_MANIS,LIMAU MANIS,Sweet Orange,LIMAU MANIS / Sweet Orange,major,0.0,0.0,0.0,0.0,0.0,statistik_tanaman_buah_2023.pdf,149,0.0
2023,Sabah,Pitas,Pitas,MANGGA,MANGGA,Mango,MANGGA / Mango,major,41.4,8.2,9.3,100.25,1.1341463414634148,statistik_tanaman_buah_2023.pdf,149,1.1615223253106235
2023,Sabah,Pitas,Pitas,MANGGIS,MANGGIS,Mangosteen,MANGGIS / Mangosteen,major,3.4,0.0,0.0,0.0,0.0,statistik_tanaman_buah_2023.pdf,150,0.0
2023,Sabah,Pitas,Pitas,MATA_NAGA,MATA NAGA/PITAYA,Dragon Fruit,MATA NAGA/PITAYA / Dragon Fruit,major,0.6,0.1,0.1,0.54,1.0,statistik_tanaman_buah_2023.pdf,150,1.0296666666666665
2023,Sabah,Pitas,Pitas,NANAS,NANAS,Pineapple,NANAS / Pineapple,major,12.3,10.0,46.0,111.78,4.6,statistik_tanaman_buah_2023.pdf,151,4.677820505524726
2023,Sabah,Pitas,Pitas,NANGKA,NANGKA,Jackfruit,NANGKA / Jackfruit,major,5.8,0.0,0.0,0.0,0.0,statistik_tanaman_buah_2023.pdf,151,0.0
2023,Sabah,Pitas,Pitas,PISANG,PISANG,Banana,PISANG / Banana,major,131.1,71.0,549.0,1120.51,7.732394366197183,statistik_tanaman_buah_2023.pdf,152,7.536992436680761
2023,Sabah,Pitas,Pitas,PULASAN,PULASAN,Pulasan,PULASAN / (Pulasan),major,0.0,0.0,0.0,0.0,0.0,statistik_tanaman_buah_2023.pdf,152,0.0
2023,Sabah,Pitas,Pitas,RAMBUTAN,RAMBUTAN,Rambutan,RAMBUTAN / (Rambutan),major,17.0,0.1,0.1,0.33,1.0,statistik_tanaman_buah_2023.pdf,153,0.9858888888888888
2023,Sabah,Pitas,Pitas,SALAK,SALAK,Salak,SALAK / (Salak),major,0.0,0.0,0.0,0.0,0.0,statistik_tanaman_buah_2023.pdf,153,0.0
2023,Sabah,Pitas,Pitas,TEMBIKAI,TEMBIKAI,Watermelon,TEMBIKAI / Water-melon,major,0.0,0.0,0.0,0.0,0.0,statistik_tanaman_buah_2023.pdf,154,0.0
2023,Sabah,Putatan,Putatan,BELIMBING,BELIMBING,Starfruit,BELIMBING / Starfruit,major,0.0,0.0,0.0,0.0,0.0,statistik_tanaman_buah_2023.pdf,144,0.0
2023,Sabah,Putatan,Putatan,BETIK,BETIK,Papaya,BETIK / Papaya,major,0.0,0.0,0.0,0.0,0.0,statistik_tanaman_buah_2023.pdf,144,0.0
2023,Sabah,Putatan,Putatan,CEMPEDAK,CEMPEDAK,Cempedak,CEMPEDAK / (Cempedak),major,0.0,0.0,0.0,0.0,0.0,statistik_tanaman_buah_2023.pdf,145,0.0
2023,Sabah,Putatan,Putatan,CIKU,CIKU,Ciku,CIKU / (Ciku),major,0.0,0.0,0.0,0.0,0.0,statistik_tanaman_buah_2023.pdf,145,0.0
2023,Sabah,Putatan,Putatan,DOKONG,DOKONG,Dokong,DOKONG / (Dokong),major,0.0,0.0,0.0,0.0,0.0,statistik_tanaman_buah_2023.pdf,146,0.0
2023,Sabah,Putatan,Putatan,DUKU,DUKU,Duku,DUKU / (Duku),major,0.0,0.0,0.0,0.0,0.0,statistik_tanaman_buah_2023.pdf,146,0.0
2023,Sabah,Putatan,Putatan,DURIAN,DURIAN,Durian,DURIAN / (Durian),major,1.0,0.0,0.0,0.0,0.0,statistik_tanaman_buah_2023.pdf,147,0.0
2023,Sabah,Putatan,Putatan,JAMBU_BATU,JAMBU BATU,Guava,JAMBU BATU / Guava,major,0.0,0.0,0.0,0.0,0.0,statistik_tanaman_buah_2023.pdf,147,0.0
2023,Sabah,Putatan,Putatan,LANGSAT,LANGSAT,Langsat,LANGSAT / (Langsat),major,0.0,0.0,0.0,0.0,0.0,statistik_tanaman_buah_2023.pdf,148,0.0
2023,Sabah,Putatan,Putatan,LIMAU_BESAR,LIMAU BESAR,Pomelo,LIMAU BESAR / Pomelo,major,0.0,0.0,0.0,0.0,0.0,statistik_tanaman_buah_2023.pdf,148,0.0
2023,Sabah,Putatan,Putatan,LIMAU_MANIS,LIMAU MANIS,Sweet Orange,LIMAU MANIS / Sweet Orange,major,0.0,0.0,0.0,0.0,0.0,statistik_tanaman_buah_2023.pdf,149,0.0
2023,Sabah,Putatan,Putatan,MANGGA,MANGGA,Mango,MANGGA / Mango,major,0.0,0.0,0.0,0.0,0.0,statistik_tanaman_buah_2023.pdf,149,0.0
2023,Sabah,Putatan,Putatan,MANGGIS,MANGGIS,Mangosteen,MANGGIS / Mangosteen,major,0.0,0.0,0.0,0.0,0.0,statistik_tanaman_buah_2023.pdf,150,0.0
2023,Sabah,Putatan,Putatan,MATA_NAGA,MATA NAGA/PITAYA,Dragon Fruit,MATA NAGA/PITAYA / Dragon Fruit,major,0.0,0.0,0.0,0.0,0.0,statistik_tanaman_buah_2023.pdf,150,0.0
2023,Sabah,Putatan,Putatan,NANAS,NANAS,Pineapple,NANAS / Pineapple,major,0.0,0.0,0.0,0.0,0.0,statistik_tanaman_buah_2023.pdf,151,0.0
2023,Sabah,Putatan,Putatan,NANGKA,NANGKA,Jackfruit,NANGKA / Jackfruit,major,0.0,0.0,0.0,0.0,0.0,statistik_tanaman_buah_2023.pdf,151,0.0
2023,Sabah,Putatan,Putatan,PISANG,PISANG,Banana,PISANG / Banana,major,2.1,2.1,30.0,61.23,14.285714285714285,statistik_tanaman_buah_2023.pdf,152,14.203457264957235
2023,Sabah,Putatan,Putatan,PULASAN,PULASAN,Pulasan,PULASAN / (Pulasan),major,0.0,0.0,0.0,0.0,0.0,statistik_tanaman_buah_2023.pdf,152,0.0
2023,Sabah,Putatan,Putatan,RAMBUTAN,RAMBUTAN,Rambutan,RAMBUTAN / (Rambutan),major,0.0,0.0,0.0,0.0,0.0,statistik_tanaman_buah_2023.pdf,153,0.0
2023,Sabah,Putatan,Putatan,SALAK,SALAK,Salak,SALAK / (Salak),major,0.0,0.0,0.0,0.0,0.0,statistik_tanaman_buah_2023.pdf,153,0.0
2023,Sabah,Putatan,Putatan,TEMBIKAI,TEMBIKAI,Watermelon,TEMBIKAI / Water-melon,major,3.0,1.6,14.4,33.02,9.0,statistik_tanaman_buah_2023.pdf,154,9.016822448381282
2023,Sabah,Ranau,Ranau,BELIMBING,BELIMBING,Starfruit,BELIMBING / Starfruit,major,5.0,4.0,25.0,83.5,6.25,statistik_tanaman_buah_2023.pdf,144,6.328313236495092
2023,Sabah,Ranau,Ranau,BETIK,BETIK,Papaya,BETIK / Papaya,major,16.0,13.0,187.4,418.53,14.415384615384616,statistik_tanaman_buah_2023.pdf,144,14.43671650853913
2023,Sabah,Ranau,Ranau,CEMPEDAK,CEMPEDAK,Cempedak,CEMPEDAK / (Cempedak),major,110.9,0.0,0.0,0.0,0.0,statistik_tanaman_buah_2023.pdf,145,0.0
2023,Sabah,Ranau,Ranau,CIKU,CIKU,Ciku,CIKU / (Ciku),major,0.0,0.0,0.0,0.0,0.0,statistik_tanaman_buah_2023.pdf,145,0.0
2023,Sabah,Ranau,Ranau,DOKONG,DOKONG,Dokong,DOKONG / (Dokong),major,5.0,0.0,0.0,0.0,0.0,statistik_tanaman_buah_2023.pdf,146,0.0
2023,Sabah,Ranau,Ranau,DUKU,DUKU,Duku,DUKU / (Duku),major,26.0,0.0,0.0,0.0,0.0,statistik_tanaman_buah_2023.pdf,146,0.0
2023,Sabah,Ranau,Ranau,DURIAN,DURIAN,Durian,DURIAN / (Durian),major,1457.1,177.7,440.0,8377.05,2.4760832864378166,statistik_tanaman_buah_2023.pdf,147,3.0177269397470363
2023,Sabah,Ranau,Ranau,JAMBU_BATU,JAMBU BATU,Guava,JAMBU BATU / Guava,major,3.0,2.9,48.5,168.54,16.724137931034484,statistik_tanaman_buah_2023.pdf,147,16.612755906552437
2023,Sabah,Ranau,Ranau,LANGSAT,LANGSAT,Langsat,LANGSAT / (Langsat),major,380.8,1.6,2.6,13.55,1.625,statistik_tanaman_buah_2023.pdf,148,1.6419899676347058
2023,Sabah,Ranau,Ranau,LIMAU_BESAR,LIMAU BESAR,Pomelo,LIMAU BESAR / Pomelo,major,5.0,4.8,16.8,105.5,3.5000000000000004,statistik_tanaman_buah_2023.pdf,148,3.5436805037415526
2023,Sabah,Ranau,Ranau,LIMAU_MANIS,LIMAU MANIS,Sweet Orange,LIMAU MANIS / Sweet Orange,major,5.0,4.9,20.0,110.2,4.081632653061225,statistik_tanaman_buah_2023.pdf,149,4.076257997152339
2023,Sabah,Ranau,Ranau,MANGGA,MANGGA,Mango,MANGGA / Mango,major,55.3,14.3,11.5,123.97,0.8041958041958042,statistik_tanaman_buah_2023.pdf,149,0.854947781436666
2023,Sabah,Ranau,Ranau,MANGGIS,MANGGIS,Mangosteen,MANGGIS / Mangosteen,major,29.6,9.9,5.1,27.8,0.5151515151515151,statistik_tanaman_buah_2023.pdf,150,0.5298825621370612
2023,Sabah,Ranau,Ranau,MATA_NAGA,MATA NAGA/PITAYA,Dragon Fruit,MATA NAGA/PITAYA / Dragon Fruit,major,0.0,0.0,0.0,0.0,0.0,statistik_tanaman_buah_2023.pdf,150,0.0
2023,Sabah,Ranau,Ranau,NANAS,NANAS,Pineapple,NANAS / Pineapple,major,25.7,19.4,327.1,794.85,16.860824742268044,statistik_tanaman_buah_2023.pdf,151,16.820102872872134
2023,Sabah,Ranau,Ranau,NANGKA,NANGKA,Jackfruit,NANGKA / Jackfruit,major,35.6,31.0,316.5,691.55,10.209677419354838,statistik_tanaman_buah_2023.pdf,151,10.254106725342487
2023,Sabah,Ranau,Ranau,PISANG,PISANG,Banana,PISANG / Banana,major,185.0,113.1,1265.0,2581.87,11.184792219274978,statistik_tanaman_buah_2023.pdf,152,11.056784116224172
2023,Sabah,Ranau,Ranau,PULASAN,PULASAN,Pulasan,PULASAN / (Pulasan),major,0.0,0.0,0.0,0.0,0.0,statistik_tanaman_buah_2023.pdf,152,0.0
2023,Sabah,Ranau,Ranau,RAMBUTAN,RAMBUTAN,Rambutan,RAMBUTAN / (Rambutan),major,188.5,0.0,0.0,0.0,0.0,statistik_tanaman_buah_2023.pdf,153,0.0
2023,Sabah,Ranau,Ranau,SALAK,SALAK,Salak,SALAK / (Salak),major,1.0,0.6,1.6,4.48,2.666666666666667,statistik_tanaman_buah_2023.pdf,153,2.6585992063492
2023,Sabah,Ranau,Ranau,TEMBIKAI,TEMBIKAI,Watermelon,TEMBIKAI / Water-melon,major,0.0,0.0,0.0,0.0,0.0,statistik_tanaman_buah_2023.pdf,154,0.0
2023,Sabah,Sandakan,Sandakan,BELIMBING,BELIMBING,Starfruit,BELIMBING / Starfruit,major,5.0,5.0,18.0,60.12,3.6,statistik_tanaman_buah_2023.pdf,144,3.6302052421101485
2023,Sabah,Sandakan,Sandakan,BETIK,BETIK,Papaya,BETIK / Papaya,major,3.8,3.8,33.0,73.7,8.68421052631579,statistik_tanaman_buah_2023.pdf,144,8.826390427959034
2023,Sabah,Sandakan,Sandakan,CEMPEDAK,CEMPEDAK,Cempedak,CEMPEDAK / (Cempedak),major,3.0,3.0,22.0,95.04,7.333333333333333,statistik_tanaman_buah_2023.pdf,145,7.454736247968561
2023,Sabah,Sandakan,Sandakan,CIKU,CIKU,Ciku,CIKU / (Ciku),major,2.8,2.7,24.0,101.28,8.888888888888888,statistik_tanaman_buah_2023.pdf,145,8.738048241272732
2023,Sabah,Sandakan,Sandakan,DOKONG,DOKONG,Dokong,DOKONG / (Dokong),major,4.1,0.0,0.0,0.0,0.0,statistik_tanaman_buah_2023.pdf,146,0.0
2023,Sabah,Sandakan,Sandakan,DUKU,DUKU,Duku,DUKU / (Duku),major,34.7,0.0,0.0,0.0,0.0,statistik_tanaman_buah_2023.pdf,146,0.0
2023,Sabah,Sandakan,Sandakan,DURIAN,DURIAN,Durian,DURIAN / (Durian),major,109.6,28.0,262.0,4988.15,9.357142857142858,statistik_tanaman_buah_2023.pdf,147,8.88690508122904
2023,Sabah,Sandakan,Sandakan,JAMBU_BATU,JAMBU BATU,Guava,JAMBU BATU / Guava,major,8.5,8.5,76.0,264.1,8.941176470588236,statistik_tanaman_buah_2023.pdf,147,9.1287559785719
2023,Sabah,Sandakan,Sandakan,LANGSAT,LANGSAT,Langsat,LANGSAT / (Langsat),major,50.0,10.0,100.0,521.0,10.0,statistik_tanaman_buah_2023.pdf,148,9.90851976183064
2023,Sabah,Sandakan,Sandakan,LIMAU_BESAR,LIMAU BESAR,Pomelo,LIMAU BESAR / Pomelo,major,8.1,8.0,71.0,445.88,8.875,statistik_tanaman_buah_2023.pdf,148,8.970539616236866
2023,Sabah,Sandakan,Sandakan,LIMAU_MANIS,LIMAU MANIS,Sweet Orange,LIMAU MANIS / Sweet Orange,major,1.5,1.5,2.0,11.02,1.3333333333333333,statistik_tanaman_buah_2023.pdf,149,1.362131656598764
2023,Sabah,Sandakan,Sandakan,MANGGA,MANGGA,Mango,MANGGA / Mango,major,131.1,19.0,96.0,1034.88,5.052631578947368,statistik_tanaman_buah_2023.pdf,149,5.004754317201572
2023,Sabah,Sandakan,Sandakan,MANGGIS,MANGGIS,Mangosteen,MANGGIS / Mangosteen,major,18.0,9.5,55.0,299.75,5.789473684210527,statistik_tanaman_buah_2023.pdf,150,5.773447301098867
2023,Sabah,Sandakan,Sandakan,MATA_NAGA,MATA NAGA/PITAYA,Dragon Fruit,MATA NAGA/PITAYA / Dragon Fruit,major,1.0,1.0,5.0,27.2,5.0,statistik_tanaman_buah_2023.pdf,150,5.291602231102235
2023,Sabah,Sandakan,Sandakan,NANAS,NANAS,Pineapple,NANAS / Pineapple,major,5.7,4.2,44.0,106.92,10.476190476190476,statistik_tanaman_buah_2023.pdf,151,9.77377058060681
2023,Sabah,Sandakan,Sandakan,NANGKA,NANGKA,Jackfruit,NANGKA / Jackfruit,major,21.6,2.8,32.0,69.92,11.428571428571429,statistik_tanaman_buah_2023.pdf,151,10.088112759041932
2023,Sabah,Sandakan,Sandakan,PISANG,PISANG,Banana,PISANG / Banana,major,47.8,27.5,451.0,920.49,16.4,statistik_tanaman_buah_2023.pdf,152,16.22675215925735
2023,Sabah,Sandakan,Sandakan,PULASAN,PULASAN,Pulasan,PULASAN / (Pulasan),major,0.0,0.0,0.0,0.0,0.0,statistik_tanaman_buah_2023.pdf,152,0.0
2023,Sabah,Sandakan,Sandakan,RAMBUTAN,RAMBUTAN,Rambutan,RAMBUTAN / (Rambutan),major,81.9,15.0,72.0,237.24,4.8,statistik_tanaman_buah_2023.pdf,153,4.787265201954458
2023,Sabah,Sandakan,Sandakan,SALAK,SALAK,Salak,SALAK / (Salak),major,60.0,29.5,230.0,644.0,7.796610169491525,statistik_tanaman_buah_2023.pdf,153,8.07975202790073
2023,Sabah,Sandakan,Sandakan,TEMBIKAI,TEMBIKAI,Watermelon,TEMBIKAI / Water-melon,major,16.0,12.5,90.0,206.4,7.2,statistik_tanaman_buah_2023.pdf,154,7.629939151543473
2023,Sabah,Semporna,Semporna,BELIMBING,BELIMBING,Starfruit,BELIMBING / Starfruit,major,0.0,0.0,0.0,0.0,0.0,statistik_tanaman_buah_2023.pdf,144,0.0
2023,Sabah,Semporna,Semporna,BETIK,BETIK,Papaya,BETIK / Papaya,major,4.7,4.7,51.1,114.12,10.872340425531917,statistik_tanaman_buah_2023.pdf,144,10.899143444449411
2023,Sabah,Semporna,Semporna,CEMPEDAK,CEMPEDAK,Cempedak,CEMPEDAK / (Cempedak),major,0.0,0.0,0.0,0.0,0.0,statistik_tanaman_buah_2023.pdf,145,0.0
2023,Sabah,Semporna,Semporna,CIKU,CIKU,Ciku,CIKU / (Ciku),major,0.0,0.0,0.0,0.0,0.0,statistik_tanaman_buah_2023.pdf,145,0.0
2023,Sabah,Semporna,Semporna,DOKONG,DOKONG,Dokong,DOKONG / (Dokong),major,0.0,0.0,0.0,0.0,0.0,statistik_tanaman_buah_2023.pdf,146,0.0
2023,Sabah,Semporna,Semporna,DUKU,DUKU,Duku,DUKU / (Duku),major,0.0,0.0,0.0,0.0,0.0,statistik_tanaman_buah_2023.pdf,146,0.0
2023,Sabah,Semporna,Semporna,DURIAN,DURIAN,Durian,DURIAN / (Durian),major,20.4,5.0,5.0,95.19,1.0,statistik_tanaman_buah_2023.pdf,147,1.0274492274056999
2023,Sabah,Semporna,Semporna,JAMBU_BATU,JAMBU BATU,Guava,JAMBU BATU / Guava,major,3.0,3.0,1.1,3.82,0.3666666666666667,statistik_tanaman_buah_2023.pdf,147,0.43319495319495116
2023,Sabah,Semporna,Semporna,LANGSAT,LANGSAT,Langsat,LANGSAT / (Langsat),major,10.0,7.0,3.6,18.76,0.5142857142857143,statistik_tanaman_buah_2023.pdf,148,0.752985595363714
2023,Sabah,Semporna,Semporna,LIMAU_BESAR,LIMAU BESAR,Pomelo,LIMAU BESAR / Pomelo,major,0.0,0.0,0.0,0.0,0.0,statistik_tanaman_buah_2023.pdf,148,0.0
2023,Sabah,Semporna,Semporna,LIMAU_MANIS,LIMAU MANIS,Sweet Orange,LIMAU MANIS / Sweet Orange,major,0.0,0.0,0.0,0.0,0.0,statistik_tanaman_buah_2023.pdf,149,0.0
2023,Sabah,Semporna,Semporna,MANGGA,MANGGA,Mango,MANGGA / Mango,major,139.2,57.5,154.5,1665.51,2.6869565217391305,statistik_tanaman_buah_2023.pdf,149,2.7847119331816237
2023,Sabah,Semporna,Semporna,MANGGIS,MANGGIS,Mangosteen,MANGGIS / Mangosteen,major,0.0,0.0,0.0,0.0,0.0,statistik_tanaman_buah_2023.pdf,150,0.0
2023,Sabah,Semporna,Semporna,MATA_NAGA,MATA NAGA/PITAYA,Dragon Fruit,MATA NAGA/PITAYA / Dragon Fruit,major,0.0,0.0,0.0,0.0,0.0,statistik_tanaman_buah_2023.pdf,150,0.0
2023,Sabah,Semporna,Semporna,NANAS,NANAS,Pineapple,NANAS / Pineapple,major,0.0,0.0,0.0,0.0,0.0,statistik_tanaman_buah_2023.pdf,151,0.0
2023,Sabah,Semporna,Semporna,NANGKA,NANGKA,Jackfruit,NANGKA / Jackfruit,major,3.0,0.5,0.2,0.44,0.4,statistik_tanaman_buah_2023.pdf,151,0.46255555555555766
2023,Sabah,Semporna,Semporna,PISANG,PISANG,Banana,PISANG / Banana,major,130.6,106.5,1526.7,3115.99,14.335211267605636,statistik_tanaman_buah_2023.pdf,152,14.383523478495905
2023,Sabah,Semporna,Semporna,PULASAN,PULASAN,Pulasan,PULASAN / (Pulasan),major,0.0,0.0,0.0,0.0,0.0,statistik_tanaman_buah_2023.pdf,152,0.0
2023,Sabah,Semporna,Semporna,RAMBUTAN,RAMBUTAN,Rambutan,RAMBUTAN / (Rambutan),major,82.7,4.7,3.0,9.89,0.6382978723404255,statistik_tanaman_buah_2023.pdf,153,0.7222330552847226
2023,Sabah,Semporna,Semporna,SALAK,SALAK,Salak,SALAK / (Salak),major,0.0,0.0,0.0,0.0,0.0,statistik_tanaman_buah_2023.pdf,153,0.0
2023,Sabah,Semporna,Semporna,TEMBIKAI,TEMBIKAI,Watermelon,TEMBIKAI / Water-melon,major,0.0,0.0,0.0,0.0,0.0,statistik_tanaman_buah_2023.pdf,154,0.0
2023,Sabah,Sipitang,Sipitang,BELIMBING,BELIMBING,Starfruit,BELIMBING / Starfruit,major,0.0,0.0,0.0,0.0,0.0,statistik_tanaman_buah_2023.pdf,144,0.0
2023,Sabah,Sipitang,Sipitang,BETIK,BETIK,Papaya,BETIK / Papaya,major,0.0,0.0,0.0,0.0,0.0,statistik_tanaman_buah_2023.pdf,144,0.0
2023,Sabah,Sipitang,Sipitang,CEMPEDAK,CEMPEDAK,Cempedak,CEMPEDAK / (Cempedak),major,213.2,136.0,219.0,946.08,1.6102941176470589,statistik_tanaman_buah_2023.pdf,145,2.126553935612594
2023,Sabah,Sipitang,Sipitang,CIKU,CIKU,Ciku,CIKU / (Ciku),major,0.5,0.0,0.0,0.0,0.0,statistik_tanaman_buah_2023.pdf,145,0.0
2023,Sabah,Sipitang,Sipitang,DOKONG,DOKONG,Dokong,DOKONG / (Dokong),major,4.6,0.0,0.0,0.0,0.0,statistik_tanaman_buah_2023.pdf,146,0.0
2023,Sabah,Sipitang,Sipitang,DUKU,DUKU,Duku,DUKU / (Duku),major,17.8,0.0,0.0,0.0,0.0,statistik_tanaman_buah_2023.pdf,146,0.0
2023,Sabah,Sipitang,Sipitang,DURIAN,DURIAN,Durian,DURIAN / (Durian),major,721.4,475.0,5220.6,99393.7,10.990736842105264,statistik_tanaman_buah_2023.pdf,147,10.468690373154534
2023,Sabah,Sipitang,Sipitang,JAMBU_BATU,JAMBU BATU,Guava,JAMBU BATU / Guava,major,1.7,1.4,5.5,19.11,3.928571428571429,statistik_tanaman_buah_2023.pdf,147,3.890448295713001
2023,Sabah,Sipitang,Sipitang,LANGSAT,LANGSAT,Langsat,LANGSAT / (Langsat),major,87.8,20.0,80.0,416.8,4.0,statistik_tanaman_buah_2023.pdf,148,4.038063363291676
2023,Sabah,Sipitang,Sipitang,LIMAU_BESAR,LIMAU BESAR,Pomelo,LIMAU BESAR / Pomelo,major,2.0,1.5,1.4,8.79,0.9333333333333332,statistik_tanaman_buah_2023.pdf,148,0.9687406898656921
2023,Sabah,Sipitang,Sipitang,LIMAU_MANIS,LIMAU MANIS,Sweet Orange,LIMAU MANIS / Sweet Orange,major,6.1,2.4,3.6,19.84,1.5,statistik_tanaman_buah_2023.pdf,149,1.5569551000783501
2023,Sabah,Sipitang,Sipitang,MANGGA,MANGGA,Mango,MANGGA / Mango,major,4.0,0.3,0.2,2.16,0.6666666666666667,statistik_tanaman_buah_2023.pdf,149,0.9733333333333327
2023,Sabah,Sipitang,Sipitang,MANGGIS,MANGGIS,Mangosteen,MANGGIS / Mangosteen,major,8.0,0.0,0.0,0.0,0.0,statistik_tanaman_buah_2023.pdf,150,0.0
2023,Sabah,Sipitang,Sipitang,MATA_NAGA,MATA NAGA/PITAYA,Dragon Fruit,MATA NAGA/PITAYA / Dragon Fruit,major,0.0,0.0,0.0,0.0,0.0,statistik_tanaman_buah_2023.pdf,150,0.0
2023,Sabah,Sipitang,Sipitang,NANAS,NANAS,Pineapple,NANAS / Pineapple,major,15.0,0.2,0.5,1.22,2.5,statistik_tanaman_buah_2023.pdf,151,2.503611111111111
2023,Sabah,Sipitang,Sipitang,NANGKA,NANGKA,Jackfruit,NANGKA / Jackfruit,major,0.6,0.0,0.0,0.0,0.0,statistik_tanaman_buah_2023.pdf,151,0.0
2023,Sabah,Sipitang,Sipitang,PISANG,PISANG,Banana,PISANG / Banana,major,298.3,280.3,4641.8,9473.91,16.56011416339636,statistik_tanaman_buah_2023.pdf,152,16.913877555494075
2023,Sabah,Sipitang,Sipitang,PULASAN,PULASAN,Pulasan,PULASAN / (Pulasan),major,0.0,0.0,0.0,0.0,0.0,statistik_tanaman_buah_2023.pdf,152,0.0
2023,Sabah,Sipitang,Sipitang,RAMBUTAN,RAMBUTAN,Rambutan,RAMBUTAN / (Rambutan),major,120.0,46.0,184.0,606.28,4.0,statistik_tanaman_buah_2023.pdf,153,3.96968242572778
2023,Sabah,Sipitang,Sipitang,SALAK,SALAK,Salak,SALAK / (Salak),major,0.0,0.0,0.0,0.0,0.0,statistik_tanaman_buah_2023.pdf,153,0.0
2023,Sabah,Sipitang,Sipitang,TEMBIKAI,TEMBIKAI,Watermelon,TEMBIKAI / Water-melon,major,19.8,17.9,360.8,827.43,20.156424581005588,statistik_tanaman_buah_2023.pdf,154,20.032437401214597
2023,Sabah,Sook,Sook,BELIMBING,BELIMBING,Starfruit,BELIMBING / Starfruit,major,0.0,0.0,0.0,0.0,0.0,statistik_tanaman_buah_2023.pdf,144,0.0
2023,Sabah,Sook,Sook,BETIK,BETIK,Papaya,BETIK / Papaya,major,0.0,0.0,0.0,0.0,0.0,statistik_tanaman_buah_2023.pdf,144,0.0
2023,Sabah,Sook,Sook,CEMPEDAK,CEMPEDAK,Cempedak,CEMPEDAK / (Cempedak),major,18.0,0.0,0.0,0.0,0.0,statistik_tanaman_buah_2023.pdf,145,0.0
2023,Sabah,Sook,Sook,CIKU,CIKU,Ciku,CIKU / (Ciku),major,0.0,0.0,0.0,0.0,0.0,statistik_tanaman_buah_2023.pdf,145,0.0
2023,Sabah,Sook,Sook,DOKONG,DOKONG,Dokong,DOKONG / (Dokong),major,3.0,0.0,0.0,0.0,0.0,statistik_tanaman_buah_2023.pdf,146,0.0
2023,Sabah,Sook,Sook,DUKU,DUKU,Duku,DUKU / (Duku),major,1.0,0.0,0.0,0.0,0.0,statistik_tanaman_buah_2023.pdf,146,0.0
2023,Sabah,Sook,Sook,DURIAN,DURIAN,Durian,DURIAN / (Durian),major,101.1,31.0,181.0,3446.01,5.838709677419355,statistik_tanaman_buah_2023.pdf,147,5.9326951002400365
2023,Sabah,Sook,Sook,JAMBU_BATU,JAMBU BATU,Guava,JAMBU BATU / Guava,major,0.0,0.0,0.0,0.0,0.0,statistik_tanaman_buah_2023.pdf,147,0.0
2023,Sabah,Sook,Sook,LANGSAT,LANGSAT,Langsat,LANGSAT / (Langsat),major,20.0,5.0,25.0,130.25,5.0,statistik_tanaman_buah_2023.pdf,148,5.0472517419184735
2023,Sabah,Sook,Sook,LIMAU_BESAR,LIMAU BESAR,Pomelo,LIMAU BESAR / Pomelo,major,3.0,2.0,23.0,144.44,11.5,statistik_tanaman_buah_2023.pdf,148,11.15405990267042
2023,Sabah,Sook,Sook,LIMAU_MANIS,LIMAU MANIS,Sweet Orange,LIMAU MANIS / Sweet Orange,major,3.0,3.0,12.0,66.12,4.0,statistik_tanaman_buah_2023.pdf,149,4.114695838069975
2023,Sabah,Sook,Sook,MANGGA,MANGGA,Mango,MANGGA / Mango,major,10.7,10.0,30.0,323.4,3.0,statistik_tanaman_buah_2023.pdf,149,3.017658445740381
2023,Sabah,Sook,Sook,MANGGIS,MANGGIS,Mangosteen,MANGGIS / Mangosteen,major,11.7,5.0,30.0,163.5,6.0,statistik_tanaman_buah_2023.pdf,150,5.9527245837748355
2023,Sabah,Sook,Sook,MATA_NAGA,MATA NAGA/PITAYA,Dragon Fruit,MATA NAGA/PITAYA / Dragon Fruit,major,1.0,0.6,4.8,26.11,8.0,statistik_tanaman_buah_2023.pdf,150,7.706675925925928
2023,Sabah,Sook,Sook,NANAS,NANAS,Pineapple,NANAS / Pineapple,major,66.5,41.0,637.0,1547.91,15.53658536585366,statistik_tanaman_buah_2023.pdf,151,15.313193743077054
2023,Sabah,Sook,Sook,NANGKA,NANGKA,Jackfruit,NANGKA / Jackfruit,major,2.0,1.0,3.5,7.65,3.5,statistik_tanaman_buah_2023.pdf,151,3.31438397713398
2023,Sabah,Sook,Sook,PISANG,PISANG,Banana,PISANG / Banana,major,71.6,66.0,819.1,1671.78,12.41060606060606,statistik_tanaman_buah_2023.pdf,152,13.1666254653156
2023,Sabah,Sook,Sook,PULASAN,PULASAN,Pulasan,PULASAN / (Pulasan),major,0.0,0.0,0.0,0.0,0.0,statistik_tanaman_buah_2023.pdf,152,0.0
2023,Sabah,Sook,Sook,RAMBUTAN,RAMBUTAN,Rambutan,RAMBUTAN / (Rambutan),major,31.5,10.0,70.0,230.65,7.0,statistik_tanaman_buah_2023.pdf,153,7.0714314826043365
2023,Sabah,Sook,Sook,SALAK,SALAK,Salak,SALAK / (Salak),major,0.0,0.0,0.0,0.0,0.0,statistik_tanaman_buah_2023.pdf,153,0.0
2023,Sabah,Sook,Sook,TEMBIKAI,TEMBIKAI,Watermelon,TEMBIKAI / Water-melon,major,45.0,30.0,327.5,751.07,10.916666666666666,statistik_tanaman_buah_2023.pdf,154,11.137401146987372
2023,Sabah,Tambunan,Tambunan,BELIMBING,BELIMBING,Starfruit,BELIMBING / Starfruit,major,0.6,0.6,1.7,5.68,2.833333333333333,statistik_tanaman_buah_2023.pdf,144,3.380142857142859
2023,Sabah,Tambunan,Tambunan,BETIK,BETIK,Papaya,BETIK / Papaya,major,2.8,0.2,3.2,7.15,16.0,statistik_tanaman_buah_2023.pdf,144,13.517944444444442
2023,Sabah,Tambunan,Tambunan,CEMPEDAK,CEMPEDAK,Cempedak,CEMPEDAK / (Cempedak),major,3.0,0.6,1.5,6.48,2.5,statistik_tanaman_buah_2023.pdf,145,2.5827394179894174
2023,Sabah,Tambunan,Tambunan,CIKU,CIKU,Ciku,CIKU / (Ciku),major,0.0,0.0,0.0,0.0,0.0,statistik_tanaman_buah_2023.pdf,145,0.0
2023,Sabah,Tambunan,Tambunan,DOKONG,DOKONG,Dokong,DOKONG / (Dokong),major,0.0,0.0,0.0,0.0,0.0,statistik_tanaman_buah_2023.pdf,146,0.0
2023,Sabah,Tambunan,Tambunan,DUKU,DUKU,Duku,DUKU / (Duku),major,0.0,0.0,0.0,0.0,0.0,statistik_tanaman_buah_2023.pdf,146,0.0
2023,Sabah,Tambunan,Tambunan,DURIAN,DURIAN,Durian,DURIAN / (Durian),major,114.9,16.0,100.0,1903.88,6.25,statistik_tanaman_buah_2023.pdf,147,6.391591660418944
2023,Sabah,Tambunan,Tambunan,JAMBU_BATU,JAMBU BATU,Guava,JAMBU BATU / Guava,major,9.0,1.4,4.0,13.9,2.857142857142857,statistik_tanaman_buah_2023.pdf,147,2.9226979270729316
2023,Sabah,Tambunan,Tambunan,LANGSAT,LANGSAT,Langsat,LANGSAT / (Langsat),major,4.9,1.0,3.0,15.63,3.0,statistik_tanaman_buah_2023.pdf,148,2.9721583786583787
2023,Sabah,Tambunan,Tambunan,LIMAU_BESAR,LIMAU BESAR,Pomelo,LIMAU BESAR / Pomelo,major,0.7,0.7,3.5,21.98,5.0,statistik_tanaman_buah_2023.pdf,148,4.992117724867726
2023,Sabah,Tambunan,Tambunan,LIMAU_MANIS,LIMAU MANIS,Sweet Orange,LIMAU MANIS / Sweet Orange,major,2.7,1.8,2.1,11.57,1.1666666666666667,statistik_tanaman_buah_2023.pdf,149,1.1841741516281012
2023,Sabah,Tambunan,Tambunan,MANGGA,MANGGA,Mango,MANGGA / Mango,major,6.3,4.0,6.5,70.07,1.625,statistik_tanaman_buah_2023.pdf,149,1.730702377757846
2023,Sabah,Tambunan,Tambunan,MANGGIS,MANGGIS,Mangosteen,MANGGIS / Mangosteen,major,5.5,3.0,3.3,17.99,1.1,statistik_tanaman_buah_2023.pdf,150,1.144713117880973
2023,Sabah,Tambunan,Tambunan,MATA_NAGA,MATA NAGA/PITAYA,Dragon Fruit,MATA NAGA/PITAYA / Dragon Fruit,major,0.2,0.0,0.0,0.0,0.0,statistik_tanaman_buah_2023.pdf,150,0.0
2023,Sabah,Tambunan,Tambunan,NANAS,NANAS,Pineapple,NANAS / Pineapple,major,65.6,42.0,631.0,1533.33,15.023809523809524,statistik_tanaman_buah_2023.pdf,151,14.986443687074088
2023,Sabah,Tambunan,Tambunan,NANGKA,NANGKA,Jackfruit,NANGKA / Jackfruit,major,1.6,0.0,0.0,0.0,0.0,statistik_tanaman_buah_2023.pdf,151,0.0
2023,Sabah,Tambunan,Tambunan,PISANG,PISANG,Banana,PISANG / Banana,major,37.8,11.4,114.1,232.88,10.00877192982456,statistik_tanaman_buah_2023.pdf,152,10.035341414485599
2023,Sabah,Tambunan,Tambunan,PULASAN,PULASAN,Pulasan,PULASAN / (Pulasan),major,0.0,0.0,0.0,0.0,0.0,statistik_tanaman_buah_2023.pdf,152,0.0
2023,Sabah,Tambunan,Tambunan,RAMBUTAN,RAMBUTAN,Rambutan,RAMBUTAN / (Rambutan),major,14.9,3.0,2.5,8.24,0.8333333333333334,statistik_tanaman_buah_2023.pdf,153,0.8533268500204696
2023,Sabah,Tambunan,Tambunan,SALAK,SALAK,Salak,SALAK / (Salak),major,0.0,0.0,0.0,0.0,0.0,statistik_tanaman_buah_2023.pdf,153,0.0
2023,Sabah,Tambunan,Tambunan,TEMBIKAI,TEMBIKAI,Watermelon,TEMBIKAI / Water-melon,major,0.0,0.0,0.0,0.0,0.0,statistik_tanaman_buah_2023.pdf,154,0.0
2023,Sabah,Tawau,Tawau,BELIMBING,BELIMBING,Starfruit,BELIMBING / Starfruit,major,7.0,7.0,78.6,262.52,11.228571428571428,statistik_tanaman_buah_2023.pdf,144,11.236377966116084
2023,Sabah,Tawau,Tawau,BETIK,BETIK,Papaya,BETIK / Papaya,major,8.0,8.0,167.0,372.97,20.875,statistik_tanaman_buah_2023.pdf,144,20.84360693650566
2023,Sabah,Tawau,Tawau,CEMPEDAK,CEMPEDAK,Cempedak,CEMPEDAK / (Cempedak),major,121.0,94.0,235.6,1017.79,2.506382978723404,statistik_tanaman_buah_2023.pdf,145,2.6974963392028406
2023,Sabah,Tawau,Tawau,CIKU,CIKU,Ciku,CIKU / (Ciku),major,0.0,0.0,0.0,0.0,0.0,statistik_tanaman_buah_2023.pdf,145,0.0
2023,Sabah,Tawau,Tawau,DOKONG,DOKONG,Dokong,DOKONG / (Dokong),major,16.3,11.0,28.2,38.92,2.5636363636363635,statistik_tanaman_buah_2023.pdf,146,2.5235910157272476
2023,Sabah,Tawau,Tawau,DUKU,DUKU,Duku,DUKU / (Duku),major,14.0,13.0,34.5,60.38,2.6538461538461537,statistik_tanaman_buah_2023.pdf,146,2.7074204732838663
2023,Sabah,Tawau,Tawau,DURIAN,DURIAN,Durian,DURIAN / (Durian),major,366.0,178.0,1192.6,22705.61,6.699999999999999,statistik_tanaman_buah_2023.pdf,147,6.707433362069255
2023,Sabah,Tawau,Tawau,JAMBU_BATU,JAMBU BATU,Guava,JAMBU BATU / Guava,major,20.0,16.5,251.8,875.01,15.260606060606062,statistik_tanaman_buah_2023.pdf,147,15.281271039481098
2023,Sabah,Tawau,Tawau,LANGSAT,LANGSAT,Langsat,LANGSAT / (Langsat),major,72.0,28.9,114.5,596.55,3.961937716262976,statistik_tanaman_buah_2023.pdf,148,3.987988654871045
2023,Sabah,Tawau,Tawau,LIMAU_BESAR,LIMAU BESAR,Pomelo,LIMAU BESAR / Pomelo,major,15.0,10.0,53.7,337.24,5.37,statistik_tanaman_buah_2023.pdf,148,5.348480805263474
2023,Sabah,Tawau,Tawau,LIMAU_MANIS,LIMAU MANIS,Sweet Orange,LIMAU MANIS / Sweet Orange,major,0.0,0.0,0.0,0.0,0.0,statistik_tanaman_buah_2023.pdf,149,0.0
2023,Sabah,Tawau,Tawau,MANGGA,MANGGA,Mango,MANGGA / Mango,major,145.0,137.4,544.4,5868.63,3.962154294032023,statistik_tanaman_buah_2023.pdf,149,3.9275865314153773
2023,Sabah,Tawau,Tawau,MANGGIS,MANGGIS,Mangosteen,MANGGIS / Mangosteen,major,55.8,0.0,0.0,0.0,0.0,statistik_tanaman_buah_2023.pdf,150,0.0
2023,Sabah,Tawau,Tawau,MATA_NAGA,MATA NAGA/PITAYA,Dragon Fruit,MATA NAGA/PITAYA / Dragon Fruit,major,0.0,0.0,0.0,0.0,0.0,statistik_tanaman_buah_2023.pdf,150,0.0
2023,Sabah,Tawau,Tawau,NANAS,NANAS,Pineapple,NANAS / Pineapple,major,54.9,43.6,814.3,1978.75,18.676605504587155,statistik_tanaman_buah_2023.pdf,151,18.355069942959673
2023,Sabah,Tawau,Tawau,NANGKA,NANGKA,Jackfruit,NANGKA / Jackfruit,major,52.0,49.2,634.8,1387.04,12.902439024390242,statistik_tanaman_buah_2023.pdf,151,13.15650088454506
2023,Sabah,Tawau,Tawau,PISANG,PISANG,Banana,PISANG / Banana,major,211.1,165.5,2482.4,5066.58,14.99939577039275,statistik_tanaman_buah_2023.pdf,152,14.278494707597629
2023,Sabah,Tawau,Tawau,PULASAN,PULASAN,Pulasan,PULASAN / (Pulasan),major,0.0,0.0,0.0,0.0,0.0,statistik_tanaman_buah_2023.pdf,152,0.0
2023,Sabah,Tawau,Tawau,RAMBUTAN,RAMBUTAN,Rambutan,RAMBUTAN / (Rambutan),major,270.0,157.0,1210.2,3987.61,7.708280254777071,statistik_tanaman_buah_2023.pdf,153,7.5886512510539115
2023,Sabah,Tawau,Tawau,SALAK,SALAK,Salak,SALAK / (Salak),major,53.0,41.6,171.8,481.04,4.1298076923076925,statistik_tanaman_buah_2023.pdf,153,4.133285247392841
2023,Sabah,Tawau,Tawau,TEMBIKAI,TEMBIKAI,Watermelon,TEMBIKAI / Water-melon,major,100.4,97.4,1557.7,3572.33,15.992813141683778,statistik_tanaman_buah_2023.pdf,154,15.447480892819664
2023,Sabah,Telupid,Telupid,BELIMBING,BELIMBING,Starfruit,BELIMBING / Starfruit,major,0.0,0.0,0.0,0.0,0.0,statistik_tanaman_buah_2023.pdf,144,0.0
2023,Sabah,Telupid,Telupid,BETIK,BETIK,Papaya,BETIK / Papaya,major,0.0,0.0,0.0,0.0,0.0,statistik_tanaman_buah_2023.pdf,144,0.0
2023,Sabah,Telupid,Telupid,CEMPEDAK,CEMPEDAK,Cempedak,CEMPEDAK / (Cempedak),major,3.0,2.2,2.5,10.8,1.1363636363636362,statistik_tanaman_buah_2023.pdf,145,1.1718137228861438
2023,Sabah,Telupid,Telupid,CIKU,CIKU,Ciku,CIKU / (Ciku),major,0.0,0.0,0.0,0.0,0.0,statistik_tanaman_buah_2023.pdf,145,0.0
2023,Sabah,Telupid,Telupid,DOKONG,DOKONG,Dokong,DOKONG / (Dokong),major,0.0,0.0,0.0,0.0,0.0,statistik_tanaman_buah_2023.pdf,146,0.0
2023,Sabah,Telupid,Telupid,DUKU,DUKU,Duku,DUKU / (Duku),major,3.0,0.5,0.5,0.88,1.0,statistik_tanaman_buah_2023.pdf,146,0.97315873015873
2023,Sabah,Telupid,Telupid,DURIAN,DURIAN,Durian,DURIAN / (Durian),major,57.0,3.0,12.0,228.47,4.0,statistik_tanaman_buah_2023.pdf,147,4.229425377794329
2023,Sabah,Telupid,Telupid,JAMBU_BATU,JAMBU BATU,Guava,JAMBU BATU / Guava,major,0.0,0.0,0.0,0.0,0.0,statistik_tanaman_buah_2023.pdf,147,0.0
2023,Sabah,Telupid,Telupid,LANGSAT,LANGSAT,Langsat,LANGSAT / (Langsat),major,4.0,1.0,6.0,31.26,6.0,statistik_tanaman_buah_2023.pdf,148,6.010791412291411
2023,Sabah,Telupid,Telupid,LIMAU_BESAR,LIMAU BESAR,Pomelo,LIMAU BESAR / Pomelo,major,0.0,0.0,0.0,0.0,0.0,statistik_tanaman_buah_2023.pdf,148,0.0
2023,Sabah,Telupid,Telupid,LIMAU_MANIS,LIMAU MANIS,Sweet Orange,LIMAU MANIS / Sweet Orange,major,0.0,0.0,0.0,0.0,0.0,statistik_tanaman_buah_2023.pdf,149,0.0
2023,Sabah,Telupid,Telupid,MANGGA,MANGGA,Mango,MANGGA / Mango,major,4.0,2.0,2.4,25.87,1.2,statistik_tanaman_buah_2023.pdf,149,1.2123954418494418
2023,Sabah,Telupid,Telupid,MANGGIS,MANGGIS,Mangosteen,MANGGIS / Mangosteen,major,0.0,0.0,0.0,0.0,0.0,statistik_tanaman_buah_2023.pdf,150,0.0
2023,Sabah,Telupid,Telupid,MATA_NAGA,MATA NAGA/PITAYA,Dragon Fruit,MATA NAGA/PITAYA / Dragon Fruit,major,0.2,0.2,1.6,8.7,8.0,statistik_tanaman_buah_2023.pdf,150,7.642222222222221
2023,Sabah,Telupid,Telupid,NANAS,NANAS,Pineapple,NANAS / Pineapple,major,1.9,0.5,1.2,2.92,2.4,statistik_tanaman_buah_2023.pdf,151,2.3851534391534304
2023,Sabah,Telupid,Telupid,NANGKA,NANGKA,Jackfruit,NANGKA / Jackfruit,major,3.0,0.4,0.8,1.75,2.0,statistik_tanaman_buah_2023.pdf,151,2.0342539682539686
2023,Sabah,Telupid,Telupid,PISANG,PISANG,Banana,PISANG / Banana,major,26.9,25.5,217.5,443.92,8.529411764705882,statistik_tanaman_buah_2023.pdf,152,8.846647053118083
2023,Sabah,Telupid,Telupid,PULASAN,PULASAN,Pulasan,PULASAN / (Pulasan),major,0.0,0.0,0.0,0.0,0.0,statistik_tanaman_buah_2023.pdf,152,0.0
2023,Sabah,Telupid,Telupid,RAMBUTAN,RAMBUTAN,Rambutan,RAMBUTAN / (Rambutan),major,12.0,4.0,8.0,26.36,2.0,statistik_tanaman_buah_2023.pdf,153,2.032632759365853
2023,Sabah,Telupid,Telupid,SALAK,SALAK,Salak,SALAK / (Salak),major,0.0,0.0,0.0,0.0,0.0,statistik_tanaman_buah_2023.pdf,153,0.0
2023,Sabah,Telupid,Telupid,TEMBIKAI,TEMBIKAI,Watermelon,TEMBIKAI / Water-melon,major,1.9,1.9,13.0,29.81,6.842105263157895,statistik_tanaman_buah_2023.pdf,154,7.259182504400786
2023,Sabah,Tenom,Tenom,BELIMBING,BELIMBING,Starfruit,BELIMBING / Starfruit,major,2.6,2.6,30.5,101.87,11.73076923076923,statistik_tanaman_buah_2023.pdf,144,11.853593666005194
2023,Sabah,Tenom,Tenom,BETIK,BETIK,Papaya,BETIK / Papaya,major,136.0,131.0,3380.2,7549.11,25.803053435114503,statistik_tanaman_buah_2023.pdf,144,26.442212873261063
2023,Sabah,Tenom,Tenom,CEMPEDAK,CEMPEDAK,Cempedak,CEMPEDAK / (Cempedak),major,4.7,4.7,25.2,108.86,5.361702127659574,statistik_tanaman_buah_2023.pdf,145,5.437937059311683
2023,Sabah,Tenom,Tenom,CIKU,CIKU,Ciku,CIKU / (Ciku),major,0.0,0.0,0.0,0.0,0.0,statistik_tanaman_buah_2023.pdf,145,0.0
2023,Sabah,Tenom,Tenom,DOKONG,DOKONG,Dokong,DOKONG / (Dokong),major,10.2,10.2,85.2,117.58,8.352941176470589,statistik_tanaman_buah_2023.pdf,146,8.777164608535681
2023,Sabah,Tenom,Tenom,DUKU,DUKU,Duku,DUKU / (Duku),major,3.2,3.0,32.7,57.23,10.9,statistik_tanaman_buah_2023.pdf,146,10.787944797038882
2023,Sabah,Tenom,Tenom,DURIAN,DURIAN,Durian,DURIAN / (Durian),major,164.0,110.0,667.6,12710.27,6.069090909090909,statistik_tanaman_buah_2023.pdf,147,6.292658101916516
2023,Sabah,Tenom,Tenom,JAMBU_BATU,JAMBU BATU,Guava,JAMBU BATU / Guava,major,52.7,36.2,622.6,2163.54,17.19889502762431,statistik_tanaman_buah_2023.pdf,147,17.158086399488298
2023,Sabah,Tenom,Tenom,LANGSAT,LANGSAT,Langsat,LANGSAT / (Langsat),major,21.2,21.1,164.1,854.96,7.777251184834123,statistik_tanaman_buah_2023.pdf,148,7.770207992084488
2023,Sabah,Tenom,Tenom,LIMAU_BESAR,LIMAU BESAR,Pomelo,LIMAU BESAR / Pomelo,major,459.9,359.0,11863.0,74499.64,33.04456824512535,statistik_tanaman_buah_2023.pdf,148,31.17702336505138
2023,Sabah,Tenom,Tenom,LIMAU_MANIS,LIMAU MANIS,Sweet Orange,LIMAU MANIS / Sweet Orange,major,5.0,4.7,40.2,221.5,8.553191489361703,statistik_tanaman_buah_2023.pdf,149,8.694800233974728
2023,Sabah,Tenom,Tenom,MANGGA,MANGGA,Mango,MANGGA / Mango,major,1.0,1.0,7.3,78.69,7.3,statistik_tanaman_buah_2023.pdf,149,7.378787037037028
2023,Sabah,Tenom,Tenom,MANGGIS,MANGGIS,Mangosteen,MANGGIS / Mangosteen,major,15.0,14.1,109.8,598.41,7.787234042553192,statistik_tanaman_buah_2023.pdf,150,7.676707558442158
2023,Sabah,Tenom,Tenom,MATA_NAGA,MATA NAGA/PITAYA,Dragon Fruit,MATA NAGA/PITAYA / Dragon Fruit,major,0.0,0.0,0.0,0.0,0.0,statistik_tanaman_buah_2023.pdf,150,0.0
2023,Sabah,Tenom,Tenom,NANAS,NANAS,Pineapple,NANAS / Pineapple,major,2.5,2.5,18.8,45.68,7.52,statistik_tanaman_buah_2023.pdf,151,7.613738983823182
2023,Sabah,Tenom,Tenom,NANGKA,NANGKA,Jackfruit,NANGKA / Jackfruit,major,1.3,0.5,6.5,14.2,13.0,statistik_tanaman_buah_2023.pdf,151,11.74485185185185
2023,Sabah,Tenom,Tenom,PISANG,PISANG,Banana,PISANG / Banana,major,490.1,416.3,7923.0,16170.84,19.03194811434062,statistik_tanaman_buah_2023.pdf,152,18.898894554707887
2023,Sabah,Tenom,Tenom,PULASAN,PULASAN,Pulasan,PULASAN / (Pulasan),major,0.0,0.0,0.0,0.0,0.0,statistik_tanaman_buah_2023.pdf,152,0.0
2023,Sabah,Tenom,Tenom,RAMBUTAN,RAMBUTAN,Rambutan,RAMBUTAN / (Rambutan),major,3.1,3.1,30.5,100.5,9.838709677419354,statistik_tanaman_buah_2023.pdf,153,10.107329705003416
2023,Sabah,Tenom,Tenom,SALAK,SALAK,Salak,SALAK / (Salak),major,0.0,0.0,0.0,0.0,0.0,statistik_tanaman_buah_2023.pdf,153,0.0
2023,Sabah,Tenom,Tenom,TEMBIKAI,TEMBIKAI,Watermelon,TEMBIKAI / Water-melon,major,0.0,0.0,0.0,0.0,0.0,statistik_tanaman_buah_2023.pdf,154,0.0
2023,Sabah,Tongod,Tongod,BELIMBING,BELIMBING,Starfruit,BELIMBING / Starfruit,major,0.0,0.0,0.0,0.0,0.0,statistik_tanaman_buah_2023.pdf,144,0.0
2023,Sabah,Tongod,Tongod,BETIK,BETIK,Papaya,BETIK / Papaya,major,0.0,0.0,0.0,0.0,0.0,statistik_tanaman_buah_2023.pdf,144,0.0
2023,Sabah,Tongod,Tongod,CEMPEDAK,CEMPEDAK,Cempedak,CEMPEDAK / (Cempedak),major,42.9,19.5,68.3,295.06,3.5025641025641026,statistik_tanaman_buah_2023.pdf,145,3.555166852102186
2023,Sabah,Tongod,Tongod,CIKU,CIKU,Ciku,CIKU / (Ciku),major,0.0,0.0,0.0,0.0,0.0,statistik_tanaman_buah_2023.pdf,145,0.0
2023,Sabah,Tongod,Tongod,DOKONG,DOKONG,Dokong,DOKONG / (Dokong),major,0.0,0.0,0.0,0.0,0.0,statistik_tanaman_buah_2023.pdf,146,0.0
2023,Sabah,Tongod,Tongod,DUKU,DUKU,Duku,DUKU / (Duku),major,0.0,0.0,0.0,0.0,0.0,statistik_tanaman_buah_2023.pdf,146,0.0
2023,Sabah,Tongod,Tongod,DURIAN,DURIAN,Durian,DURIAN / (Durian),major,254.7,52.0,324.5,6178.07,6.240384615384615,statistik_tanaman_buah_2023.pdf,147,6.426739997741311
2023,Sabah,Tongod,Tongod,JAMBU_BATU,JAMBU BATU,Guava,JAMBU BATU / Guava,major,0.0,0.0,0.0,0.0,0.0,statistik_tanaman_buah_2023.pdf,147,0.0
2023,Sabah,Tongod,Tongod,LANGSAT,LANGSAT,Langsat,LANGSAT / (Langsat),major,44.6,21.1,73.9,385.02,3.5023696682464456,statistik_tanaman_buah_2023.pdf,148,3.5296893208983975
2023,Sabah,Tongod,Tongod,LIMAU_BESAR,LIMAU BESAR,Pomelo,LIMAU BESAR / Pomelo,major,0.0,0.0,0.0,0.0,0.0,statistik_tanaman_buah_2023.pdf,148,0.0
2023,Sabah,Tongod,Tongod,LIMAU_MANIS,LIMAU MANIS,Sweet Orange,LIMAU MANIS / Sweet Orange,major,0.0,0.0,0.0,0.0,0.0,statistik_tanaman_buah_2023.pdf,149,0.0
2023,Sabah,Tongod,Tongod,MANGGA,MANGGA,Mango,MANGGA / Mango,major,0.0,0.0,0.0,0.0,0.0,statistik_tanaman_buah_2023.pdf,149,0.0
2023,Sabah,Tongod,Tongod,MANGGIS,MANGGIS,Mangosteen,MANGGIS / Mangosteen,major,0.0,0.0,0.0,0.0,0.0,statistik_tanaman_buah_2023.pdf,150,0.0
2023,Sabah,Tongod,Tongod,MATA_NAGA,MATA NAGA/PITAYA,Dragon Fruit,MATA NAGA/PITAYA / Dragon Fruit,major,0.0,0.0,0.0,0.0,0.0,statistik_tanaman_buah_2023.pdf,150,0.0
2023,Sabah,Tongod,Tongod,NANAS,NANAS,Pineapple,NANAS / Pineapple,major,17.2,6.8,19.0,46.17,2.794117647058824,statistik_tanaman_buah_2023.pdf,151,2.7799918713775944
2023,Sabah,Tongod,Tongod,NANGKA,NANGKA,Jackfruit,NANGKA / Jackfruit,major,0.0,0.0,0.0,0.0,0.0,statistik_tanaman_buah_2023.pdf,151,0.0
2023,Sabah,Tongod,Tongod,PISANG,PISANG,Banana,PISANG / Banana,major,23.0,20.8,104.3,212.88,5.014423076923077,statistik_tanaman_buah_2023.pdf,152,5.076059915495403
2023,Sabah,Tongod,Tongod,PULASAN,PULASAN,Pulasan,PULASAN / (Pulasan),major,0.0,0.0,0.0,0.0,0.0,statistik_tanaman_buah_2023.pdf,152,0.0
2023,Sabah,Tongod,Tongod,RAMBUTAN,RAMBUTAN,Rambutan,RAMBUTAN / (Rambutan),major,70.7,22.0,46.2,152.23,2.1,statistik_tanaman_buah_2023.pdf,153,2.1681759813858306
2023,Sabah,Tongod,Tongod,SALAK,SALAK,Salak,SALAK / (Salak),major,0.0,0.0,0.0,0.0,0.0,statistik_tanaman_buah_2023.pdf,153,0.0
2023,Sabah,Tongod,Tongod,TEMBIKAI,TEMBIKAI,Watermelon,TEMBIKAI / Water-melon,major,0.0,0.0,0.0,0.0,0.0,statistik_tanaman_buah_2023.pdf,154,0.0
2023,Sabah,Tuaran,Tuaran,BELIMBING,BELIMBING,Starfruit,BELIMBING / Starfruit,major,1.2,1.2,8.1,27.05,6.75,statistik_tanaman_buah_2023.pdf,144,6.798370389958635
2023,Sabah,Tuaran,Tuaran,BETIK,BETIK,Papaya,BETIK / Papaya,major,0.9,0.6,12.7,28.36,21.166666666666668,statistik_tanaman_buah_2023.pdf,144,19.66991325536066
2023,Sabah,Tuaran,Tuaran,CEMPEDAK,CEMPEDAK,Cempedak,CEMPEDAK / (Cempedak),major,162.6,90.0,1100.0,4752.0,12.22222222222222,statistik_tanaman_buah_2023.pdf,145,10.816241968725198
2023,Sabah,Tuaran,Tuaran,CIKU,CIKU,Ciku,CIKU / (Ciku),major,0.2,0.0,0.0,0.0,0.0,statistik_tanaman_buah_2023.pdf,145,0.0
2023,Sabah,Tuaran,Tuaran,DOKONG,DOKONG,Dokong,DOKONG / (Dokong),major,0.0,0.0,0.0,0.0,0.0,statistik_tanaman_buah_2023.pdf,146,0.0
2023,Sabah,Tuaran,Tuaran,DUKU,DUKU,Duku,DUKU / (Duku),major,0.0,0.0,0.0,0.0,0.0,statistik_tanaman_buah_2023.pdf,146,0.0
2023,Sabah,Tuaran,Tuaran,DURIAN,DURIAN,Durian,DURIAN / (Durian),major,366.4,292.0,1151.0,21913.6,3.941780821917808,statistik_tanaman_buah_2023.pdf,147,4.784184568417406
2023,Sabah,Tuaran,Tuaran,JAMBU_BATU,JAMBU BATU,Guava,JAMBU BATU / Guava,major,6.9,6.9,82.5,286.69,11.956521739130434,statistik_tanaman_buah_2023.pdf,147,11.991368952004924
2023,Sabah,Tuaran,Tuaran,LANGSAT,LANGSAT,Langsat,LANGSAT / (Langsat),major,183.6,180.0,1160.0,6043.6,6.444444444444445,statistik_tanaman_buah_2023.pdf,148,6.857358396471309
2023,Sabah,Tuaran,Tuaran,LIMAU_BESAR,LIMAU BESAR,Pomelo,LIMAU BESAR / Pomelo,major,0.0,0.0,0.0,0.0,0.0,statistik_tanaman_buah_2023.pdf,148,0.0
2023,Sabah,Tuaran,Tuaran,LIMAU_MANIS,LIMAU MANIS,Sweet Orange,LIMAU MANIS / Sweet Orange,major,0.0,0.0,0.0,0.0,0.0,statistik_tanaman_buah_2023.pdf,149,0.0
2023,Sabah,Tuaran,Tuaran,MANGGA,MANGGA,Mango,MANGGA / Mango,major,156.0,133.0,320.0,3449.6,2.406015037593985,statistik_tanaman_buah_2023.pdf,149,2.5334315377983785
2023,Sabah,Tuaran,Tuaran,MANGGIS,MANGGIS,Mangosteen,MANGGIS / Mangosteen,major,3.5,1.0,15.0,81.75,15.0,statistik_tanaman_buah_2023.pdf,150,15.251154331779333
2023,Sabah,Tuaran,Tuaran,MATA_NAGA,MATA NAGA/PITAYA,Dragon Fruit,MATA NAGA/PITAYA / Dragon Fruit,major,0.0,0.0,0.0,0.0,0.0,statistik_tanaman_buah_2023.pdf,150,0.0
2023,Sabah,Tuaran,Tuaran,NANAS,NANAS,Pineapple,NANAS / Pineapple,major,340.1,326.6,6818.5,16568.96,20.87721984078383,statistik_tanaman_buah_2023.pdf,151,21.68678461023688
2023,Sabah,Tuaran,Tuaran,NANGKA,NANGKA,Jackfruit,NANGKA / Jackfruit,major,28.2,20.0,83.5,182.45,4.175,statistik_tanaman_buah_2023.pdf,151,4.2401023786782455
2023,Sabah,Tuaran,Tuaran,PISANG,PISANG,Banana,PISANG / Banana,major,183.5,150.5,1961.0,4002.4,13.029900332225914,statistik_tanaman_buah_2023.pdf,152,13.166277281074503
2023,Sabah,Tuaran,Tuaran,PULASAN,PULASAN,Pulasan,PULASAN / (Pulasan),major,0.0,0.0,0.0,0.0,0.0,statistik_tanaman_buah_2023.pdf,152,0.0
2023,Sabah,Tuaran,Tuaran,RAMBUTAN,RAMBUTAN,Rambutan,RAMBUTAN / (Rambutan),major,154.4,120.0,1000.0,3295.0,8.333333333333334,statistik_tanaman_buah_2023.pdf,153,8.589703317171399
2023,Sabah,Tuaran,Tuaran,SALAK,SALAK,Salak,SALAK / (Salak),major,0.0,0.0,0.0,0.0,0.0,statistik_tanaman_buah_2023.pdf,153,0.0
2023,Sabah,Tuaran,Tuaran,TEMBIKAI,TEMBIKAI,Watermelon,TEMBIKAI / Water-melon,major,11.1,11.1,199.6,457.75,17.98198198198198,statistik_tanaman_buah_2023.pdf,154,17.989802820506622
2024,Sabah,Beaufort,Beaufort,BELIMBING,BELIMBING,Starfruit,BELIMBING / Starfruit,major,0.0,0.0,0.0,0.0,0.0,statistik_tanaman_buah_2024.pdf,133,0.0
2024,Sabah,Beaufort,Beaufort,BETIK,BETIK,Papaya,BETIK / Papaya,major,0.0,0.0,0.0,0.0,0.0,statistik_tanaman_buah_2024.pdf,133,0.0
2024,Sabah,Beaufort,Beaufort,CEMPEDAK,CEMPEDAK,Cempedak,CEMPEDAK / (Cempedak),major,140.0,45.0,107.6,391.66,2.391111111111111,statistik_tanaman_buah_2024.pdf,134,2.3989001972548585
2024,Sabah,Beaufort,Beaufort,CIKU,CIKU,Ciku,CIKU / (Ciku),major,0.0,0.0,0.0,0.0,0.0,statistik_tanaman_buah_2024.pdf,134,0.0
2024,Sabah,Beaufort,Beaufort,DOKONG,DOKONG,Dokong,DOKONG / (Dokong),major,0.5,0.0,0.0,0.0,0.0,statistik_tanaman_buah_2024.pdf,135,0.0
2024,Sabah,Beaufort,Beaufort,DUKU,DUKU,Duku,DUKU / (Duku),major,10.5,0.0,0.0,0.0,0.0,statistik_tanaman_buah_2024.pdf,135,0.0
2024,Sabah,Beaufort,Beaufort,DURIAN,DURIAN,Durian,DURIAN / (Durian),major,410.8,80.9,249.6,5114.3,3.0852904820766374,statistik_tanaman_buah_2024.pdf,136,3.2241225384967778
2024,Sabah,Beaufort,Beaufort,JAMBU_BATU,JAMBU BATU,Guava,JAMBU BATU / Guava,major,0.0,0.0,0.0,0.0,0.0,statistik_tanaman_buah_2024.pdf,136,0.0
2024,Sabah,Beaufort,Beaufort,LANGSAT,LANGSAT,Langsat,LANGSAT / (Langsat),major,48.0,0.0,0.0,0.0,0.0,statistik_tanaman_buah_2024.pdf,137,0.0
2024,Sabah,Beaufort,Beaufort,LIMAU_BESAR,LIMAU BESAR,Pomelo,LIMAU BESAR / Pomelo,major,3.0,3.0,4.8,28.22,1.6,statistik_tanaman_buah_2024.pdf,137,1.5577130158916894
2024,Sabah,Beaufort,Beaufort,LIMAU_MANIS,LIMAU MANIS,Sweet Orange,LIMAU MANIS / Sweet Orange,major,6.4,6.4,15.1,76.26,2.359375,statistik_tanaman_buah_2024.pdf,138,2.4519973977421095
2024,Sabah,Beaufort,Beaufort,MANGGA,MANGGA,Mango,MANGGA / Mango,major,33.6,13.0,23.4,216.68,1.7999999999999998,statistik_tanaman_buah_2024.pdf,138,1.840030794803657
2024,Sabah,Beaufort,Beaufort,MANGGIS,MANGGIS,Mangosteen,MANGGIS / Mangosteen,major,39.7,0.0,0.0,0.0,0.0,statistik_tanaman_buah_2024.pdf,139,0.0
2024,Sabah,Beaufort,Beaufort,MATA_NAGA,MATA NAGA/PITAYA,Dragon Fruit,MATA NAGA/PITAYA / Dragon Fruit,major,0.0,0.0,0.0,0.0,0.0,statistik_tanaman_buah_2024.pdf,139,0.0
2024,Sabah,Beaufort,Beaufort,NANAS,NANAS,Pineapple,NANAS / Pineapple,major,99.6,59.5,273.2,786.82,4.591596638655462,statistik_tanaman_buah_2024.pdf,140,4.6618702705311
2024,Sabah,Beaufort,Beaufort,NANGKA,NANGKA,Jackfruit,NANGKA / Jackfruit,major,8.0,8.0,27.9,63.89,3.4875,statistik_tanaman_buah_2024.pdf,140,3.494929085972495
2024,Sabah,Beaufort,Beaufort,PISANG,PISANG,Banana,PISANG / Banana,major,57.2,55.7,614.6,1382.85,11.03411131059246,statistik_tanaman_buah_2024.pdf,141,11.446613586608407
2024,Sabah,Beaufort,Beaufort,PULASAN,PULASAN,Pulasan,PULASAN / (Pulasan),major,0.0,0.0,0.0,0.0,0.0,statistik_tanaman_buah_2024.pdf,141,0.0
2024,Sabah,Beaufort,Beaufort,RAMBUTAN,RAMBUTAN,Rambutan,RAMBUTAN / (Rambutan),major,100.2,10.3,31.3,92.96,3.0388349514563107,statistik_tanaman_buah_2024.pdf,142,3.007882743040426
2024,Sabah,Beaufort,Beaufort,SALAK,SALAK,Salak,SALAK / (Salak),major,0.0,0.0,0.0,0.0,0.0,statistik_tanaman_buah_2024.pdf,142,0.0
2024,Sabah,Beaufort,Beaufort,TEMBIKAI,TEMBIKAI,Watermelon,TEMBIKAI / Watermelon,major,64.0,32.0,393.3,853.46,12.290625,statistik_tanaman_buah_2024.pdf,143,12.53723557655736
2024,Sabah,Beluran,Beluran,BELIMBING,BELIMBING,Starfruit,BELIMBING / Starfruit,major,0.0,0.0,0.0,0.0,0.0,statistik_tanaman_buah_2024.pdf,133,0.0
2024,Sabah,Beluran,Beluran,BETIK,BETIK,Papaya,BETIK / Papaya,major,0.0,0.0,0.0,0.0,0.0,statistik_tanaman_buah_2024.pdf,133,0.0
2024,Sabah,Beluran,Beluran,CEMPEDAK,CEMPEDAK,Cempedak,CEMPEDAK / (Cempedak),major,29.5,29.5,403.0,1466.92,13.66101694915254,statistik_tanaman_buah_2024.pdf,134,13.799558568458073
2024,Sabah,Beluran,Beluran,CIKU,CIKU,Ciku,CIKU / (Ciku),major,0.0,0.0,0.0,0.0,0.0,statistik_tanaman_buah_2024.pdf,134,0.0
2024,Sabah,Beluran,Beluran,DOKONG,DOKONG,Dokong,DOKONG / (Dokong),major,0.0,0.0,0.0,0.0,0.0,statistik_tanaman_buah_2024.pdf,135,0.0
2024,Sabah,Beluran,Beluran,DUKU,DUKU,Duku,DUKU / (Duku),major,2.0,0.0,0.0,0.0,0.0,statistik_tanaman_buah_2024.pdf,135,0.0
2024,Sabah,Beluran,Beluran,DURIAN,DURIAN,Durian,DURIAN / (Durian),major,87.4,15.3,146.8,3007.93,9.594771241830063,statistik_tanaman_buah_2024.pdf,136,9.619501384981369
2024,Sabah,Beluran,Beluran,JAMBU_BATU,JAMBU BATU,Guava,JAMBU BATU / Guava,major,0.0,0.0,0.0,0.0,0.0,statistik_tanaman_buah_2024.pdf,136,0.0
2024,Sabah,Beluran,Beluran,LANGSAT,LANGSAT,Langsat,LANGSAT / (Langsat),major,40.0,40.0,314.0,1277.98,7.85,statistik_tanaman_buah_2024.pdf,137,8.264434279015111
2024,Sabah,Beluran,Beluran,LIMAU_BESAR,LIMAU BESAR,Pomelo,LIMAU BESAR / Pomelo,major,0.8,0.8,6.5,38.22,8.125,statistik_tanaman_buah_2024.pdf,137,8.348795815295817
2024,Sabah,Beluran,Beluran,LIMAU_MANIS,LIMAU MANIS,Sweet Orange,LIMAU MANIS / Sweet Orange,major,1.3,1.3,4.0,20.2,3.0769230769230766,statistik_tanaman_buah_2024.pdf,138,3.1319369796869863
2024,Sabah,Beluran,Beluran,MANGGA,MANGGA,Mango,MANGGA / Mango,major,67.2,56.0,172.2,1594.57,3.075,statistik_tanaman_buah_2024.pdf,138,3.314462548634564
2024,Sabah,Beluran,Beluran,MANGGIS,MANGGIS,Mangosteen,MANGGIS / Mangosteen,major,2.0,1.5,12.0,60.84,8.0,statistik_tanaman_buah_2024.pdf,139,8.316739819004527
2024,Sabah,Beluran,Beluran,MATA_NAGA,MATA NAGA/PITAYA,Dragon Fruit,MATA NAGA/PITAYA / Dragon Fruit,major,0.0,0.0,0.0,0.0,0.0,statistik_tanaman_buah_2024.pdf,139,0.0
2024,Sabah,Beluran,Beluran,NANAS,NANAS,Pineapple,NANAS / Pineapple,major,18.8,5.0,10.2,29.38,2.04,statistik_tanaman_buah_2024.pdf,140,2.025477492877494
2024,Sabah,Beluran,Beluran,NANGKA,NANGKA,Jackfruit,NANGKA / Jackfruit,major,25.0,21.0,361.2,827.15,17.2,statistik_tanaman_buah_2024.pdf,140,17.241795207339976
2024,Sabah,Beluran,Beluran,PISANG,PISANG,Banana,PISANG / Banana,major,70.7,70.7,1320.0,2970.0,18.67043847241867,statistik_tanaman_buah_2024.pdf,141,17.800364215773513
2024,Sabah,Beluran,Beluran,PULASAN,PULASAN,Pulasan,PULASAN / (Pulasan),major,0.0,0.0,0.0,0.0,0.0,statistik_tanaman_buah_2024.pdf,141,0.0
2024,Sabah,Beluran,Beluran,RAMBUTAN,RAMBUTAN,Rambutan,RAMBUTAN / (Rambutan),major,70.6,60.0,715.0,2123.55,11.916666666666666,statistik_tanaman_buah_2024.pdf,142,12.193395742390965
2024,Sabah,Beluran,Beluran,SALAK,SALAK,Salak,SALAK / (Salak),major,0.0,0.0,0.0,0.0,0.0,statistik_tanaman_buah_2024.pdf,142,0.0
2024,Sabah,Beluran,Beluran,TEMBIKAI,TEMBIKAI,Watermelon,TEMBIKAI / Watermelon,major,0.0,0.0,0.0,0.0,0.0,statistik_tanaman_buah_2024.pdf,143,0.0
2024,Sabah,Keningau,Keningau,BELIMBING,BELIMBING,Starfruit,BELIMBING / Starfruit,major,2.4,0.0,0.0,0.0,0.0,statistik_tanaman_buah_2024.pdf,133,0.0
2024,Sabah,Keningau,Keningau,BETIK,BETIK,Papaya,BETIK / Papaya,major,67.4,63.4,1011.8,2074.19,15.958990536277602,statistik_tanaman_buah_2024.pdf,133,17.9339781738099
2024,Sabah,Keningau,Keningau,CEMPEDAK,CEMPEDAK,Cempedak,CEMPEDAK / (Cempedak),major,6.0,0.0,0.0,0.0,0.0,statistik_tanaman_buah_2024.pdf,134,0.0
2024,Sabah,Keningau,Keningau,CIKU,CIKU,Ciku,CIKU / (Ciku),major,0.0,0.0,0.0,0.0,0.0,statistik_tanaman_buah_2024.pdf,134,0.0
2024,Sabah,Keningau,Keningau,DOKONG,DOKONG,Dokong,DOKONG / (Dokong),major,0.0,0.0,0.0,0.0,0.0,statistik_tanaman_buah_2024.pdf,135,0.0
2024,Sabah,Keningau,Keningau,DUKU,DUKU,Duku,DUKU / (Duku),major,7.0,0.0,0.0,0.0,0.0,statistik_tanaman_buah_2024.pdf,135,0.0
2024,Sabah,Keningau,Keningau,DURIAN,DURIAN,Durian,DURIAN / (Durian),major,1261.8,205.0,1520.2,31148.9,7.415609756097561,statistik_tanaman_buah_2024.pdf,136,7.429391538075732
2024,Sabah,Keningau,Keningau,JAMBU_BATU,JAMBU BATU,Guava,JAMBU BATU / Guava,major,3.2,3.2,69.6,258.22,21.75,statistik_tanaman_buah_2024.pdf,136,21.855694348659014
2024,Sabah,Keningau,Keningau,LANGSAT,LANGSAT,Langsat,LANGSAT / (Langsat),major,3.2,0.0,0.0,0.0,0.0,statistik_tanaman_buah_2024.pdf,137,0.0
2024,Sabah,Keningau,Keningau,LIMAU_BESAR,LIMAU BESAR,Pomelo,LIMAU BESAR / Pomelo,major,0.0,0.0,0.0,0.0,0.0,statistik_tanaman_buah_2024.pdf,137,0.0
2024,Sabah,Keningau,Keningau,LIMAU_MANIS,LIMAU MANIS,Sweet Orange,LIMAU MANIS / Sweet Orange,major,0.0,0.0,0.0,0.0,0.0,statistik_tanaman_buah_2024.pdf,138,0.0
2024,Sabah,Keningau,Keningau,MANGGA,MANGGA,Mango,MANGGA / Mango,major,6.8,4.0,18.0,166.68,4.5,statistik_tanaman_buah_2024.pdf,138,4.388769116258458
2024,Sabah,Keningau,Keningau,MANGGIS,MANGGIS,Mangosteen,MANGGIS / Mangosteen,major,0.4,0.0,0.0,0.0,0.0,statistik_tanaman_buah_2024.pdf,139,0.0
2024,Sabah,Keningau,Keningau,MATA_NAGA,MATA NAGA/PITAYA,Dragon Fruit,MATA NAGA/PITAYA / Dragon Fruit,major,5.6,0.4,0.6,3.18,1.4999999999999998,statistik_tanaman_buah_2024.pdf,139,1.7360555555555557
2024,Sabah,Keningau,Keningau,NANAS,NANAS,Pineapple,NANAS / Pineapple,major,78.1,64.8,1360.2,3917.38,20.990740740740744,statistik_tanaman_buah_2024.pdf,140,20.1864022702045
2024,Sabah,Keningau,Keningau,NANGKA,NANGKA,Jackfruit,NANGKA / Jackfruit,major,3.0,0.0,0.0,0.0,0.0,statistik_tanaman_buah_2024.pdf,140,0.0
2024,Sabah,Keningau,Keningau,PISANG,PISANG,Banana,PISANG / Banana,major,71.2,67.8,994.2,2236.95,14.663716814159294,statistik_tanaman_buah_2024.pdf,141,15.092312340454113
2024,Sabah,Keningau,Keningau,PULASAN,PULASAN,Pulasan,PULASAN / (Pulasan),major,0.0,0.0,0.0,0.0,0.0,statistik_tanaman_buah_2024.pdf,141,0.0
2024,Sabah,Keningau,Keningau,RAMBUTAN,RAMBUTAN,Rambutan,RAMBUTAN / (Rambutan),major,19.2,0.0,0.0,0.0,0.0,statistik_tanaman_buah_2024.pdf,142,0.0
2024,Sabah,Keningau,Keningau,SALAK,SALAK,Salak,SALAK / (Salak),major,0.0,0.0,0.0,0.0,0.0,statistik_tanaman_buah_2024.pdf,142,0.0
2024,Sabah,Keningau,Keningau,TEMBIKAI,TEMBIKAI,Watermelon,TEMBIKAI / Watermelon,major,8.0,8.0,146.0,316.82,18.25,statistik_tanaman_buah_2024.pdf,143,18.06147250802274
2024,Sabah,Kinabatangan,Kinabatangan,BELIMBING,BELIMBING,Starfruit,BELIMBING / Starfruit,major,0.0,0.0,0.0,0.0,0.0,statistik_tanaman_buah_2024.pdf,133,0.0
2024,Sabah,Kinabatangan,Kinabatangan,BETIK,BETIK,Papaya,BETIK / Papaya,major,0.0,0.0,0.0,0.0,0.0,statistik_tanaman_buah_2024.pdf,133,0.0
2024,Sabah,Kinabatangan,Kinabatangan,CEMPEDAK,CEMPEDAK,Cempedak,CEMPEDAK / (Cempedak),major,1.5,1.2,8.0,29.12,6.666666666666667,statistik_tanaman_buah_2024.pdf,134,6.609909786120326
2024,Sabah,Kinabatangan,Kinabatangan,CIKU,CIKU,Ciku,CIKU / (Ciku),major,0.0,0.0,0.0,0.0,0.0,statistik_tanaman_buah_2024.pdf,134,0.0
2024,Sabah,Kinabatangan,Kinabatangan,DOKONG,DOKONG,Dokong,DOKONG / (Dokong),major,0.0,0.0,0.0,0.0,0.0,statistik_tanaman_buah_2024.pdf,135,0.0
2024,Sabah,Kinabatangan,Kinabatangan,DUKU,DUKU,Duku,DUKU / (Duku),major,4.4,2.0,8.0,17.52,4.0,statistik_tanaman_buah_2024.pdf,135,3.995992490118577
2024,Sabah,Kinabatangan,Kinabatangan,DURIAN,DURIAN,Durian,DURIAN / (Durian),major,164.0,56.0,430.0,8810.7,7.678571428571429,statistik_tanaman_buah_2024.pdf,136,7.66127115708172
2024,Sabah,Kinabatangan,Kinabatangan,JAMBU_BATU,JAMBU BATU,Guava,JAMBU BATU / Guava,major,0.0,0.0,0.0,0.0,0.0,statistik_tanaman_buah_2024.pdf,136,0.0
2024,Sabah,Kinabatangan,Kinabatangan,LANGSAT,LANGSAT,Langsat,LANGSAT / (Langsat),major,8.4,8.0,72.0,293.04,9.0,statistik_tanaman_buah_2024.pdf,137,8.909031792094808
2024,Sabah,Kinabatangan,Kinabatangan,LIMAU_BESAR,LIMAU BESAR,Pomelo,LIMAU BESAR / Pomelo,major,0.0,0.0,0.0,0.0,0.0,statistik_tanaman_buah_2024.pdf,137,0.0
2024,Sabah,Kinabatangan,Kinabatangan,LIMAU_MANIS,LIMAU MANIS,Sweet Orange,LIMAU MANIS / Sweet Orange,major,0.0,0.0,0.0,0.0,0.0,statistik_tanaman_buah_2024.pdf,138,0.0
2024,Sabah,Kinabatangan,Kinabatangan,MANGGA,MANGGA,Mango,MANGGA / Mango,major,5.8,5.8,16.5,152.79,2.844827586206897,statistik_tanaman_buah_2024.pdf,138,2.8036232997120862
2024,Sabah,Kinabatangan,Kinabatangan,MANGGIS,MANGGIS,Mangosteen,MANGGIS / Mangosteen,major,0.0,0.0,0.0,0.0,0.0,statistik_tanaman_buah_2024.pdf,139,0.0
2024,Sabah,Kinabatangan,Kinabatangan,MATA_NAGA,MATA NAGA/PITAYA,Dragon Fruit,MATA NAGA/PITAYA / Dragon Fruit,major,0.0,0.0,0.0,0.0,0.0,statistik_tanaman_buah_2024.pdf,139,0.0
2024,Sabah,Kinabatangan,Kinabatangan,NANAS,NANAS,Pineapple,NANAS / Pineapple,major,4.0,0.0,0.0,0.0,0.0,statistik_tanaman_buah_2024.pdf,140,0.0
2024,Sabah,Kinabatangan,Kinabatangan,NANGKA,NANGKA,Jackfruit,NANGKA / Jackfruit,major,70.0,45.0,76.9,176.1,1.7088888888888891,statistik_tanaman_buah_2024.pdf,140,1.7745228811428406
2024,Sabah,Kinabatangan,Kinabatangan,PISANG,PISANG,Banana,PISANG / Banana,major,33.0,24.0,469.6,1056.6,19.566666666666663,statistik_tanaman_buah_2024.pdf,141,19.151778075615113
2024,Sabah,Kinabatangan,Kinabatangan,PULASAN,PULASAN,Pulasan,PULASAN / (Pulasan),major,0.0,0.0,0.0,0.0,0.0,statistik_tanaman_buah_2024.pdf,141,0.0
2024,Sabah,Kinabatangan,Kinabatangan,RAMBUTAN,RAMBUTAN,Rambutan,RAMBUTAN / (Rambutan),major,28.4,20.0,200.0,594.0,10.0,statistik_tanaman_buah_2024.pdf,142,10.026163208640682
2024,Sabah,Kinabatangan,Kinabatangan,SALAK,SALAK,Salak,SALAK / (Salak),major,0.0,0.0,0.0,0.0,0.0,statistik_tanaman_buah_2024.pdf,142,0.0
2024,Sabah,Kinabatangan,Kinabatangan,TEMBIKAI,TEMBIKAI,Watermelon,TEMBIKAI / Watermelon,major,2.0,0.0,0.0,0.0,0.0,statistik_tanaman_buah_2024.pdf,143,0.0
2024,Sabah,Kota Belud,Kota Belud,BELIMBING,BELIMBING,Starfruit,BELIMBING / Starfruit,major,5.3,1.2,12.0,38.16,10.0,statistik_tanaman_buah_2024.pdf,133,8.924970482301108
2024,Sabah,Kota Belud,Kota Belud,BETIK,BETIK,Papaya,BETIK / Papaya,major,9.3,9.1,76.8,157.44,8.43956043956044,statistik_tanaman_buah_2024.pdf,133,9.041882224080338
2024,Sabah,Kota Belud,Kota Belud,CEMPEDAK,CEMPEDAK,Cempedak,CEMPEDAK / (Cempedak),major,124.0,17.0,72.4,263.54,4.258823529411765,statistik_tanaman_buah_2024.pdf,134,4.20490139614431
2024,Sabah,Kota Belud,Kota Belud,CIKU,CIKU,Ciku,CIKU / (Ciku),major,2.5,2.4,17.5,89.6,7.291666666666667,statistik_tanaman_buah_2024.pdf,134,7.281124638627665
2024,Sabah,Kota Belud,Kota Belud,DOKONG,DOKONG,Dokong,DOKONG / (Dokong),major,0.5,0.3,0.6,1.51,2.0,statistik_tanaman_buah_2024.pdf,135,2.0306111111111105
2024,Sabah,Kota Belud,Kota Belud,DUKU,DUKU,Duku,DUKU / (Duku),major,1.0,0.7,2.5,5.48,3.571428571428572,statistik_tanaman_buah_2024.pdf,135,3.4820423280423225
2024,Sabah,Kota Belud,Kota Belud,DURIAN,DURIAN,Durian,DURIAN / (Durian),major,308.6,171.0,1544.3,31642.71,9.030994152046784,statistik_tanaman_buah_2024.pdf,136,8.530076064816328
2024,Sabah,Kota Belud,Kota Belud,JAMBU_BATU,JAMBU BATU,Guava,JAMBU BATU / Guava,major,1.6,1.6,8.4,31.16,5.25,statistik_tanaman_buah_2024.pdf,136,5.400807997930289
2024,Sabah,Kota Belud,Kota Belud,LANGSAT,LANGSAT,Langsat,LANGSAT / (Langsat),major,113.0,68.0,20.8,84.66,0.3058823529411765,statistik_tanaman_buah_2024.pdf,137,0.6128170050013337
2024,Sabah,Kota Belud,Kota Belud,LIMAU_BESAR,LIMAU BESAR,Pomelo,LIMAU BESAR / Pomelo,major,2.8,2.5,19.5,114.66,7.8,statistik_tanaman_buah_2024.pdf,137,7.696610912698406
2024,Sabah,Kota Belud,Kota Belud,LIMAU_MANIS,LIMAU MANIS,Sweet Orange,LIMAU MANIS / Sweet Orange,major,0.0,0.0,0.0,0.0,0.0,statistik_tanaman_buah_2024.pdf,138,0.0
2024,Sabah,Kota Belud,Kota Belud,MANGGA,MANGGA,Mango,MANGGA / Mango,major,159.2,153.9,339.5,3143.77,2.2059779077322936,statistik_tanaman_buah_2024.pdf,138,2.315511819144094
2024,Sabah,Kota Belud,Kota Belud,MANGGIS,MANGGIS,Mangosteen,MANGGIS / Mangosteen,major,9.6,3.0,16.1,81.63,5.366666666666667,statistik_tanaman_buah_2024.pdf,139,5.61187181848475
2024,Sabah,Kota Belud,Kota Belud,MATA_NAGA,MATA NAGA/PITAYA,Dragon Fruit,MATA NAGA/PITAYA / Dragon Fruit,major,5.4,5.2,22.9,121.37,4.403846153846153,statistik_tanaman_buah_2024.pdf,139,4.455803733775344
2024,Sabah,Kota Belud,Kota Belud,NANAS,NANAS,Pineapple,NANAS / Pineapple,major,229.5,166.9,1953.6,5626.37,11.705212702216896,statistik_tanaman_buah_2024.pdf,140,11.818820664815448
2024,Sabah,Kota Belud,Kota Belud,NANGKA,NANGKA,Jackfruit,NANGKA / Jackfruit,major,55.0,34.5,479.7,1098.51,13.904347826086957,statistik_tanaman_buah_2024.pdf,140,14.285429729963079
2024,Sabah,Kota Belud,Kota Belud,PISANG,PISANG,Banana,PISANG / Banana,major,737.7,649.1,9538.2,21460.95,14.694500077029732,statistik_tanaman_buah_2024.pdf,141,15.33235898513544
2024,Sabah,Kota Belud,Kota Belud,PULASAN,PULASAN,Pulasan,PULASAN / (Pulasan),major,0.0,0.0,0.0,0.0,0.0,statistik_tanaman_buah_2024.pdf,141,0.0
2024,Sabah,Kota Belud,Kota Belud,RAMBUTAN,RAMBUTAN,Rambutan,RAMBUTAN / (Rambutan),major,140.5,94.2,611.9,1817.34,6.495753715498938,statistik_tanaman_buah_2024.pdf,142,6.49748257811788
2024,Sabah,Kota Belud,Kota Belud,SALAK,SALAK,Salak,SALAK / (Salak),major,0.0,0.0,0.0,0.0,0.0,statistik_tanaman_buah_2024.pdf,142,0.0
2024,Sabah,Kota Belud,Kota Belud,TEMBIKAI,TEMBIKAI,Watermelon,TEMBIKAI / Watermelon,major,5.0,5.0,23.5,51.0,4.7,statistik_tanaman_buah_2024.pdf,143,5.267062384243558
2024,Sabah,Kota Kinabalu,Kota Kinabalu,BELIMBING,BELIMBING,Starfruit,BELIMBING / Starfruit,major,0.0,0.0,0.0,0.0,0.0,statistik_tanaman_buah_2024.pdf,133,0.0
2024,Sabah,Kota Kinabalu,Kota Kinabalu,BETIK,BETIK,Papaya,BETIK / Papaya,major,0.0,0.0,0.0,0.0,0.0,statistik_tanaman_buah_2024.pdf,133,0.0
2024,Sabah,Kota Kinabalu,Kota Kinabalu,CEMPEDAK,CEMPEDAK,Cempedak,CEMPEDAK / (Cempedak),major,3.1,2.5,21.0,76.44,8.4,statistik_tanaman_buah_2024.pdf,134,8.398919032117337
2024,Sabah,Kota Kinabalu,Kota Kinabalu,CIKU,CIKU,Ciku,CIKU / (Ciku),major,0.0,0.0,0.0,0.0,0.0,statistik_tanaman_buah_2024.pdf,134,0.0
2024,Sabah,Kota Kinabalu,Kota Kinabalu,DOKONG,DOKONG,Dokong,DOKONG / (Dokong),major,0.0,0.0,0.0,0.0,0.0,statistik_tanaman_buah_2024.pdf,135,0.0
2024,Sabah,Kota Kinabalu,Kota Kinabalu,DUKU,DUKU,Duku,DUKU / (Duku),major,1.7,1.0,9.0,19.71,9.0,statistik_tanaman_buah_2024.pdf,135,8.722181818181818
2024,Sabah,Kota Kinabalu,Kota Kinabalu,DURIAN,DURIAN,Durian,DURIAN / (Durian),major,80.1,37.0,321.0,6577.29,8.675675675675675,statistik_tanaman_buah_2024.pdf,136,8.54388253636312
2024,Sabah,Kota Kinabalu,Kota Kinabalu,JAMBU_BATU,JAMBU BATU,Guava,JAMBU BATU / Guava,major,0.0,0.0,0.0,0.0,0.0,statistik_tanaman_buah_2024.pdf,136,0.0
2024,Sabah,Kota Kinabalu,Kota Kinabalu,LANGSAT,LANGSAT,Langsat,LANGSAT / (Langsat),major,12.6,6.0,36.0,146.52,6.0,statistik_tanaman_buah_2024.pdf,137,6.098613448129312
2024,Sabah,Kota Kinabalu,Kota Kinabalu,LIMAU_BESAR,LIMAU BESAR,Pomelo,LIMAU BESAR / Pomelo,major,0.0,0.0,0.0,0.0,0.0,statistik_tanaman_buah_2024.pdf,137,0.0
2024,Sabah,Kota Kinabalu,Kota Kinabalu,LIMAU_MANIS,LIMAU MANIS,Sweet Orange,LIMAU MANIS / Sweet Orange,major,0.0,0.0,0.0,0.0,0.0,statistik_tanaman_buah_2024.pdf,138,0.0
2024,Sabah,Kota Kinabalu,Kota Kinabalu,MANGGA,MANGGA,Mango,MANGGA / Mango,major,0.3,0.0,0.0,0.0,0.0,statistik_tanaman_buah_2024.pdf,138,0.0
2024,Sabah,Kota Kinabalu,Kota Kinabalu,MANGGIS,MANGGIS,Mangosteen,MANGGIS / Mangosteen,major,6.5,5.0,35.0,177.45,7.0,statistik_tanaman_buah_2024.pdf,139,7.0832448316327765
2024,Sabah,Kota Kinabalu,Kota Kinabalu,MATA_NAGA,MATA NAGA/PITAYA,Dragon Fruit,MATA NAGA/PITAYA / Dragon Fruit,major,0.1,0.0,0.0,0.0,0.0,statistik_tanaman_buah_2024.pdf,139,0.0
2024,Sabah,Kota Kinabalu,Kota Kinabalu,NANAS,NANAS,Pineapple,NANAS / Pineapple,major,6.1,0.8,6.0,17.28,7.5,statistik_tanaman_buah_2024.pdf,140,7.401245014245013
2024,Sabah,Kota Kinabalu,Kota Kinabalu,NANGKA,NANGKA,Jackfruit,NANGKA / Jackfruit,major,1.5,0.8,6.0,13.74,7.5,statistik_tanaman_buah_2024.pdf,140,7.445495726495727
2024,Sabah,Kota Kinabalu,Kota Kinabalu,PISANG,PISANG,Banana,PISANG / Banana,major,0.0,0.0,0.0,0.0,0.0,statistik_tanaman_buah_2024.pdf,141,0.0
2024,Sabah,Kota Kinabalu,Kota Kinabalu,PULASAN,PULASAN,Pulasan,PULASAN / (Pulasan),major,0.0,0.0,0.0,0.0,0.0,statistik_tanaman_buah_2024.pdf,141,0.0
2024,Sabah,Kota Kinabalu,Kota Kinabalu,RAMBUTAN,RAMBUTAN,Rambutan,RAMBUTAN / (Rambutan),major,6.5,6.5,39.0,115.83,6.0,statistik_tanaman_buah_2024.pdf,142,5.907959207453881
2024,Sabah,Kota Kinabalu,Kota Kinabalu,SALAK,SALAK,Salak,SALAK / (Salak),major,0.0,0.0,0.0,0.0,0.0,statistik_tanaman_buah_2024.pdf,142,0.0
2024,Sabah,Kota Kinabalu,Kota Kinabalu,TEMBIKAI,TEMBIKAI,Watermelon,TEMBIKAI / Watermelon,major,0.1,0.1,0.6,1.3,5.999999999999999,statistik_tanaman_buah_2024.pdf,143,5.4875
2024,Sabah,Kota Marudu,Kota Marudu,BELIMBING,BELIMBING,Starfruit,BELIMBING / Starfruit,major,0.6,0.0,0.0,0.0,0.0,statistik_tanaman_buah_2024.pdf,133,0.0
2024,Sabah,Kota Marudu,Kota Marudu,BETIK,BETIK,Papaya,BETIK / Papaya,major,1.0,1.0,17.3,35.47,17.3,statistik_tanaman_buah_2024.pdf,133,16.125969962785756
2024,Sabah,Kota Marudu,Kota Marudu,CEMPEDAK,CEMPEDAK,Cempedak,CEMPEDAK / (Cempedak),major,12.4,1.9,2.4,8.74,1.263157894736842,statistik_tanaman_buah_2024.pdf,134,1.2669833801675878
2024,Sabah,Kota Marudu,Kota Marudu,CIKU,CIKU,Ciku,CIKU / (Ciku),major,0.4,0.0,0.0,0.0,0.0,statistik_tanaman_buah_2024.pdf,134,0.0
2024,Sabah,Kota Marudu,Kota Marudu,DOKONG,DOKONG,Dokong,DOKONG / (Dokong),major,0.0,0.0,0.0,0.0,0.0,statistik_tanaman_buah_2024.pdf,135,0.0
2024,Sabah,Kota Marudu,Kota Marudu,DUKU,DUKU,Duku,DUKU / (Duku),major,5.0,3.0,11.5,25.19,3.8333333333333335,statistik_tanaman_buah_2024.pdf,135,3.990042222719812
2024,Sabah,Kota Marudu,Kota Marudu,DURIAN,DURIAN,Durian,DURIAN / (Durian),major,129.5,30.0,186.0,3811.14,6.2,statistik_tanaman_buah_2024.pdf,136,6.137036440930073
2024,Sabah,Kota Marudu,Kota Marudu,JAMBU_BATU,JAMBU BATU,Guava,JAMBU BATU / Guava,major,0.0,0.0,0.0,0.0,0.0,statistik_tanaman_buah_2024.pdf,136,0.0
2024,Sabah,Kota Marudu,Kota Marudu,LANGSAT,LANGSAT,Langsat,LANGSAT / (Langsat),major,24.2,10.0,30.0,122.1,3.0,statistik_tanaman_buah_2024.pdf,137,3.0297301166298793
2024,Sabah,Kota Marudu,Kota Marudu,LIMAU_BESAR,LIMAU BESAR,Pomelo,LIMAU BESAR / Pomelo,major,2.2,0.4,2.0,11.76,5.0,statistik_tanaman_buah_2024.pdf,137,4.885261904761904
2024,Sabah,Kota Marudu,Kota Marudu,LIMAU_MANIS,LIMAU MANIS,Sweet Orange,LIMAU MANIS / Sweet Orange,major,2.7,2.0,6.5,32.83,3.25,statistik_tanaman_buah_2024.pdf,138,3.356377010478322
2024,Sabah,Kota Marudu,Kota Marudu,MANGGA,MANGGA,Mango,MANGGA / Mango,major,15.7,10.8,7.6,70.38,0.7037037037037036,statistik_tanaman_buah_2024.pdf,138,0.7403564790732983
2024,Sabah,Kota Marudu,Kota Marudu,MANGGIS,MANGGIS,Mangosteen,MANGGIS / Mangosteen,major,8.2,0.0,0.0,0.0,0.0,statistik_tanaman_buah_2024.pdf,139,0.0
2024,Sabah,Kota Marudu,Kota Marudu,MATA_NAGA,MATA NAGA/PITAYA,Dragon Fruit,MATA NAGA/PITAYA / Dragon Fruit,major,0.0,0.0,0.0,0.0,0.0,statistik_tanaman_buah_2024.pdf,139,0.0
2024,Sabah,Kota Marudu,Kota Marudu,NANAS,NANAS,Pineapple,NANAS / Pineapple,major,115.5,3.0,40.0,115.2,13.333333333333334,statistik_tanaman_buah_2024.pdf,140,13.773758769984518
2024,Sabah,Kota Marudu,Kota Marudu,NANGKA,NANGKA,Jackfruit,NANGKA / Jackfruit,major,13.0,0.0,0.0,0.0,0.0,statistik_tanaman_buah_2024.pdf,140,0.0
2024,Sabah,Kota Marudu,Kota Marudu,PISANG,PISANG,Banana,PISANG / Banana,major,401.9,380.5,4681.9,10534.28,12.304599211563731,statistik_tanaman_buah_2024.pdf,141,13.450308596373475
2024,Sabah,Kota Marudu,Kota Marudu,PULASAN,PULASAN,Pulasan,PULASAN / (Pulasan),major,0.0,0.0,0.0,0.0,0.0,statistik_tanaman_buah_2024.pdf,141,0.0
2024,Sabah,Kota Marudu,Kota Marudu,RAMBUTAN,RAMBUTAN,Rambutan,RAMBUTAN / (Rambutan),major,21.7,10.0,70.0,207.9,7.0,statistik_tanaman_buah_2024.pdf,142,7.097801607468489
2024,Sabah,Kota Marudu,Kota Marudu,SALAK,SALAK,Salak,SALAK / (Salak),major,0.0,0.0,0.0,0.0,0.0,statistik_tanaman_buah_2024.pdf,142,0.0
2024,Sabah,Kota Marudu,Kota Marudu,TEMBIKAI,TEMBIKAI,Watermelon,TEMBIKAI / Watermelon,major,4.0,4.0,42.0,91.14,10.5,statistik_tanaman_buah_2024.pdf,143,10.871619410009457
2024,Sabah,Kuala Penyu,Kuala Penyu,BELIMBING,BELIMBING,Starfruit,BELIMBING / Starfruit,major,0.0,0.0,0.0,0.0,0.0,statistik_tanaman_buah_2024.pdf,133,0.0
2024,Sabah,Kuala Penyu,Kuala Penyu,BETIK,BETIK,Papaya,BETIK / Papaya,major,0.0,0.0,0.0,0.0,0.0,statistik_tanaman_buah_2024.pdf,133,0.0
2024,Sabah,Kuala Penyu,Kuala Penyu,CEMPEDAK,CEMPEDAK,Cempedak,CEMPEDAK / (Cempedak),major,4.5,3.4,6.5,23.66,1.911764705882353,statistik_tanaman_buah_2024.pdf,134,1.938718715739553
2024,Sabah,Kuala Penyu,Kuala Penyu,CIKU,CIKU,Ciku,CIKU / (Ciku),major,0.0,0.0,0.0,0.0,0.0,statistik_tanaman_buah_2024.pdf,134,0.0
2024,Sabah,Kuala Penyu,Kuala Penyu,DOKONG,DOKONG,Dokong,DOKONG / (Dokong),major,0.0,0.0,0.0,0.0,0.0,statistik_tanaman_buah_2024.pdf,135,0.0
2024,Sabah,Kuala Penyu,Kuala Penyu,DUKU,DUKU,Duku,DUKU / (Duku),major,0.0,0.0,0.0,0.0,0.0,statistik_tanaman_buah_2024.pdf,135,0.0
2024,Sabah,Kuala Penyu,Kuala Penyu,DURIAN,DURIAN,Durian,DURIAN / (Durian),major,72.5,19.3,30.0,614.7,1.5544041450777202,statistik_tanaman_buah_2024.pdf,136,1.700853333369397
2024,Sabah,Kuala Penyu,Kuala Penyu,JAMBU_BATU,JAMBU BATU,Guava,JAMBU BATU / Guava,major,0.0,0.0,0.0,0.0,0.0,statistik_tanaman_buah_2024.pdf,136,0.0
2024,Sabah,Kuala Penyu,Kuala Penyu,LANGSAT,LANGSAT,Langsat,LANGSAT / (Langsat),major,0.0,0.0,0.0,0.0,0.0,statistik_tanaman_buah_2024.pdf,137,0.0
2024,Sabah,Kuala Penyu,Kuala Penyu,LIMAU_BESAR,LIMAU BESAR,Pomelo,LIMAU BESAR / Pomelo,major,0.0,0.0,0.0,0.0,0.0,statistik_tanaman_buah_2024.pdf,137,0.0
2024,Sabah,Kuala Penyu,Kuala Penyu,LIMAU_MANIS,LIMAU MANIS,Sweet Orange,LIMAU MANIS / Sweet Orange,major,0.0,0.0,0.0,0.0,0.0,statistik_tanaman_buah_2024.pdf,138,0.0
2024,Sabah,Kuala Penyu,Kuala Penyu,MANGGA,MANGGA,Mango,MANGGA / Mango,major,118.3,43.8,99.7,923.22,2.2762557077625574,statistik_tanaman_buah_2024.pdf,138,2.3970835562825115
2024,Sabah,Kuala Penyu,Kuala Penyu,MANGGIS,MANGGIS,Mangosteen,MANGGIS / Mangosteen,major,0.0,0.0,0.0,0.0,0.0,statistik_tanaman_buah_2024.pdf,139,0.0
2024,Sabah,Kuala Penyu,Kuala Penyu,MATA_NAGA,MATA NAGA/PITAYA,Dragon Fruit,MATA NAGA/PITAYA / Dragon Fruit,major,3.7,3.7,5.5,29.15,1.4864864864864864,statistik_tanaman_buah_2024.pdf,139,1.490181412008697
2024,Sabah,Kuala Penyu,Kuala Penyu,NANAS,NANAS,Pineapple,NANAS / Pineapple,major,0.0,0.0,0.0,0.0,0.0,statistik_tanaman_buah_2024.pdf,140,0.0
2024,Sabah,Kuala Penyu,Kuala Penyu,NANGKA,NANGKA,Jackfruit,NANGKA / Jackfruit,major,0.0,0.0,0.0,0.0,0.0,statistik_tanaman_buah_2024.pdf,140,0.0
2024,Sabah,Kuala Penyu,Kuala Penyu,PISANG,PISANG,Banana,PISANG / Banana,major,47.1,39.4,511.1,1149.98,12.972081218274113,statistik_tanaman_buah_2024.pdf,141,13.242868193152267
2024,Sabah,Kuala Penyu,Kuala Penyu,PULASAN,PULASAN,Pulasan,PULASAN / (Pulasan),major,0.0,0.0,0.0,0.0,0.0,statistik_tanaman_buah_2024.pdf,141,0.0
2024,Sabah,Kuala Penyu,Kuala Penyu,RAMBUTAN,RAMBUTAN,Rambutan,RAMBUTAN / (Rambutan),major,9.0,7.8,72.9,216.51,9.346153846153848,statistik_tanaman_buah_2024.pdf,142,9.105429999825622
2024,Sabah,Kuala Penyu,Kuala Penyu,SALAK,SALAK,Salak,SALAK / (Salak),major,0.0,0.0,0.0,0.0,0.0,statistik_tanaman_buah_2024.pdf,142,0.0
2024,Sabah,Kuala Penyu,Kuala Penyu,TEMBIKAI,TEMBIKAI,Watermelon,TEMBIKAI / Watermelon,major,4.0,4.0,60.0,130.2,15.0,statistik_tanaman_buah_2024.pdf,143,15.015531122538732
2024,Sabah,Kudat,Kudat,BELIMBING,BELIMBING,Starfruit,BELIMBING / Starfruit,major,1.0,1.0,3.2,10.18,3.2,statistik_tanaman_buah_2024.pdf,133,3.219491721241734
2024,Sabah,Kudat,Kudat,BETIK,BETIK,Papaya,BETIK / Papaya,major,3.2,3.2,3.2,6.56,1.0,statistik_tanaman_buah_2024.pdf,133,1.073591310700119
2024,Sabah,Kudat,Kudat,CEMPEDAK,CEMPEDAK,Cempedak,CEMPEDAK / (Cempedak),major,5.0,5.0,52.2,190.01,10.44,statistik_tanaman_buah_2024.pdf,134,10.344738828806541
2024,Sabah,Kudat,Kudat,CIKU,CIKU,Ciku,CIKU / (Ciku),major,0.1,0.1,0.1,0.51,1.0,statistik_tanaman_buah_2024.pdf,134,1.0983333333333334
2024,Sabah,Kudat,Kudat,DOKONG,DOKONG,Dokong,DOKONG / (Dokong),major,0.0,0.0,0.0,0.0,0.0,statistik_tanaman_buah_2024.pdf,135,0.0
2024,Sabah,Kudat,Kudat,DUKU,DUKU,Duku,DUKU / (Duku),major,0.0,0.0,0.0,0.0,0.0,statistik_tanaman_buah_2024.pdf,135,0.0
2024,Sabah,Kudat,Kudat,DURIAN,DURIAN,Durian,DURIAN / (Durian),major,10.8,5.5,24.8,508.15,4.509090909090909,statistik_tanaman_buah_2024.pdf,136,4.576459285384855
2024,Sabah,Kudat,Kudat,JAMBU_BATU,JAMBU BATU,Guava,JAMBU BATU / Guava,major,0.9,0.9,5.5,20.41,6.111111111111111,statistik_tanaman_buah_2024.pdf,136,6.206885457135443
2024,Sabah,Kudat,Kudat,LANGSAT,LANGSAT,Langsat,LANGSAT / (Langsat),major,0.3,0.3,2.5,10.18,8.333333333333334,statistik_tanaman_buah_2024.pdf,137,8.52584126984127
2024,Sabah,Kudat,Kudat,LIMAU_BESAR,LIMAU BESAR,Pomelo,LIMAU BESAR / Pomelo,major,0.2,0.2,1.4,8.23,6.999999999999999,statistik_tanaman_buah_2024.pdf,137,6.847555555555553
2024,Sabah,Kudat,Kudat,LIMAU_MANIS,LIMAU MANIS,Sweet Orange,LIMAU MANIS / Sweet Orange,major,0.0,0.0,0.0,0.0,0.0,statistik_tanaman_buah_2024.pdf,138,0.0
2024,Sabah,Kudat,Kudat,MANGGA,MANGGA,Mango,MANGGA / Mango,major,51.1,40.8,226.3,2095.54,5.546568627450981,statistik_tanaman_buah_2024.pdf,138,5.647658385339446
2024,Sabah,Kudat,Kudat,MANGGIS,MANGGIS,Mangosteen,MANGGIS / Mangosteen,major,0.5,0.5,4.9,24.84,9.8,statistik_tanaman_buah_2024.pdf,139,9.735731481481503
2024,Sabah,Kudat,Kudat,MATA_NAGA,MATA NAGA/PITAYA,Dragon Fruit,MATA NAGA/PITAYA / Dragon Fruit,major,2.7,2.6,2.3,12.19,0.8846153846153845,statistik_tanaman_buah_2024.pdf,139,0.91574909813269
2024,Sabah,Kudat,Kudat,NANAS,NANAS,Pineapple,NANAS / Pineapple,major,6.5,0.2,0.6,1.73,3.0,statistik_tanaman_buah_2024.pdf,140,2.9274444444444443
2024,Sabah,Kudat,Kudat,NANGKA,NANGKA,Jackfruit,NANGKA / Jackfruit,major,7.3,4.6,18.0,41.22,3.91304347826087,statistik_tanaman_buah_2024.pdf,140,3.8933178472414354
2024,Sabah,Kudat,Kudat,PISANG,PISANG,Banana,PISANG / Banana,major,401.6,341.4,4340.5,9766.13,12.713825424721737,statistik_tanaman_buah_2024.pdf,141,13.249582269492235
2024,Sabah,Kudat,Kudat,PULASAN,PULASAN,Pulasan,PULASAN / (Pulasan),major,0.0,0.0,0.0,0.0,0.0,statistik_tanaman_buah_2024.pdf,141,0.0
2024,Sabah,Kudat,Kudat,RAMBUTAN,RAMBUTAN,Rambutan,RAMBUTAN / (Rambutan),major,8.9,7.5,33.8,100.39,4.506666666666666,statistik_tanaman_buah_2024.pdf,142,4.52161513262759
2024,Sabah,Kudat,Kudat,SALAK,SALAK,Salak,SALAK / (Salak),major,0.0,0.0,0.0,0.0,0.0,statistik_tanaman_buah_2024.pdf,142,0.0
2024,Sabah,Kudat,Kudat,TEMBIKAI,TEMBIKAI,Watermelon,TEMBIKAI / Watermelon,major,26.0,26.0,538.0,1167.46,20.692307692307693,statistik_tanaman_buah_2024.pdf,143,19.96632090717918
2024,Sabah,Kunak,Kunak,BELIMBING,BELIMBING,Starfruit,BELIMBING / Starfruit,major,0.0,0.0,0.0,0.0,0.0,statistik_tanaman_buah_2024.pdf,133,0.0
2024,Sabah,Kunak,Kunak,BETIK,BETIK,Papaya,BETIK / Papaya,major,2.9,2.4,17.2,35.26,7.166666666666667,statistik_tanaman_buah_2024.pdf,133,7.1073691037939835
2024,Sabah,Kunak,Kunak,CEMPEDAK,CEMPEDAK,Cempedak,CEMPEDAK / (Cempedak),major,2.0,1.2,1.5,5.46,1.25,statistik_tanaman_buah_2024.pdf,134,1.3249224155474155
2024,Sabah,Kunak,Kunak,CIKU,CIKU,Ciku,CIKU / (Ciku),major,0.0,0.0,0.0,0.0,0.0,statistik_tanaman_buah_2024.pdf,134,0.0
2024,Sabah,Kunak,Kunak,DOKONG,DOKONG,Dokong,DOKONG / (Dokong),major,0.0,0.0,0.0,0.0,0.0,statistik_tanaman_buah_2024.pdf,135,0.0
2024,Sabah,Kunak,Kunak,DUKU,DUKU,Duku,DUKU / (Duku),major,0.0,0.0,0.0,0.0,0.0,statistik_tanaman_buah_2024.pdf,135,0.0
2024,Sabah,Kunak,Kunak,DURIAN,DURIAN,Durian,DURIAN / (Durian),major,71.2,20.6,76.8,1573.63,3.728155339805825,statistik_tanaman_buah_2024.pdf,136,3.720565075116558
2024,Sabah,Kunak,Kunak,JAMBU_BATU,JAMBU BATU,Guava,JAMBU BATU / Guava,major,0.2,0.0,0.0,0.0,0.0,statistik_tanaman_buah_2024.pdf,136,0.0
2024,Sabah,Kunak,Kunak,LANGSAT,LANGSAT,Langsat,LANGSAT / (Langsat),major,5.0,0.0,0.0,0.0,0.0,statistik_tanaman_buah_2024.pdf,137,0.0
2024,Sabah,Kunak,Kunak,LIMAU_BESAR,LIMAU BESAR,Pomelo,LIMAU BESAR / Pomelo,major,0.0,0.0,0.0,0.0,0.0,statistik_tanaman_buah_2024.pdf,137,0.0
2024,Sabah,Kunak,Kunak,LIMAU_MANIS,LIMAU MANIS,Sweet Orange,LIMAU MANIS / Sweet Orange,major,0.0,0.0,0.0,0.0,0.0,statistik_tanaman_buah_2024.pdf,138,0.0
2024,Sabah,Kunak,Kunak,MANGGA,MANGGA,Mango,MANGGA / Mango,major,20.0,1.0,2.0,18.52,2.0,statistik_tanaman_buah_2024.pdf,138,2.0011812169312178
2024,Sabah,Kunak,Kunak,MANGGIS,MANGGIS,Mangosteen,MANGGIS / Mangosteen,major,0.0,0.0,0.0,0.0,0.0,statistik_tanaman_buah_2024.pdf,139,0.0
2024,Sabah,Kunak,Kunak,MATA_NAGA,MATA NAGA/PITAYA,Dragon Fruit,MATA NAGA/PITAYA / Dragon Fruit,major,0.0,0.0,0.0,0.0,0.0,statistik_tanaman_buah_2024.pdf,139,0.0
2024,Sabah,Kunak,Kunak,NANAS,NANAS,Pineapple,NANAS / Pineapple,major,0.3,0.1,0.2,0.58,2.0,statistik_tanaman_buah_2024.pdf,140,1.9333333333333333
2024,Sabah,Kunak,Kunak,NANGKA,NANGKA,Jackfruit,NANGKA / Jackfruit,major,14.0,0.0,0.0,0.0,0.0,statistik_tanaman_buah_2024.pdf,140,0.0
2024,Sabah,Kunak,Kunak,PISANG,PISANG,Banana,PISANG / Banana,major,47.0,47.0,745.6,1677.6,15.863829787234042,statistik_tanaman_buah_2024.pdf,141,16.857152914780762
2024,Sabah,Kunak,Kunak,PULASAN,PULASAN,Pulasan,PULASAN / (Pulasan),major,0.0,0.0,0.0,0.0,0.0,statistik_tanaman_buah_2024.pdf,141,0.0
2024,Sabah,Kunak,Kunak,RAMBUTAN,RAMBUTAN,Rambutan,RAMBUTAN / (Rambutan),major,9.0,0.0,0.0,0.0,0.0,statistik_tanaman_buah_2024.pdf,142,0.0
2024,Sabah,Kunak,Kunak,SALAK,SALAK,Salak,SALAK / (Salak),major,2.0,2.0,21.1,59.08,10.55,statistik_tanaman_buah_2024.pdf,142,10.643434889139096
2024,Sabah,Kunak,Kunak,TEMBIKAI,TEMBIKAI,Watermelon,TEMBIKAI / Watermelon,major,0.0,0.0,0.0,0.0,0.0,statistik_tanaman_buah_2024.pdf,143,0.0
2024,Sabah,Lahad Datu,Lahad Datu,BELIMBING,BELIMBING,Starfruit,BELIMBING / Starfruit,major,2.0,1.0,16.4,52.15,16.4,statistik_tanaman_buah_2024.pdf,133,16.14408741258741
2024,Sabah,Lahad Datu,Lahad Datu,BETIK,BETIK,Papaya,BETIK / Papaya,major,10.5,10.5,112.1,229.81,10.676190476190476,statistik_tanaman_buah_2024.pdf,133,10.829801443475562
2024,Sabah,Lahad Datu,Lahad Datu,CEMPEDAK,CEMPEDAK,Cempedak,CEMPEDAK / (Cempedak),major,15.0,9.8,92.0,334.88,9.387755102040815,statistik_tanaman_buah_2024.pdf,134,9.322507571825376
2024,Sabah,Lahad Datu,Lahad Datu,CIKU,CIKU,Ciku,CIKU / (Ciku),major,1.0,0.5,1.0,5.12,2.0,statistik_tanaman_buah_2024.pdf,134,2.0648095238095245
2024,Sabah,Lahad Datu,Lahad Datu,DOKONG,DOKONG,Dokong,DOKONG / (Dokong),major,0.0,0.0,0.0,0.0,0.0,statistik_tanaman_buah_2024.pdf,135,0.0
2024,Sabah,Lahad Datu,Lahad Datu,DUKU,DUKU,Duku,DUKU / (Duku),major,41.0,25.6,86.0,188.34,3.359375,statistik_tanaman_buah_2024.pdf,135,3.441124119348141
2024,Sabah,Lahad Datu,Lahad Datu,DURIAN,DURIAN,Durian,DURIAN / (Durian),major,279.9,154.0,1030.0,21104.7,6.688311688311688,statistik_tanaman_buah_2024.pdf,136,7.209337045077761
2024,Sabah,Lahad Datu,Lahad Datu,JAMBU_BATU,JAMBU BATU,Guava,JAMBU BATU / Guava,major,15.0,14.5,155.0,575.05,10.689655172413794,statistik_tanaman_buah_2024.pdf,136,10.78925530905449
2024,Sabah,Lahad Datu,Lahad Datu,LANGSAT,LANGSAT,Langsat,LANGSAT / (Langsat),major,71.6,45.0,94.0,382.58,2.088888888888889,statistik_tanaman_buah_2024.pdf,137,2.203360454958068
2024,Sabah,Lahad Datu,Lahad Datu,LIMAU_BESAR,LIMAU BESAR,Pomelo,LIMAU BESAR / Pomelo,major,2.0,2.0,22.7,133.48,11.35,statistik_tanaman_buah_2024.pdf,137,11.419446081781965
2024,Sabah,Lahad Datu,Lahad Datu,LIMAU_MANIS,LIMAU MANIS,Sweet Orange,LIMAU MANIS / Sweet Orange,major,15.0,12.0,66.5,335.83,5.541666666666667,statistik_tanaman_buah_2024.pdf,138,5.597092396995484
2024,Sabah,Lahad Datu,Lahad Datu,MANGGA,MANGGA,Mango,MANGGA / Mango,major,68.5,11.0,45.0,416.7,4.090909090909091,statistik_tanaman_buah_2024.pdf,138,4.100503334638471
2024,Sabah,Lahad Datu,Lahad Datu,MANGGIS,MANGGIS,Mangosteen,MANGGIS / Mangosteen,major,6.0,0.0,0.0,0.0,0.0,statistik_tanaman_buah_2024.pdf,139,0.0
2024,Sabah,Lahad Datu,Lahad Datu,MATA_NAGA,MATA NAGA/PITAYA,Dragon Fruit,MATA NAGA/PITAYA / Dragon Fruit,major,10.1,7.6,97.0,514.1,12.763157894736842,statistik_tanaman_buah_2024.pdf,139,12.543595518390067
2024,Sabah,Lahad Datu,Lahad Datu,NANAS,NANAS,Pineapple,NANAS / Pineapple,major,5.0,3.5,32.5,93.6,9.285714285714286,statistik_tanaman_buah_2024.pdf,140,9.235731314185195
2024,Sabah,Lahad Datu,Lahad Datu,NANGKA,NANGKA,Jackfruit,NANGKA / Jackfruit,major,15.0,5.0,27.7,63.43,5.54,statistik_tanaman_buah_2024.pdf,140,5.598852895231367
2024,Sabah,Lahad Datu,Lahad Datu,PISANG,PISANG,Banana,PISANG / Banana,major,118.0,116.0,1903.4,4282.65,16.408620689655173,statistik_tanaman_buah_2024.pdf,141,16.099455691384698
2024,Sabah,Lahad Datu,Lahad Datu,PULASAN,PULASAN,Pulasan,PULASAN / (Pulasan),major,0.0,0.0,0.0,0.0,0.0,statistik_tanaman_buah_2024.pdf,141,0.0
2024,Sabah,Lahad Datu,Lahad Datu,RAMBUTAN,RAMBUTAN,Rambutan,RAMBUTAN / (Rambutan),major,86.0,77.0,969.0,2877.93,12.584415584415584,statistik_tanaman_buah_2024.pdf,142,12.382631492323508
2024,Sabah,Lahad Datu,Lahad Datu,SALAK,SALAK,Salak,SALAK / (Salak),major,2.0,2.0,8.5,23.8,4.25,statistik_tanaman_buah_2024.pdf,142,4.2391944283323175
2024,Sabah,Lahad Datu,Lahad Datu,TEMBIKAI,TEMBIKAI,Watermelon,TEMBIKAI / Watermelon,major,24.0,24.0,161.0,349.37,6.708333333333333,statistik_tanaman_buah_2024.pdf,143,7.267610003173427
2024,Sabah,Matunggong,Matunggong,BELIMBING,BELIMBING,Starfruit,BELIMBING / Starfruit,major,0.0,0.0,0.0,0.0,0.0,statistik_tanaman_buah_2024.pdf,133,0.0
2024,Sabah,Matunggong,Matunggong,BETIK,BETIK,Papaya,BETIK / Papaya,major,0.0,0.0,0.0,0.0,0.0,statistik_tanaman_buah_2024.pdf,133,0.0
2024,Sabah,Matunggong,Matunggong,CEMPEDAK,CEMPEDAK,Cempedak,CEMPEDAK / (Cempedak),major,7.0,7.0,30.3,110.29,4.328571428571428,statistik_tanaman_buah_2024.pdf,134,4.331676770451767
2024,Sabah,Matunggong,Matunggong,CIKU,CIKU,Ciku,CIKU / (Ciku),major,0.0,0.0,0.0,0.0,0.0,statistik_tanaman_buah_2024.pdf,134,0.0
2024,Sabah,Matunggong,Matunggong,DOKONG,DOKONG,Dokong,DOKONG / (Dokong),major,0.0,0.0,0.0,0.0,0.0,statistik_tanaman_buah_2024.pdf,135,0.0
2024,Sabah,Matunggong,Matunggong,DUKU,DUKU,Duku,DUKU / (Duku),major,0.0,0.0,0.0,0.0,0.0,statistik_tanaman_buah_2024.pdf,135,0.0
2024,Sabah,Matunggong,Matunggong,DURIAN,DURIAN,Durian,DURIAN / (Durian),major,4.7,3.2,11.4,233.59,3.5625,statistik_tanaman_buah_2024.pdf,136,3.7025038755935316
2024,Sabah,Matunggong,Matunggong,JAMBU_BATU,JAMBU BATU,Guava,JAMBU BATU / Guava,major,0.0,0.0,0.0,0.0,0.0,statistik_tanaman_buah_2024.pdf,136,0.0
2024,Sabah,Matunggong,Matunggong,LANGSAT,LANGSAT,Langsat,LANGSAT / (Langsat),major,5.0,5.0,15.8,64.31,3.16,statistik_tanaman_buah_2024.pdf,137,3.3084953759844327
2024,Sabah,Matunggong,Matunggong,LIMAU_BESAR,LIMAU BESAR,Pomelo,LIMAU BESAR / Pomelo,major,6.0,6.0,18.0,105.84,3.0,statistik_tanaman_buah_2024.pdf,137,3.0234871408287196
2024,Sabah,Matunggong,Matunggong,LIMAU_MANIS,LIMAU MANIS,Sweet Orange,LIMAU MANIS / Sweet Orange,major,4.0,4.0,9.8,49.49,2.45,statistik_tanaman_buah_2024.pdf,138,2.447551714051716
2024,Sabah,Matunggong,Matunggong,MANGGA,MANGGA,Mango,MANGGA / Mango,major,37.0,28.0,109.0,1009.34,3.892857142857143,statistik_tanaman_buah_2024.pdf,138,3.921545737312043
2024,Sabah,Matunggong,Matunggong,MANGGIS,MANGGIS,Mangosteen,MANGGIS / Mangosteen,major,0.0,0.0,0.0,0.0,0.0,statistik_tanaman_buah_2024.pdf,139,0.0
2024,Sabah,Matunggong,Matunggong,MATA_NAGA,MATA NAGA/PITAYA,Dragon Fruit,MATA NAGA/PITAYA / Dragon Fruit,major,0.0,0.0,0.0,0.0,0.0,statistik_tanaman_buah_2024.pdf,139,0.0
2024,Sabah,Matunggong,Matunggong,NANAS,NANAS,Pineapple,NANAS / Pineapple,major,8.0,4.0,11.5,33.12,2.875,statistik_tanaman_buah_2024.pdf,140,2.8804430624658894
2024,Sabah,Matunggong,Matunggong,NANGKA,NANGKA,Jackfruit,NANGKA / Jackfruit,major,30.0,29.0,65.9,150.91,2.2724137931034485,statistik_tanaman_buah_2024.pdf,140,2.2784959806769494
2024,Sabah,Matunggong,Matunggong,PISANG,PISANG,Banana,PISANG / Banana,major,284.6,230.7,2973.0,6689.25,12.886866059817946,statistik_tanaman_buah_2024.pdf,141,12.914471566801407
2024,Sabah,Matunggong,Matunggong,PULASAN,PULASAN,Pulasan,PULASAN / (Pulasan),major,0.0,0.0,0.0,0.0,0.0,statistik_tanaman_buah_2024.pdf,141,0.0
2024,Sabah,Matunggong,Matunggong,RAMBUTAN,RAMBUTAN,Rambutan,RAMBUTAN / (Rambutan),major,9.0,9.0,59.8,177.61,6.644444444444444,statistik_tanaman_buah_2024.pdf,142,6.741823752054082
2024,Sabah,Matunggong,Matunggong,SALAK,SALAK,Salak,SALAK / (Salak),major,0.0,0.0,0.0,0.0,0.0,statistik_tanaman_buah_2024.pdf,142,0.0
2024,Sabah,Matunggong,Matunggong,TEMBIKAI,TEMBIKAI,Watermelon,TEMBIKAI / Watermelon,major,34.5,34.5,715.5,1552.64,20.73913043478261,statistik_tanaman_buah_2024.pdf,143,20.767531490228635
2024,Sabah,Nabawan/Pensiangan,Nabawan,BELIMBING,BELIMBING,Starfruit,BELIMBING / Starfruit,major,0.0,0.0,0.0,0.0,0.0,statistik_tanaman_buah_2024.pdf,133,0.0
2024,Sabah,Nabawan/Pensiangan,Nabawan,BETIK,BETIK,Papaya,BETIK / Papaya,major,0.0,0.0,0.0,0.0,0.0,statistik_tanaman_buah_2024.pdf,133,0.0
2024,Sabah,Nabawan/Pensiangan,Nabawan,CEMPEDAK,CEMPEDAK,Cempedak,CEMPEDAK / (Cempedak),major,9.7,4.8,7.8,28.39,1.625,statistik_tanaman_buah_2024.pdf,134,1.6302410533179357
2024,Sabah,Nabawan/Pensiangan,Nabawan,CIKU,CIKU,Ciku,CIKU / (Ciku),major,0.0,0.0,0.0,0.0,0.0,statistik_tanaman_buah_2024.pdf,134,0.0
2024,Sabah,Nabawan/Pensiangan,Nabawan,DOKONG,DOKONG,Dokong,DOKONG / (Dokong),major,0.0,0.0,0.0,0.0,0.0,statistik_tanaman_buah_2024.pdf,135,0.0
2024,Sabah,Nabawan/Pensiangan,Nabawan,DUKU,DUKU,Duku,DUKU / (Duku),major,0.0,0.0,0.0,0.0,0.0,statistik_tanaman_buah_2024.pdf,135,0.0
2024,Sabah,Nabawan/Pensiangan,Nabawan,DURIAN,DURIAN,Durian,DURIAN / (Durian),major,279.3,37.0,120.1,2460.85,3.245945945945946,statistik_tanaman_buah_2024.pdf,136,3.4730872978948817
2024,Sabah,Nabawan/Pensiangan,Nabawan,JAMBU_BATU,JAMBU BATU,Guava,JAMBU BATU / Guava,major,0.0,0.0,0.0,0.0,0.0,statistik_tanaman_buah_2024.pdf,136,0.0
2024,Sabah,Nabawan/Pensiangan,Nabawan,LANGSAT,LANGSAT,Langsat,LANGSAT / (Langsat),major,2.4,1.3,3.6,14.65,2.769230769230769,statistik_tanaman_buah_2024.pdf,137,2.739522283272273
2024,Sabah,Nabawan/Pensiangan,Nabawan,LIMAU_BESAR,LIMAU BESAR,Pomelo,LIMAU BESAR / Pomelo,major,0.0,0.0,0.0,0.0,0.0,statistik_tanaman_buah_2024.pdf,137,0.0
2024,Sabah,Nabawan/Pensiangan,Nabawan,LIMAU_MANIS,LIMAU MANIS,Sweet Orange,LIMAU MANIS / Sweet Orange,major,0.0,0.0,0.0,0.0,0.0,statistik_tanaman_buah_2024.pdf,138,0.0
2024,Sabah,Nabawan/Pensiangan,Nabawan,MANGGA,MANGGA,Mango,MANGGA / Mango,major,4.2,2.4,3.2,29.63,1.3333333333333337,statistik_tanaman_buah_2024.pdf,138,1.4930940350027262
2024,Sabah,Nabawan/Pensiangan,Nabawan,MANGGIS,MANGGIS,Mangosteen,MANGGIS / Mangosteen,major,16.3,1.8,3.0,15.21,1.6666666666666663,statistik_tanaman_buah_2024.pdf,139,1.7307015088691295
2024,Sabah,Nabawan/Pensiangan,Nabawan,MATA_NAGA,MATA NAGA/PITAYA,Dragon Fruit,MATA NAGA/PITAYA / Dragon Fruit,major,0.0,0.0,0.0,0.0,0.0,statistik_tanaman_buah_2024.pdf,139,0.0
2024,Sabah,Nabawan/Pensiangan,Nabawan,NANAS,NANAS,Pineapple,NANAS / Pineapple,major,2.2,0.9,1.4,4.03,1.5555555555555554,statistik_tanaman_buah_2024.pdf,140,1.8505377492877437
2024,Sabah,Nabawan/Pensiangan,Nabawan,NANGKA,NANGKA,Jackfruit,NANGKA / Jackfruit,major,0.4,0.1,0.3,0.69,3.0,statistik_tanaman_buah_2024.pdf,140,2.7383333333333333
2024,Sabah,Nabawan/Pensiangan,Nabawan,PISANG,PISANG,Banana,PISANG / Banana,major,53.9,42.6,350.8,789.3,8.234741784037558,statistik_tanaman_buah_2024.pdf,141,8.555069140917631
2024,Sabah,Nabawan/Pensiangan,Nabawan,PULASAN,PULASAN,Pulasan,PULASAN / (Pulasan),major,0.0,0.0,0.0,0.0,0.0,statistik_tanaman_buah_2024.pdf,141,0.0
2024,Sabah,Nabawan/Pensiangan,Pensiangan,RAMBUTAN,RAMBUTAN,Rambutan,RAMBUTAN / (Rambutan),major,30.5,10.5,20.0,59.4,1.9047619047619049,statistik_tanaman_buah_2024.pdf,142,1.9378884558656413
2024,Sabah,Nabawan/Pensiangan,Pensiangan,SALAK,SALAK,Salak,SALAK / (Salak),major,0.0,0.0,0.0,0.0,0.0,statistik_tanaman_buah_2024.pdf,142,0.0
2024,Sabah,Nabawan/Pensiangan,Pensiangan,TEMBIKAI,TEMBIKAI,Watermelon,TEMBIKAI / Watermelon,major,0.0,0.0,0.0,0.0,0.0,statistik_tanaman_buah_2024.pdf,143,0.0
2024,Sabah,Papar,Papar,BELIMBING,BELIMBING,Starfruit,BELIMBING / Starfruit,major,1.5,0.0,0.0,0.0,0.0,statistik_tanaman_buah_2024.pdf,133,0.0
2024,Sabah,Papar,Papar,BETIK,BETIK,Papaya,BETIK / Papaya,major,1.0,0.0,0.0,0.0,0.0,statistik_tanaman_buah_2024.pdf,133,0.0
2024,Sabah,Papar,Papar,CEMPEDAK,CEMPEDAK,Cempedak,CEMPEDAK / (Cempedak),major,35.0,20.0,103.0,374.92,5.15,statistik_tanaman_buah_2024.pdf,134,5.0968968843762825
2024,Sabah,Papar,Papar,CIKU,CIKU,Ciku,CIKU / (Ciku),major,0.0,0.0,0.0,0.0,0.0,statistik_tanaman_buah_2024.pdf,134,0.0
2024,Sabah,Papar,Papar,DOKONG,DOKONG,Dokong,DOKONG / (Dokong),major,0.0,0.0,0.0,0.0,0.0,statistik_tanaman_buah_2024.pdf,135,0.0
2024,Sabah,Papar,Papar,DUKU,DUKU,Duku,DUKU / (Duku),major,3.0,0.0,0.0,0.0,0.0,statistik_tanaman_buah_2024.pdf,135,0.0
2024,Sabah,Papar,Papar,DURIAN,DURIAN,Durian,DURIAN / (Durian),major,315.5,23.0,166.0,3401.34,7.217391304347826,statistik_tanaman_buah_2024.pdf,136,7.163265327904278
2024,Sabah,Papar,Papar,JAMBU_BATU,JAMBU BATU,Guava,JAMBU BATU / Guava,major,42.0,24.0,350.0,1298.5,14.583333333333334,statistik_tanaman_buah_2024.pdf,136,14.730859901491721
2024,Sabah,Papar,Papar,LANGSAT,LANGSAT,Langsat,LANGSAT / (Langsat),major,40.0,3.0,25.0,101.75,8.333333333333334,statistik_tanaman_buah_2024.pdf,137,8.257284177441276
2024,Sabah,Papar,Papar,LIMAU_BESAR,LIMAU BESAR,Pomelo,LIMAU BESAR / Pomelo,major,0.0,0.0,0.0,0.0,0.0,statistik_tanaman_buah_2024.pdf,137,0.0
2024,Sabah,Papar,Papar,LIMAU_MANIS,LIMAU MANIS,Sweet Orange,LIMAU MANIS / Sweet Orange,major,0.0,0.0,0.0,0.0,0.0,statistik_tanaman_buah_2024.pdf,138,0.0
2024,Sabah,Papar,Papar,MANGGA,MANGGA,Mango,MANGGA / Mango,major,85.0,14.0,56.0,518.56,4.0,statistik_tanaman_buah_2024.pdf,138,3.9973329061372715
2024,Sabah,Papar,Papar,MANGGIS,MANGGIS,Mangosteen,MANGGIS / Mangosteen,major,20.0,4.0,15.0,76.05,3.75,statistik_tanaman_buah_2024.pdf,139,3.6509106674298164
2024,Sabah,Papar,Papar,MATA_NAGA,MATA NAGA/PITAYA,Dragon Fruit,MATA NAGA/PITAYA / Dragon Fruit,major,1.0,0.0,0.0,0.0,0.0,statistik_tanaman_buah_2024.pdf,139,0.0
2024,Sabah,Papar,Papar,NANAS,NANAS,Pineapple,NANAS / Pineapple,major,99.0,43.0,634.0,1825.92,14.744186046511627,statistik_tanaman_buah_2024.pdf,140,14.449703254127302
2024,Sabah,Papar,Papar,NANGKA,NANGKA,Jackfruit,NANGKA / Jackfruit,major,10.0,8.0,83.2,190.53,10.4,statistik_tanaman_buah_2024.pdf,140,10.439853845726656
2024,Sabah,Papar,Papar,PISANG,PISANG,Banana,PISANG / Banana,major,51.0,38.5,233.0,524.25,6.051948051948052,statistik_tanaman_buah_2024.pdf,141,6.065452568127452
2024,Sabah,Papar,Papar,PULASAN,PULASAN,Pulasan,PULASAN / (Pulasan),major,0.0,0.0,0.0,0.0,0.0,statistik_tanaman_buah_2024.pdf,141,0.0
2024,Sabah,Papar,Papar,RAMBUTAN,RAMBUTAN,Rambutan,RAMBUTAN / (Rambutan),major,26.0,5.0,12.0,35.64,2.4,statistik_tanaman_buah_2024.pdf,142,2.5322624104337663
2024,Sabah,Papar,Papar,SALAK,SALAK,Salak,SALAK / (Salak),major,0.0,0.0,0.0,0.0,0.0,statistik_tanaman_buah_2024.pdf,142,0.0
2024,Sabah,Papar,Papar,TEMBIKAI,TEMBIKAI,Watermelon,TEMBIKAI / Watermelon,major,56.0,56.0,1160.0,2517.2,20.714285714285715,statistik_tanaman_buah_2024.pdf,143,20.25718306585278
2024,Sabah,Penampang,Penampang,BELIMBING,BELIMBING,Starfruit,BELIMBING / Starfruit,major,0.0,0.0,0.0,0.0,0.0,statistik_tanaman_buah_2024.pdf,133,0.0
2024,Sabah,Penampang,Penampang,BETIK,BETIK,Papaya,BETIK / Papaya,major,0.0,0.0,0.0,0.0,0.0,statistik_tanaman_buah_2024.pdf,133,0.0
2024,Sabah,Penampang,Penampang,CEMPEDAK,CEMPEDAK,Cempedak,CEMPEDAK / (Cempedak),major,3.3,3.0,18.0,65.52,6.0,statistik_tanaman_buah_2024.pdf,134,5.978364823107928
2024,Sabah,Penampang,Penampang,CIKU,CIKU,Ciku,CIKU / (Ciku),major,0.0,0.0,0.0,0.0,0.0,statistik_tanaman_buah_2024.pdf,134,0.0
2024,Sabah,Penampang,Penampang,DOKONG,DOKONG,Dokong,DOKONG / (Dokong),major,0.0,0.0,0.0,0.0,0.0,statistik_tanaman_buah_2024.pdf,135,0.0
2024,Sabah,Penampang,Penampang,DUKU,DUKU,Duku,DUKU / (Duku),major,0.5,0.3,1.8,3.94,6.0,statistik_tanaman_buah_2024.pdf,135,5.938944444444445
2024,Sabah,Penampang,Penampang,DURIAN,DURIAN,Durian,DURIAN / (Durian),major,49.2,9.0,57.2,1172.03,6.355555555555556,statistik_tanaman_buah_2024.pdf,136,6.332831080265095
2024,Sabah,Penampang,Penampang,JAMBU_BATU,JAMBU BATU,Guava,JAMBU BATU / Guava,major,0.0,0.0,0.0,0.0,0.0,statistik_tanaman_buah_2024.pdf,136,0.0
2024,Sabah,Penampang,Penampang,LANGSAT,LANGSAT,Langsat,LANGSAT / (Langsat),major,6.0,5.0,30.0,122.1,6.0,statistik_tanaman_buah_2024.pdf,137,6.013281057625959
2024,Sabah,Penampang,Penampang,LIMAU_BESAR,LIMAU BESAR,Pomelo,LIMAU BESAR / Pomelo,major,0.0,0.0,0.0,0.0,0.0,statistik_tanaman_buah_2024.pdf,137,0.0
2024,Sabah,Penampang,Penampang,LIMAU_MANIS,LIMAU MANIS,Sweet Orange,LIMAU MANIS / Sweet Orange,major,0.0,0.0,0.0,0.0,0.0,statistik_tanaman_buah_2024.pdf,138,0.0
2024,Sabah,Penampang,Penampang,MANGGA,MANGGA,Mango,MANGGA / Mango,major,2.8,2.3,7.9,73.15,3.4347826086956528,statistik_tanaman_buah_2024.pdf,138,3.487227197531281
2024,Sabah,Penampang,Penampang,MANGGIS,MANGGIS,Mangosteen,MANGGIS / Mangosteen,major,3.1,3.0,9.0,45.63,3.0,statistik_tanaman_buah_2024.pdf,139,3.0672165322236267
2024,Sabah,Penampang,Penampang,MATA_NAGA,MATA NAGA/PITAYA,Dragon Fruit,MATA NAGA/PITAYA / Dragon Fruit,major,1.3,0.5,1.4,7.42,2.8,statistik_tanaman_buah_2024.pdf,139,2.8204047619047516
2024,Sabah,Penampang,Penampang,NANAS,NANAS,Pineapple,NANAS / Pineapple,major,61.8,39.0,362.0,1042.56,9.282051282051285,statistik_tanaman_buah_2024.pdf,140,10.207261567319726
2024,Sabah,Penampang,Penampang,NANGKA,NANGKA,Jackfruit,NANGKA / Jackfruit,major,0.6,0.4,4.0,9.16,10.0,statistik_tanaman_buah_2024.pdf,140,9.81622222222222
2024,Sabah,Penampang,Penampang,PISANG,PISANG,Banana,PISANG / Banana,major,2.4,1.5,11.1,24.98,7.399999999999999,statistik_tanaman_buah_2024.pdf,141,7.5698948143360125
2024,Sabah,Penampang,Penampang,PULASAN,PULASAN,Pulasan,PULASAN / (Pulasan),major,0.0,0.0,0.0,0.0,0.0,statistik_tanaman_buah_2024.pdf,141,0.0
2024,Sabah,Penampang,Penampang,RAMBUTAN,RAMBUTAN,Rambutan,RAMBUTAN / (Rambutan),major,8.1,7.5,45.0,133.65,6.0,statistik_tanaman_buah_2024.pdf,142,6.019793166344572
2024,Sabah,Penampang,Penampang,SALAK,SALAK,Salak,SALAK / (Salak),major,0.0,0.0,0.0,0.0,0.0,statistik_tanaman_buah_2024.pdf,142,0.0
2024,Sabah,Penampang,Penampang,TEMBIKAI,TEMBIKAI,Watermelon,TEMBIKAI / Watermelon,major,1.2,1.2,11.6,25.17,9.666666666666666,statistik_tanaman_buah_2024.pdf,143,9.718350811641052
2024,Sabah,Pitas,Pitas,BELIMBING,BELIMBING,Starfruit,BELIMBING / Starfruit,major,0.0,0.0,0.0,0.0,0.0,statistik_tanaman_buah_2024.pdf,133,0.0
2024,Sabah,Pitas,Pitas,BETIK,BETIK,Papaya,BETIK / Papaya,major,0.0,0.0,0.0,0.0,0.0,statistik_tanaman_buah_2024.pdf,133,0.0
2024,Sabah,Pitas,Pitas,CEMPEDAK,CEMPEDAK,Cempedak,CEMPEDAK / (Cempedak),major,18.0,10.0,19.5,70.98,1.95,statistik_tanaman_buah_2024.pdf,134,1.9631328667791865
2024,Sabah,Pitas,Pitas,CIKU,CIKU,Ciku,CIKU / (Ciku),major,0.0,0.0,0.0,0.0,0.0,statistik_tanaman_buah_2024.pdf,134,0.0
2024,Sabah,Pitas,Pitas,DOKONG,DOKONG,Dokong,DOKONG / (Dokong),major,0.0,0.0,0.0,0.0,0.0,statistik_tanaman_buah_2024.pdf,135,0.0
2024,Sabah,Pitas,Pitas,DUKU,DUKU,Duku,DUKU / (Duku),major,0.0,0.0,0.0,0.0,0.0,statistik_tanaman_buah_2024.pdf,135,0.0
2024,Sabah,Pitas,Pitas,DURIAN,DURIAN,Durian,DURIAN / (Durian),major,37.6,5.2,21.2,434.39,4.076923076923077,statistik_tanaman_buah_2024.pdf,136,4.080266876073053
2024,Sabah,Pitas,Pitas,JAMBU_BATU,JAMBU BATU,Guava,JAMBU BATU / Guava,major,0.0,0.0,0.0,0.0,0.0,statistik_tanaman_buah_2024.pdf,136,0.0
2024,Sabah,Pitas,Pitas,LANGSAT,LANGSAT,Langsat,LANGSAT / (Langsat),major,10.4,5.0,25.0,101.75,5.0,statistik_tanaman_buah_2024.pdf,137,5.03390702640726
2024,Sabah,Pitas,Pitas,LIMAU_BESAR,LIMAU BESAR,Pomelo,LIMAU BESAR / Pomelo,major,0.0,0.0,0.0,0.0,0.0,statistik_tanaman_buah_2024.pdf,137,0.0
2024,Sabah,Pitas,Pitas,LIMAU_MANIS,LIMAU MANIS,Sweet Orange,LIMAU MANIS / Sweet Orange,major,0.0,0.0,0.0,0.0,0.0,statistik_tanaman_buah_2024.pdf,138,0.0
2024,Sabah,Pitas,Pitas,MANGGA,MANGGA,Mango,MANGGA / Mango,major,41.4,25.2,68.3,632.46,2.7103174603174605,statistik_tanaman_buah_2024.pdf,138,2.7376033507070203
2024,Sabah,Pitas,Pitas,MANGGIS,MANGGIS,Mangosteen,MANGGIS / Mangosteen,major,3.4,0.0,0.0,0.0,0.0,statistik_tanaman_buah_2024.pdf,139,0.0
2024,Sabah,Pitas,Pitas,MATA_NAGA,MATA NAGA/PITAYA,Dragon Fruit,MATA NAGA/PITAYA / Dragon Fruit,major,0.6,0.4,1.6,8.48,4.0,statistik_tanaman_buah_2024.pdf,139,4.049222222222221
2024,Sabah,Pitas,Pitas,NANAS,NANAS,Pineapple,NANAS / Pineapple,major,13.5,4.0,9.5,27.36,2.375,statistik_tanaman_buah_2024.pdf,140,2.3902417939921374
2024,Sabah,Pitas,Pitas,NANGKA,NANGKA,Jackfruit,NANGKA / Jackfruit,major,5.8,0.0,0.0,0.0,0.0,statistik_tanaman_buah_2024.pdf,140,0.0
2024,Sabah,Pitas,Pitas,PISANG,PISANG,Banana,PISANG / Banana,major,110.1,76.0,437.0,983.25,5.75,statistik_tanaman_buah_2024.pdf,141,5.7754107426749695
2024,Sabah,Pitas,Pitas,PULASAN,PULASAN,Pulasan,PULASAN / (Pulasan),major,0.0,0.0,0.0,0.0,0.0,statistik_tanaman_buah_2024.pdf,141,0.0
2024,Sabah,Pitas,Pitas,RAMBUTAN,RAMBUTAN,Rambutan,RAMBUTAN / (Rambutan),major,17.0,7.6,22.6,67.12,2.973684210526316,statistik_tanaman_buah_2024.pdf,142,2.98773082066668
2024,Sabah,Pitas,Pitas,SALAK,SALAK,Salak,SALAK / (Salak),major,0.0,0.0,0.0,0.0,0.0,statistik_tanaman_buah_2024.pdf,142,0.0
2024,Sabah,Pitas,Pitas,TEMBIKAI,TEMBIKAI,Watermelon,TEMBIKAI / Watermelon,major,0.0,0.0,0.0,0.0,0.0,statistik_tanaman_buah_2024.pdf,143,0.0
2024,Sabah,Putatan,Putatan,BELIMBING,BELIMBING,Starfruit,BELIMBING / Starfruit,major,0.0,0.0,0.0,0.0,0.0,statistik_tanaman_buah_2024.pdf,133,0.0
2024,Sabah,Putatan,Putatan,BETIK,BETIK,Papaya,BETIK / Papaya,major,0.0,0.0,0.0,0.0,0.0,statistik_tanaman_buah_2024.pdf,133,0.0
2024,Sabah,Putatan,Putatan,CEMPEDAK,CEMPEDAK,Cempedak,CEMPEDAK / (Cempedak),major,0.0,0.0,0.0,0.0,0.0,statistik_tanaman_buah_2024.pdf,134,0.0
2024,Sabah,Putatan,Putatan,CIKU,CIKU,Ciku,CIKU / (Ciku),major,0.0,0.0,0.0,0.0,0.0,statistik_tanaman_buah_2024.pdf,134,0.0
2024,Sabah,Putatan,Putatan,DOKONG,DOKONG,Dokong,DOKONG / (Dokong),major,0.0,0.0,0.0,0.0,0.0,statistik_tanaman_buah_2024.pdf,135,0.0
2024,Sabah,Putatan,Putatan,DUKU,DUKU,Duku,DUKU / (Duku),major,0.0,0.0,0.0,0.0,0.0,statistik_tanaman_buah_2024.pdf,135,0.0
2024,Sabah,Putatan,Putatan,DURIAN,DURIAN,Durian,DURIAN / (Durian),major,1.0,0.0,0.0,0.0,0.0,statistik_tanaman_buah_2024.pdf,136,0.0
2024,Sabah,Putatan,Putatan,JAMBU_BATU,JAMBU BATU,Guava,JAMBU BATU / Guava,major,0.0,0.0,0.0,0.0,0.0,statistik_tanaman_buah_2024.pdf,136,0.0
2024,Sabah,Putatan,Putatan,LANGSAT,LANGSAT,Langsat,LANGSAT / (Langsat),major,0.0,0.0,0.0,0.0,0.0,statistik_tanaman_buah_2024.pdf,137,0.0
2024,Sabah,Putatan,Putatan,LIMAU_BESAR,LIMAU BESAR,Pomelo,LIMAU BESAR / Pomelo,major,0.0,0.0,0.0,0.0,0.0,statistik_tanaman_buah_2024.pdf,137,0.0
2024,Sabah,Putatan,Putatan,LIMAU_MANIS,LIMAU MANIS,Sweet Orange,LIMAU MANIS / Sweet Orange,major,0.0,0.0,0.0,0.0,0.0,statistik_tanaman_buah_2024.pdf,138,0.0
2024,Sabah,Putatan,Putatan,MANGGA,MANGGA,Mango,MANGGA / Mango,major,0.0,0.0,0.0,0.0,0.0,statistik_tanaman_buah_2024.pdf,138,0.0
2024,Sabah,Putatan,Putatan,MANGGIS,MANGGIS,Mangosteen,MANGGIS / Mangosteen,major,0.0,0.0,0.0,0.0,0.0,statistik_tanaman_buah_2024.pdf,139,0.0
2024,Sabah,Putatan,Putatan,MATA_NAGA,MATA NAGA/PITAYA,Dragon Fruit,MATA NAGA/PITAYA / Dragon Fruit,major,0.0,0.0,0.0,0.0,0.0,statistik_tanaman_buah_2024.pdf,139,0.0
2024,Sabah,Putatan,Putatan,NANAS,NANAS,Pineapple,NANAS / Pineapple,major,0.0,0.0,0.0,0.0,0.0,statistik_tanaman_buah_2024.pdf,140,0.0
2024,Sabah,Putatan,Putatan,NANGKA,NANGKA,Jackfruit,NANGKA / Jackfruit,major,0.0,0.0,0.0,0.0,0.0,statistik_tanaman_buah_2024.pdf,140,0.0
2024,Sabah,Putatan,Putatan,PISANG,PISANG,Banana,PISANG / Banana,major,2.1,2.1,29.6,66.6,14.095238095238097,statistik_tanaman_buah_2024.pdf,141,14.133322954822933
2024,Sabah,Putatan,Putatan,PULASAN,PULASAN,Pulasan,PULASAN / (Pulasan),major,0.0,0.0,0.0,0.0,0.0,statistik_tanaman_buah_2024.pdf,141,0.0
2024,Sabah,Putatan,Putatan,RAMBUTAN,RAMBUTAN,Rambutan,RAMBUTAN / (Rambutan),major,0.0,0.0,0.0,0.0,0.0,statistik_tanaman_buah_2024.pdf,142,0.0
2024,Sabah,Putatan,Putatan,SALAK,SALAK,Salak,SALAK / (Salak),major,0.0,0.0,0.0,0.0,0.0,statistik_tanaman_buah_2024.pdf,142,0.0
2024,Sabah,Putatan,Putatan,TEMBIKAI,TEMBIKAI,Watermelon,TEMBIKAI / Watermelon,major,0.0,0.0,0.0,0.0,0.0,statistik_tanaman_buah_2024.pdf,143,0.0
2024,Sabah,Ranau,Ranau,BELIMBING,BELIMBING,Starfruit,BELIMBING / Starfruit,major,5.0,4.0,24.8,78.86,6.2,statistik_tanaman_buah_2024.pdf,133,6.2687959698238975
2024,Sabah,Ranau,Ranau,BETIK,BETIK,Papaya,BETIK / Papaya,major,16.0,12.5,179.7,368.39,14.376,statistik_tanaman_buah_2024.pdf,133,14.55005643061863
2024,Sabah,Ranau,Ranau,CEMPEDAK,CEMPEDAK,Cempedak,CEMPEDAK / (Cempedak),major,110.9,5.1,7.3,26.57,1.431372549019608,statistik_tanaman_buah_2024.pdf,134,1.4242839919674417
2024,Sabah,Ranau,Ranau,CIKU,CIKU,Ciku,CIKU / (Ciku),major,0.0,0.0,0.0,0.0,0.0,statistik_tanaman_buah_2024.pdf,134,0.0
2024,Sabah,Ranau,Ranau,DOKONG,DOKONG,Dokong,DOKONG / (Dokong),major,5.0,0.0,0.0,0.0,0.0,statistik_tanaman_buah_2024.pdf,135,0.0
2024,Sabah,Ranau,Ranau,DUKU,DUKU,Duku,DUKU / (Duku),major,26.0,8.4,16.5,36.14,1.9642857142857144,statistik_tanaman_buah_2024.pdf,135,2.0737834605697922
2024,Sabah,Ranau,Ranau,DURIAN,DURIAN,Durian,DURIAN / (Durian),major,1457.1,983.9,5356.9,109762.88,5.444557373716841,statistik_tanaman_buah_2024.pdf,136,7.722528310752268
2024,Sabah,Ranau,Ranau,JAMBU_BATU,JAMBU BATU,Guava,JAMBU BATU / Guava,major,3.0,3.0,49.3,182.9,16.433333333333334,statistik_tanaman_buah_2024.pdf,136,16.430639901898157
2024,Sabah,Ranau,Ranau,LANGSAT,LANGSAT,Langsat,LANGSAT / (Langsat),major,380.8,3.7,7.0,28.49,1.891891891891892,statistik_tanaman_buah_2024.pdf,137,1.9497950889472244
2024,Sabah,Ranau,Ranau,LIMAU_BESAR,LIMAU BESAR,Pomelo,LIMAU BESAR / Pomelo,major,5.0,4.8,24.7,145.24,5.145833333333333,statistik_tanaman_buah_2024.pdf,137,5.087989905937734
2024,Sabah,Ranau,Ranau,LIMAU_MANIS,LIMAU MANIS,Sweet Orange,LIMAU MANIS / Sweet Orange,major,5.0,4.9,21.5,108.58,4.387755102040816,statistik_tanaman_buah_2024.pdf,138,4.317911849340722
2024,Sabah,Ranau,Ranau,MANGGA,MANGGA,Mango,MANGGA / Mango,major,55.3,20.8,15.1,139.83,0.7259615384615384,statistik_tanaman_buah_2024.pdf,138,0.8994155921373311
2024,Sabah,Ranau,Ranau,MANGGIS,MANGGIS,Mangosteen,MANGGIS / Mangosteen,major,29.6,13.9,6.3,31.94,0.4532374100719424,statistik_tanaman_buah_2024.pdf,139,0.5507554572210741
2024,Sabah,Ranau,Ranau,MATA_NAGA,MATA NAGA/PITAYA,Dragon Fruit,MATA NAGA/PITAYA / Dragon Fruit,major,0.0,0.0,0.0,0.0,0.0,statistik_tanaman_buah_2024.pdf,139,0.0
2024,Sabah,Ranau,Ranau,NANAS,NANAS,Pineapple,NANAS / Pineapple,major,25.7,20.4,427.5,1231.2,20.955882352941178,statistik_tanaman_buah_2024.pdf,140,21.08290088250602
2024,Sabah,Ranau,Ranau,NANGKA,NANGKA,Jackfruit,NANGKA / Jackfruit,major,35.6,33.0,313.5,717.92,9.5,statistik_tanaman_buah_2024.pdf,140,9.5570440588924
2024,Sabah,Ranau,Ranau,PISANG,PISANG,Banana,PISANG / Banana,major,185.0,134.8,1290.2,2902.95,9.571216617210682,statistik_tanaman_buah_2024.pdf,141,9.897717496657293
2024,Sabah,Ranau,Ranau,PULASAN,PULASAN,Pulasan,PULASAN / (Pulasan),major,0.0,0.0,0.0,0.0,0.0,statistik_tanaman_buah_2024.pdf,141,0.0
2024,Sabah,Ranau,Ranau,RAMBUTAN,RAMBUTAN,Rambutan,RAMBUTAN / (Rambutan),major,188.5,160.0,220.8,655.78,1.38,statistik_tanaman_buah_2024.pdf,142,2.0286820008137387
2024,Sabah,Ranau,Ranau,SALAK,SALAK,Salak,SALAK / (Salak),major,1.0,0.7,2.5,7.0,3.571428571428572,statistik_tanaman_buah_2024.pdf,142,3.4807023809523767
2024,Sabah,Ranau,Ranau,TEMBIKAI,TEMBIKAI,Watermelon,TEMBIKAI / Watermelon,major,0.0,0.0,0.0,0.0,0.0,statistik_tanaman_buah_2024.pdf,143,0.0
2024,Sabah,Sandakan,Sandakan,BELIMBING,BELIMBING,Starfruit,BELIMBING / Starfruit,major,5.0,5.0,34.0,108.12,6.8,statistik_tanaman_buah_2024.pdf,133,6.753263809904316
2024,Sabah,Sandakan,Sandakan,BETIK,BETIK,Papaya,BETIK / Papaya,major,3.8,3.8,33.0,67.65,8.68421052631579,statistik_tanaman_buah_2024.pdf,133,8.83076186192028
2024,Sabah,Sandakan,Sandakan,CEMPEDAK,CEMPEDAK,Cempedak,CEMPEDAK / (Cempedak),major,3.0,3.0,18.0,65.52,6.0,statistik_tanaman_buah_2024.pdf,134,6.045587391774893
2024,Sabah,Sandakan,Sandakan,CIKU,CIKU,Ciku,CIKU / (Ciku),major,2.8,2.5,14.0,71.68,5.6,statistik_tanaman_buah_2024.pdf,134,5.5985291927326335
2024,Sabah,Sandakan,Sandakan,DOKONG,DOKONG,Dokong,DOKONG / (Dokong),major,4.1,2.5,5.5,13.81,2.2,statistik_tanaman_buah_2024.pdf,135,2.1228870557482575
2024,Sabah,Sandakan,Sandakan,DUKU,DUKU,Duku,DUKU / (Duku),major,34.7,15.0,27.0,59.13,1.8,statistik_tanaman_buah_2024.pdf,135,1.8121491587438507
2024,Sabah,Sandakan,Sandakan,DURIAN,DURIAN,Durian,DURIAN / (Durian),major,109.6,30.0,270.0,5532.3,9.0,statistik_tanaman_buah_2024.pdf,136,8.751846971541056
2024,Sabah,Sandakan,Sandakan,JAMBU_BATU,JAMBU BATU,Guava,JAMBU BATU / Guava,major,8.5,8.0,78.0,289.38,9.75,statistik_tanaman_buah_2024.pdf,136,9.784199221160359
2024,Sabah,Sandakan,Sandakan,LANGSAT,LANGSAT,Langsat,LANGSAT / (Langsat),major,50.0,15.0,108.0,439.56,7.2,statistik_tanaman_buah_2024.pdf,137,7.277288598086005
2024,Sabah,Sandakan,Sandakan,LIMAU_BESAR,LIMAU BESAR,Pomelo,LIMAU BESAR / Pomelo,major,8.1,8.0,72.3,425.12,9.0375,statistik_tanaman_buah_2024.pdf,137,9.044954440527002
2024,Sabah,Sandakan,Sandakan,LIMAU_MANIS,LIMAU MANIS,Sweet Orange,LIMAU MANIS / Sweet Orange,major,1.5,1.5,18.5,93.43,12.333333333333334,statistik_tanaman_buah_2024.pdf,138,11.800400879177616
2024,Sabah,Sandakan,Sandakan,MANGGA,MANGGA,Mango,MANGGA / Mango,major,131.1,58.5,252.0,2333.52,4.307692307692308,statistik_tanaman_buah_2024.pdf,138,4.172425511045384
2024,Sabah,Sandakan,Sandakan,MANGGIS,MANGGIS,Mangosteen,MANGGIS / Mangosteen,major,18.0,10.0,62.0,314.34,6.2,statistik_tanaman_buah_2024.pdf,139,6.225519667627946
2024,Sabah,Sandakan,Sandakan,MATA_NAGA,MATA NAGA/PITAYA,Dragon Fruit,MATA NAGA/PITAYA / Dragon Fruit,major,1.0,1.0,8.5,45.05,8.5,statistik_tanaman_buah_2024.pdf,139,8.413849326599324
2024,Sabah,Sandakan,Sandakan,NANAS,NANAS,Pineapple,NANAS / Pineapple,major,5.7,5.5,43.0,123.84,7.818181818181818,statistik_tanaman_buah_2024.pdf,140,8.023257335381837
2024,Sabah,Sandakan,Sandakan,NANGKA,NANGKA,Jackfruit,NANGKA / Jackfruit,major,21.6,4.0,35.0,80.15,8.75,statistik_tanaman_buah_2024.pdf,140,8.776016972469954
2024,Sabah,Sandakan,Sandakan,PISANG,PISANG,Banana,PISANG / Banana,major,47.8,18.0,417.0,938.25,23.166666666666668,statistik_tanaman_buah_2024.pdf,141,21.815908046786806
2024,Sabah,Sandakan,Sandakan,PULASAN,PULASAN,Pulasan,PULASAN / (Pulasan),major,0.0,0.0,0.0,0.0,0.0,statistik_tanaman_buah_2024.pdf,141,0.0
2024,Sabah,Sandakan,Sandakan,RAMBUTAN,RAMBUTAN,Rambutan,RAMBUTAN / (Rambutan),major,81.9,26.0,230.0,683.1,8.846153846153847,statistik_tanaman_buah_2024.pdf,142,8.67177496448052
2024,Sabah,Sandakan,Sandakan,SALAK,SALAK,Salak,SALAK / (Salak),major,55.5,25.0,250.0,700.0,10.0,statistik_tanaman_buah_2024.pdf,142,9.810023862627558
2024,Sabah,Sandakan,Sandakan,TEMBIKAI,TEMBIKAI,Watermelon,TEMBIKAI / Watermelon,major,10.0,8.0,53.0,115.01,6.625,statistik_tanaman_buah_2024.pdf,143,7.055821891716428
2024,Sabah,Semporna,Semporna,BELIMBING,BELIMBING,Starfruit,BELIMBING / Starfruit,major,0.0,0.0,0.0,0.0,0.0,statistik_tanaman_buah_2024.pdf,133,0.0
2024,Sabah,Semporna,Semporna,BETIK,BETIK,Papaya,BETIK / Papaya,major,4.7,4.0,50.4,103.32,12.6,statistik_tanaman_buah_2024.pdf,133,12.181867153414936
2024,Sabah,Semporna,Semporna,CEMPEDAK,CEMPEDAK,Cempedak,CEMPEDAK / (Cempedak),major,0.0,0.0,0.0,0.0,0.0,statistik_tanaman_buah_2024.pdf,134,0.0
2024,Sabah,Semporna,Semporna,CIKU,CIKU,Ciku,CIKU / (Ciku),major,0.0,0.0,0.0,0.0,0.0,statistik_tanaman_buah_2024.pdf,134,0.0
2024,Sabah,Semporna,Semporna,DOKONG,DOKONG,Dokong,DOKONG / (Dokong),major,0.0,0.0,0.0,0.0,0.0,statistik_tanaman_buah_2024.pdf,135,0.0
2024,Sabah,Semporna,Semporna,DUKU,DUKU,Duku,DUKU / (Duku),major,0.0,0.0,0.0,0.0,0.0,statistik_tanaman_buah_2024.pdf,135,0.0
2024,Sabah,Semporna,Semporna,DURIAN,DURIAN,Durian,DURIAN / (Durian),major,25.7,12.0,32.3,661.83,2.6916666666666664,statistik_tanaman_buah_2024.pdf,136,2.778931384165688
2024,Sabah,Semporna,Semporna,JAMBU_BATU,JAMBU BATU,Guava,JAMBU BATU / Guava,major,4.0,3.0,70.8,262.67,23.6,statistik_tanaman_buah_2024.pdf,136,21.87859139185849
2024,Sabah,Semporna,Semporna,LANGSAT,LANGSAT,Langsat,LANGSAT / (Langsat),major,10.0,5.0,14.6,59.42,2.92,statistik_tanaman_buah_2024.pdf,137,2.943708326217025
2024,Sabah,Semporna,Semporna,LIMAU_BESAR,LIMAU BESAR,Pomelo,LIMAU BESAR / Pomelo,major,0.0,0.0,0.0,0.0,0.0,statistik_tanaman_buah_2024.pdf,137,0.0
2024,Sabah,Semporna,Semporna,LIMAU_MANIS,LIMAU MANIS,Sweet Orange,LIMAU MANIS / Sweet Orange,major,0.0,0.0,0.0,0.0,0.0,statistik_tanaman_buah_2024.pdf,138,0.0
2024,Sabah,Semporna,Semporna,MANGGA,MANGGA,Mango,MANGGA / Mango,major,147.2,35.0,109.2,1011.19,3.12,statistik_tanaman_buah_2024.pdf,138,3.212959620597489
2024,Sabah,Semporna,Semporna,MANGGIS,MANGGIS,Mangosteen,MANGGIS / Mangosteen,major,0.0,0.0,0.0,0.0,0.0,statistik_tanaman_buah_2024.pdf,139,0.0
2024,Sabah,Semporna,Semporna,MATA_NAGA,MATA NAGA/PITAYA,Dragon Fruit,MATA NAGA/PITAYA / Dragon Fruit,major,0.0,0.0,0.0,0.0,0.0,statistik_tanaman_buah_2024.pdf,139,0.0
2024,Sabah,Semporna,Semporna,NANAS,NANAS,Pineapple,NANAS / Pineapple,major,0.0,0.0,0.0,0.0,0.0,statistik_tanaman_buah_2024.pdf,140,0.0
2024,Sabah,Semporna,Semporna,NANGKA,NANGKA,Jackfruit,NANGKA / Jackfruit,major,3.0,2.0,1.6,3.66,0.8,statistik_tanaman_buah_2024.pdf,140,0.8669756201400968
2024,Sabah,Semporna,Semporna,PISANG,PISANG,Banana,PISANG / Banana,major,132.6,79.0,1162.7,2616.08,14.717721518987345,statistik_tanaman_buah_2024.pdf,141,14.098562598491045
2024,Sabah,Semporna,Semporna,PULASAN,PULASAN,Pulasan,PULASAN / (Pulasan),major,0.0,0.0,0.0,0.0,0.0,statistik_tanaman_buah_2024.pdf,141,0.0
2024,Sabah,Semporna,Semporna,RAMBUTAN,RAMBUTAN,Rambutan,RAMBUTAN / (Rambutan),major,82.7,17.7,27.5,81.68,1.5536723163841808,statistik_tanaman_buah_2024.pdf,142,1.5983542420066854
2024,Sabah,Semporna,Semporna,SALAK,SALAK,Salak,SALAK / (Salak),major,0.0,0.0,0.0,0.0,0.0,statistik_tanaman_buah_2024.pdf,142,0.0
2024,Sabah,Semporna,Semporna,TEMBIKAI,TEMBIKAI,Watermelon,TEMBIKAI / Watermelon,major,0.0,0.0,0.0,0.0,0.0,statistik_tanaman_buah_2024.pdf,143,0.0
2024,Sabah,Sipitang,Sipitang,BELIMBING,BELIMBING,Starfruit,BELIMBING / Starfruit,major,0.0,0.0,0.0,0.0,0.0,statistik_tanaman_buah_2024.pdf,133,0.0
2024,Sabah,Sipitang,Sipitang,BETIK,BETIK,Papaya,BETIK / Papaya,major,0.0,0.0,0.0,0.0,0.0,statistik_tanaman_buah_2024.pdf,133,0.0
2024,Sabah,Sipitang,Sipitang,CEMPEDAK,CEMPEDAK,Cempedak,CEMPEDAK / (Cempedak),major,213.2,78.0,132.6,482.66,1.7,statistik_tanaman_buah_2024.pdf,134,2.1432121704521947
2024,Sabah,Sipitang,Sipitang,CIKU,CIKU,Ciku,CIKU / (Ciku),major,0.5,0.0,0.0,0.0,0.0,statistik_tanaman_buah_2024.pdf,134,0.0
2024,Sabah,Sipitang,Sipitang,DOKONG,DOKONG,Dokong,DOKONG / (Dokong),major,4.6,4.0,16.0,40.16,4.0,statistik_tanaman_buah_2024.pdf,135,3.9788496279918415
2024,Sabah,Sipitang,Sipitang,DUKU,DUKU,Duku,DUKU / (Duku),major,17.8,7.0,33.0,72.27,4.714285714285714,statistik_tanaman_buah_2024.pdf,135,4.721996586472556
2024,Sabah,Sipitang,Sipitang,DURIAN,DURIAN,Durian,DURIAN / (Durian),major,723.4,439.5,3076.5,63037.49,7.0,statistik_tanaman_buah_2024.pdf,136,7.365772486911414
2024,Sabah,Sipitang,Sipitang,JAMBU_BATU,JAMBU BATU,Guava,JAMBU BATU / Guava,major,1.7,1.2,11.4,42.29,9.5,statistik_tanaman_buah_2024.pdf,136,9.282813247754415
2024,Sabah,Sipitang,Sipitang,LANGSAT,LANGSAT,Langsat,LANGSAT / (Langsat),major,87.8,52.0,208.0,846.56,4.0,statistik_tanaman_buah_2024.pdf,137,4.073023069723834
2024,Sabah,Sipitang,Sipitang,LIMAU_BESAR,LIMAU BESAR,Pomelo,LIMAU BESAR / Pomelo,major,2.0,0.0,0.0,0.0,0.0,statistik_tanaman_buah_2024.pdf,137,0.0
2024,Sabah,Sipitang,Sipitang,LIMAU_MANIS,LIMAU MANIS,Sweet Orange,LIMAU MANIS / Sweet Orange,major,6.1,0.0,0.0,0.0,0.0,statistik_tanaman_buah_2024.pdf,138,0.0
2024,Sabah,Sipitang,Sipitang,MANGGA,MANGGA,Mango,MANGGA / Mango,major,4.0,0.0,0.0,0.0,0.0,statistik_tanaman_buah_2024.pdf,138,0.0
2024,Sabah,Sipitang,Sipitang,MANGGIS,MANGGIS,Mangosteen,MANGGIS / Mangosteen,major,8.0,0.0,0.0,0.0,0.0,statistik_tanaman_buah_2024.pdf,139,0.0
2024,Sabah,Sipitang,Sipitang,MATA_NAGA,MATA NAGA/PITAYA,Dragon Fruit,MATA NAGA/PITAYA / Dragon Fruit,major,0.0,0.0,0.0,0.0,0.0,statistik_tanaman_buah_2024.pdf,139,0.0
2024,Sabah,Sipitang,Sipitang,NANAS,NANAS,Pineapple,NANAS / Pineapple,major,25.5,0.3,0.8,2.3,2.666666666666667,statistik_tanaman_buah_2024.pdf,140,2.574611111111105
2024,Sabah,Sipitang,Sipitang,NANGKA,NANGKA,Jackfruit,NANGKA / Jackfruit,major,0.6,0.0,0.0,0.0,0.0,statistik_tanaman_buah_2024.pdf,140,0.0
2024,Sabah,Sipitang,Sipitang,PISANG,PISANG,Banana,PISANG / Banana,major,298.3,276.8,4617.3,10388.93,16.68099710982659,statistik_tanaman_buah_2024.pdf,141,17.0737642685917
2024,Sabah,Sipitang,Sipitang,PULASAN,PULASAN,Pulasan,PULASAN / (Pulasan),major,0.0,0.0,0.0,0.0,0.0,statistik_tanaman_buah_2024.pdf,141,0.0
2024,Sabah,Sipitang,Sipitang,RAMBUTAN,RAMBUTAN,Rambutan,RAMBUTAN / (Rambutan),major,120.0,43.0,172.0,510.84,4.0,statistik_tanaman_buah_2024.pdf,142,3.826708575616928
2024,Sabah,Sipitang,Sipitang,SALAK,SALAK,Salak,SALAK / (Salak),major,0.0,0.0,0.0,0.0,0.0,statistik_tanaman_buah_2024.pdf,142,0.0
2024,Sabah,Sipitang,Sipitang,TEMBIKAI,TEMBIKAI,Watermelon,TEMBIKAI / Watermelon,major,5.0,5.0,80.4,174.47,16.080000000000002,statistik_tanaman_buah_2024.pdf,143,16.155186159988368
2024,Sabah,Sook,Sook,BELIMBING,BELIMBING,Starfruit,BELIMBING / Starfruit,major,0.0,0.0,0.0,0.0,0.0,statistik_tanaman_buah_2024.pdf,133,0.0
2024,Sabah,Sook,Sook,BETIK,BETIK,Papaya,BETIK / Papaya,major,0.0,0.0,0.0,0.0,0.0,statistik_tanaman_buah_2024.pdf,133,0.0
2024,Sabah,Sook,Sook,CEMPEDAK,CEMPEDAK,Cempedak,CEMPEDAK / (Cempedak),major,0.0,0.0,0.0,0.0,0.0,statistik_tanaman_buah_2024.pdf,134,0.0
2024,Sabah,Sook,Sook,CIKU,CIKU,Ciku,CIKU / (Ciku),major,0.0,0.0,0.0,0.0,0.0,statistik_tanaman_buah_2024.pdf,134,0.0
2024,Sabah,Sook,Sook,DOKONG,DOKONG,Dokong,DOKONG / (Dokong),major,0.0,0.0,0.0,0.0,0.0,statistik_tanaman_buah_2024.pdf,135,0.0
2024,Sabah,Sook,Sook,DUKU,DUKU,Duku,DUKU / (Duku),major,1.0,0.5,3.1,6.79,6.2,statistik_tanaman_buah_2024.pdf,135,6.271936507936526
2024,Sabah,Sook,Sook,DURIAN,DURIAN,Durian,DURIAN / (Durian),major,113.1,28.0,163.0,3339.87,5.821428571428571,statistik_tanaman_buah_2024.pdf,136,5.888320458746321
2024,Sabah,Sook,Sook,JAMBU_BATU,JAMBU BATU,Guava,JAMBU BATU / Guava,major,0.0,0.0,0.0,0.0,0.0,statistik_tanaman_buah_2024.pdf,136,0.0
2024,Sabah,Sook,Sook,LANGSAT,LANGSAT,Langsat,LANGSAT / (Langsat),major,20.0,7.0,35.0,142.45,5.0,statistik_tanaman_buah_2024.pdf,137,5.2100680604950895
2024,Sabah,Sook,Sook,LIMAU_BESAR,LIMAU BESAR,Pomelo,LIMAU BESAR / Pomelo,major,0.5,0.2,0.8,4.7,4.0,statistik_tanaman_buah_2024.pdf,137,4.211999999999999
2024,Sabah,Sook,Sook,LIMAU_MANIS,LIMAU MANIS,Sweet Orange,LIMAU MANIS / Sweet Orange,major,0.0,0.0,0.0,0.0,0.0,statistik_tanaman_buah_2024.pdf,138,0.0
2024,Sabah,Sook,Sook,MANGGA,MANGGA,Mango,MANGGA / Mango,major,10.7,8.0,24.0,222.24,3.0,statistik_tanaman_buah_2024.pdf,138,3.034335286550587
2024,Sabah,Sook,Sook,MANGGIS,MANGGIS,Mangosteen,MANGGIS / Mangosteen,major,11.7,4.5,27.0,136.89,6.0,statistik_tanaman_buah_2024.pdf,139,5.9176638696728485
2024,Sabah,Sook,Sook,MATA_NAGA,MATA NAGA/PITAYA,Dragon Fruit,MATA NAGA/PITAYA / Dragon Fruit,major,1.0,1.0,8.7,46.11,8.7,statistik_tanaman_buah_2024.pdf,139,8.617875420875416
2024,Sabah,Sook,Sook,NANAS,NANAS,Pineapple,NANAS / Pineapple,major,66.5,25.8,389.0,1120.32,15.07751937984496,statistik_tanaman_buah_2024.pdf,140,15.049312148652303
2024,Sabah,Sook,Sook,NANGKA,NANGKA,Jackfruit,NANGKA / Jackfruit,major,2.0,2.0,6.0,13.74,3.0,statistik_tanaman_buah_2024.pdf,140,3.014082846003898
2024,Sabah,Sook,Sook,PISANG,PISANG,Banana,PISANG / Banana,major,55.5,44.9,374.1,841.73,8.331848552338531,statistik_tanaman_buah_2024.pdf,141,8.546127750878787
2024,Sabah,Sook,Sook,PULASAN,PULASAN,Pulasan,PULASAN / (Pulasan),major,0.0,0.0,0.0,0.0,0.0,statistik_tanaman_buah_2024.pdf,141,0.0
2024,Sabah,Sook,Sook,RAMBUTAN,RAMBUTAN,Rambutan,RAMBUTAN / (Rambutan),major,31.5,22.0,120.0,356.4,5.454545454545454,statistik_tanaman_buah_2024.pdf,142,5.306636719904215
2024,Sabah,Sook,Sook,SALAK,SALAK,Salak,SALAK / (Salak),major,0.0,0.0,0.0,0.0,0.0,statistik_tanaman_buah_2024.pdf,142,0.0
2024,Sabah,Sook,Sook,TEMBIKAI,TEMBIKAI,Watermelon,TEMBIKAI / Watermelon,major,10.0,10.0,20.0,43.4,2.0,statistik_tanaman_buah_2024.pdf,143,2.822777499547156
2024,Sabah,Tambunan,Tambunan,BELIMBING,BELIMBING,Starfruit,BELIMBING / Starfruit,major,0.6,0.6,2.0,6.36,3.333333333333333,statistik_tanaman_buah_2024.pdf,133,3.658817460317467
2024,Sabah,Tambunan,Tambunan,BETIK,BETIK,Papaya,BETIK / Papaya,major,2.8,1.2,11.9,24.4,9.916666666666668,statistik_tanaman_buah_2024.pdf,133,9.554018515319367
2024,Sabah,Tambunan,Tambunan,CEMPEDAK,CEMPEDAK,Cempedak,CEMPEDAK / (Cempedak),major,3.0,0.5,1.3,4.73,2.6,statistik_tanaman_buah_2024.pdf,134,2.638518518518528
2024,Sabah,Tambunan,Tambunan,CIKU,CIKU,Ciku,CIKU / (Ciku),major,0.0,0.0,0.0,0.0,0.0,statistik_tanaman_buah_2024.pdf,134,0.0
2024,Sabah,Tambunan,Tambunan,DOKONG,DOKONG,Dokong,DOKONG / (Dokong),major,0.0,0.0,0.0,0.0,0.0,statistik_tanaman_buah_2024.pdf,135,0.0
2024,Sabah,Tambunan,Tambunan,DUKU,DUKU,Duku,DUKU / (Duku),major,0.0,0.0,0.0,0.0,0.0,statistik_tanaman_buah_2024.pdf,135,0.0
2024,Sabah,Tambunan,Tambunan,DURIAN,DURIAN,Durian,DURIAN / (Durian),major,114.9,27.0,165.0,3380.85,6.111111111111111,statistik_tanaman_buah_2024.pdf,136,6.168084399511415
2024,Sabah,Tambunan,Tambunan,JAMBU_BATU,JAMBU BATU,Guava,JAMBU BATU / Guava,major,9.0,1.4,4.5,16.7,3.2142857142857144,statistik_tanaman_buah_2024.pdf,136,3.194125449110429
2024,Sabah,Tambunan,Tambunan,LANGSAT,LANGSAT,Langsat,LANGSAT / (Langsat),major,4.9,1.0,5.0,20.35,5.0,statistik_tanaman_buah_2024.pdf,137,5.118337514337515
2024,Sabah,Tambunan,Tambunan,LIMAU_BESAR,LIMAU BESAR,Pomelo,LIMAU BESAR / Pomelo,major,0.7,0.7,3.0,17.64,4.285714285714286,statistik_tanaman_buah_2024.pdf,137,4.548940476190477
2024,Sabah,Tambunan,Tambunan,LIMAU_MANIS,LIMAU MANIS,Sweet Orange,LIMAU MANIS / Sweet Orange,major,2.7,1.8,2.5,12.63,1.3888888888888888,statistik_tanaman_buah_2024.pdf,138,1.3642077021419163
2024,Sabah,Tambunan,Tambunan,MANGGA,MANGGA,Mango,MANGGA / Mango,major,6.3,6.0,8.5,78.71,1.4166666666666667,statistik_tanaman_buah_2024.pdf,138,1.4611110822816975
2024,Sabah,Tambunan,Tambunan,MANGGIS,MANGGIS,Mangosteen,MANGGIS / Mangosteen,major,5.5,3.2,3.8,19.27,1.1874999999999998,statistik_tanaman_buah_2024.pdf,139,1.2008871878888123
2024,Sabah,Tambunan,Tambunan,MATA_NAGA,MATA NAGA/PITAYA,Dragon Fruit,MATA NAGA/PITAYA / Dragon Fruit,major,0.2,0.0,0.0,0.0,0.0,statistik_tanaman_buah_2024.pdf,139,0.0
2024,Sabah,Tambunan,Tambunan,NANAS,NANAS,Pineapple,NANAS / Pineapple,major,64.0,29.0,295.0,849.6,10.172413793103448,statistik_tanaman_buah_2024.pdf,140,10.35675203491903
2024,Sabah,Tambunan,Tambunan,NANGKA,NANGKA,Jackfruit,NANGKA / Jackfruit,major,1.6,0.0,0.0,0.0,0.0,statistik_tanaman_buah_2024.pdf,140,0.0
2024,Sabah,Tambunan,Tambunan,PISANG,PISANG,Banana,PISANG / Banana,major,37.8,5.9,58.9,132.53,9.983050847457626,statistik_tanaman_buah_2024.pdf,141,9.76306938208365
2024,Sabah,Tambunan,Tambunan,PULASAN,PULASAN,Pulasan,PULASAN / (Pulasan),major,0.0,0.0,0.0,0.0,0.0,statistik_tanaman_buah_2024.pdf,141,0.0
2024,Sabah,Tambunan,Tambunan,RAMBUTAN,RAMBUTAN,Rambutan,RAMBUTAN / (Rambutan),major,14.9,8.8,12.1,35.94,1.3749999999999998,statistik_tanaman_buah_2024.pdf,142,1.5290658640491306
2024,Sabah,Tambunan,Tambunan,SALAK,SALAK,Salak,SALAK / (Salak),major,0.0,0.0,0.0,0.0,0.0,statistik_tanaman_buah_2024.pdf,142,0.0
2024,Sabah,Tambunan,Tambunan,TEMBIKAI,TEMBIKAI,Watermelon,TEMBIKAI / Watermelon,major,0.0,0.0,0.0,0.0,0.0,statistik_tanaman_buah_2024.pdf,143,0.0
2024,Sabah,Tawau,Tawau,BELIMBING,BELIMBING,Starfruit,BELIMBING / Starfruit,major,7.0,7.0,75.4,239.77,10.771428571428572,statistik_tanaman_buah_2024.pdf,133,10.771872853379277
2024,Sabah,Tawau,Tawau,BETIK,BETIK,Papaya,BETIK / Papaya,major,8.2,8.2,164.0,336.2,20.0,statistik_tanaman_buah_2024.pdf,133,19.673169249444186
2024,Sabah,Tawau,Tawau,CEMPEDAK,CEMPEDAK,Cempedak,CEMPEDAK / (Cempedak),major,121.0,94.0,238.2,867.05,2.5340425531914894,statistik_tanaman_buah_2024.pdf,134,2.658851077597514
2024,Sabah,Tawau,Tawau,CIKU,CIKU,Ciku,CIKU / (Ciku),major,0.0,0.0,0.0,0.0,0.0,statistik_tanaman_buah_2024.pdf,134,0.0
2024,Sabah,Tawau,Tawau,DOKONG,DOKONG,Dokong,DOKONG / (Dokong),major,16.3,11.0,28.0,70.28,2.5454545454545454,statistik_tanaman_buah_2024.pdf,135,2.5412884369529056
2024,Sabah,Tawau,Tawau,DUKU,DUKU,Duku,DUKU / (Duku),major,14.0,13.0,48.3,105.78,3.715384615384615,statistik_tanaman_buah_2024.pdf,135,3.821904076442803
2024,Sabah,Tawau,Tawau,DURIAN,DURIAN,Durian,DURIAN / (Durian),major,366.0,178.2,1190.6,24395.39,6.681257014590348,statistik_tanaman_buah_2024.pdf,136,6.6954969500645785
2024,Sabah,Tawau,Tawau,JAMBU_BATU,JAMBU BATU,Guava,JAMBU BATU / Guava,major,20.0,16.5,251.5,933.07,15.242424242424242,statistik_tanaman_buah_2024.pdf,136,15.267281790641364
2024,Sabah,Tawau,Tawau,LANGSAT,LANGSAT,Langsat,LANGSAT / (Langsat),major,72.0,26.2,115.9,471.71,4.423664122137405,statistik_tanaman_buah_2024.pdf,137,4.3720106643058845
2024,Sabah,Tawau,Tawau,LIMAU_BESAR,LIMAU BESAR,Pomelo,LIMAU BESAR / Pomelo,major,15.0,10.0,52.8,310.46,5.279999999999999,statistik_tanaman_buah_2024.pdf,137,5.3169050864030885
2024,Sabah,Tawau,Tawau,LIMAU_MANIS,LIMAU MANIS,Sweet Orange,LIMAU MANIS / Sweet Orange,major,0.0,0.0,0.0,0.0,0.0,statistik_tanaman_buah_2024.pdf,138,0.0
2024,Sabah,Tawau,Tawau,MANGGA,MANGGA,Mango,MANGGA / Mango,major,145.0,137.4,550.0,5093.0,4.002911208151383,statistik_tanaman_buah_2024.pdf,138,3.939365560383998
2024,Sabah,Tawau,Tawau,MANGGIS,MANGGIS,Mangosteen,MANGGIS / Mangosteen,major,55.8,0.0,0.0,0.0,0.0,statistik_tanaman_buah_2024.pdf,139,0.0
2024,Sabah,Tawau,Tawau,MATA_NAGA,MATA NAGA/PITAYA,Dragon Fruit,MATA NAGA/PITAYA / Dragon Fruit,major,0.0,0.0,0.0,0.0,0.0,statistik_tanaman_buah_2024.pdf,139,0.0
2024,Sabah,Tawau,Tawau,NANAS,NANAS,Pineapple,NANAS / Pineapple,major,63.3,52.3,824.8,2375.42,15.77055449330784,statistik_tanaman_buah_2024.pdf,140,16.304482839831874
2024,Sabah,Tawau,Tawau,NANGKA,NANGKA,Jackfruit,NANGKA / Jackfruit,major,52.0,51.0,638.6,1462.39,12.52156862745098,statistik_tanaman_buah_2024.pdf,140,13.298196337324638
2024,Sabah,Tawau,Tawau,PISANG,PISANG,Banana,PISANG / Banana,major,209.0,197.4,2856.0,6426.0,14.46808510638298,statistik_tanaman_buah_2024.pdf,141,14.681335184997952
2024,Sabah,Tawau,Tawau,PULASAN,PULASAN,Pulasan,PULASAN / (Pulasan),major,0.0,0.0,0.0,0.0,0.0,statistik_tanaman_buah_2024.pdf,141,0.0
2024,Sabah,Tawau,Tawau,RAMBUTAN,RAMBUTAN,Rambutan,RAMBUTAN / (Rambutan),major,270.0,157.0,1201.9,3569.64,7.655414012738854,statistik_tanaman_buah_2024.pdf,142,7.5842627250400545
2024,Sabah,Tawau,Tawau,SALAK,SALAK,Salak,SALAK / (Salak),major,53.0,39.6,167.4,468.72,4.227272727272728,statistik_tanaman_buah_2024.pdf,142,4.280381381074167
2024,Sabah,Tawau,Tawau,TEMBIKAI,TEMBIKAI,Watermelon,TEMBIKAI / Watermelon,major,45.4,45.4,854.6,1854.48,18.823788546255507,statistik_tanaman_buah_2024.pdf,143,18.78234973873987
2024,Sabah,Telupid,Telupid,BELIMBING,BELIMBING,Starfruit,BELIMBING / Starfruit,major,0.0,0.0,0.0,0.0,0.0,statistik_tanaman_buah_2024.pdf,133,0.0
2024,Sabah,Telupid,Telupid,BETIK,BETIK,Papaya,BETIK / Papaya,major,0.0,0.0,0.0,0.0,0.0,statistik_tanaman_buah_2024.pdf,133,0.0
2024,Sabah,Telupid,Telupid,CEMPEDAK,CEMPEDAK,Cempedak,CEMPEDAK / (Cempedak),major,3.0,2.7,5.9,21.48,2.185185185185185,statistik_tanaman_buah_2024.pdf,134,2.271689715870693
2024,Sabah,Telupid,Telupid,CIKU,CIKU,Ciku,CIKU / (Ciku),major,0.0,0.0,0.0,0.0,0.0,statistik_tanaman_buah_2024.pdf,134,0.0
2024,Sabah,Telupid,Telupid,DOKONG,DOKONG,Dokong,DOKONG / (Dokong),major,0.0,0.0,0.0,0.0,0.0,statistik_tanaman_buah_2024.pdf,135,0.0
2024,Sabah,Telupid,Telupid,DUKU,DUKU,Duku,DUKU / (Duku),major,3.0,1.0,3.0,6.57,3.0,statistik_tanaman_buah_2024.pdf,135,2.900705294705293
2024,Sabah,Telupid,Telupid,DURIAN,DURIAN,Durian,DURIAN / (Durian),major,57.0,8.0,32.0,655.68,4.0,statistik_tanaman_buah_2024.pdf,136,3.909609796139276
2024,Sabah,Telupid,Telupid,JAMBU_BATU,JAMBU BATU,Guava,JAMBU BATU / Guava,major,0.0,0.0,0.0,0.0,0.0,statistik_tanaman_buah_2024.pdf,136,0.0
2024,Sabah,Telupid,Telupid,LANGSAT,LANGSAT,Langsat,LANGSAT / (Langsat),major,4.0,2.0,9.0,36.63,4.5,statistik_tanaman_buah_2024.pdf,137,4.506755345434294
2024,Sabah,Telupid,Telupid,LIMAU_BESAR,LIMAU BESAR,Pomelo,LIMAU BESAR / Pomelo,major,0.0,0.0,0.0,0.0,0.0,statistik_tanaman_buah_2024.pdf,137,0.0
2024,Sabah,Telupid,Telupid,LIMAU_MANIS,LIMAU MANIS,Sweet Orange,LIMAU MANIS / Sweet Orange,major,0.0,0.0,0.0,0.0,0.0,statistik_tanaman_buah_2024.pdf,138,0.0
2024,Sabah,Telupid,Telupid,MANGGA,MANGGA,Mango,MANGGA / Mango,major,4.0,3.5,7.4,68.52,2.1142857142857143,statistik_tanaman_buah_2024.pdf,138,2.1902556637309116
2024,Sabah,Telupid,Telupid,MANGGIS,MANGGIS,Mangosteen,MANGGIS / Mangosteen,major,0.0,0.0,0.0,0.0,0.0,statistik_tanaman_buah_2024.pdf,139,0.0
2024,Sabah,Telupid,Telupid,MATA_NAGA,MATA NAGA/PITAYA,Dragon Fruit,MATA NAGA/PITAYA / Dragon Fruit,major,0.2,0.2,1.4,7.42,6.999999999999999,statistik_tanaman_buah_2024.pdf,139,6.946999999999998
2024,Sabah,Telupid,Telupid,NANAS,NANAS,Pineapple,NANAS / Pineapple,major,1.9,1.9,6.7,19.3,3.5263157894736845,statistik_tanaman_buah_2024.pdf,140,3.5983716397271253
2024,Sabah,Telupid,Telupid,NANGKA,NANGKA,Jackfruit,NANGKA / Jackfruit,major,2.0,0.6,2.7,6.18,4.500000000000001,statistik_tanaman_buah_2024.pdf,140,4.551728835978835
2024,Sabah,Telupid,Telupid,PISANG,PISANG,Banana,PISANG / Banana,major,25.3,23.0,258.0,580.5,11.217391304347826,statistik_tanaman_buah_2024.pdf,141,11.327782108070814
2024,Sabah,Telupid,Telupid,PULASAN,PULASAN,Pulasan,PULASAN / (Pulasan),major,0.0,0.0,0.0,0.0,0.0,statistik_tanaman_buah_2024.pdf,141,0.0
2024,Sabah,Telupid,Telupid,RAMBUTAN,RAMBUTAN,Rambutan,RAMBUTAN / (Rambutan),major,12.0,8.0,24.0,71.28,3.0,statistik_tanaman_buah_2024.pdf,142,3.0482614673576602
2024,Sabah,Telupid,Telupid,SALAK,SALAK,Salak,SALAK / (Salak),major,0.0,0.0,0.0,0.0,0.0,statistik_tanaman_buah_2024.pdf,142,0.0
2024,Sabah,Telupid,Telupid,TEMBIKAI,TEMBIKAI,Watermelon,TEMBIKAI / Watermelon,major,2.1,2.1,19.7,42.75,9.38095238095238,statistik_tanaman_buah_2024.pdf,143,9.031028117065546
2024,Sabah,Tenom,Tenom,BELIMBING,BELIMBING,Starfruit,BELIMBING / Starfruit,major,2.6,2.6,26.6,84.59,10.230769230769232,statistik_tanaman_buah_2024.pdf,133,9.992599916319302
2024,Sabah,Tenom,Tenom,BETIK,BETIK,Papaya,BETIK / Papaya,major,136.0,133.5,3317.0,6799.85,24.846441947565545,statistik_tanaman_buah_2024.pdf,133,25.78195952215826
2024,Sabah,Tenom,Tenom,CEMPEDAK,CEMPEDAK,Cempedak,CEMPEDAK / (Cempedak),major,4.7,4.3,10.5,38.22,2.441860465116279,statistik_tanaman_buah_2024.pdf,134,2.5334339829357955
2024,Sabah,Tenom,Tenom,CIKU,CIKU,Ciku,CIKU / (Ciku),major,0.0,0.0,0.0,0.0,0.0,statistik_tanaman_buah_2024.pdf,134,0.0
2024,Sabah,Tenom,Tenom,DOKONG,DOKONG,Dokong,DOKONG / (Dokong),major,10.2,6.2,40.0,100.4,6.451612903225806,statistik_tanaman_buah_2024.pdf,135,6.384380666791111
2024,Sabah,Tenom,Tenom,DUKU,DUKU,Duku,DUKU / (Duku),major,3.2,3.2,19.5,42.71,6.09375,statistik_tanaman_buah_2024.pdf,135,6.181011937797531
2024,Sabah,Tenom,Tenom,DURIAN,DURIAN,Durian,DURIAN / (Durian),major,168.0,144.0,912.5,18697.13,6.336805555555555,statistik_tanaman_buah_2024.pdf,136,7.155578186644016
2024,Sabah,Tenom,Tenom,JAMBU_BATU,JAMBU BATU,Guava,JAMBU BATU / Guava,major,52.7,35.6,625.0,2318.75,17.5561797752809,statistik_tanaman_buah_2024.pdf,136,17.41176142617797
2024,Sabah,Tenom,Tenom,LANGSAT,LANGSAT,Langsat,LANGSAT / (Langsat),major,21.2,21.2,150.0,610.5,7.075471698113208,statistik_tanaman_buah_2024.pdf,137,7.184601771830762
2024,Sabah,Tenom,Tenom,LIMAU_BESAR,LIMAU BESAR,Pomelo,LIMAU BESAR / Pomelo,major,459.9,361.0,17783.0,104564.04,49.26038781163435,statistik_tanaman_buah_2024.pdf,137,50.30819385423561
2024,Sabah,Tenom,Tenom,LIMAU_MANIS,LIMAU MANIS,Sweet Orange,LIMAU MANIS / Sweet Orange,major,5.0,4.7,35.5,179.28,7.553191489361702,statistik_tanaman_buah_2024.pdf,138,7.624076677420086
2024,Sabah,Tenom,Tenom,MANGGA,MANGGA,Mango,MANGGA / Mango,major,1.0,1.0,8.3,76.86,8.3,statistik_tanaman_buah_2024.pdf,138,8.169707311207313
2024,Sabah,Tenom,Tenom,MANGGIS,MANGGIS,Mangosteen,MANGGIS / Mangosteen,major,15.0,14.1,80.0,405.6,5.673758865248227,statistik_tanaman_buah_2024.pdf,139,5.764314539683062
2024,Sabah,Tenom,Tenom,MATA_NAGA,MATA NAGA/PITAYA,Dragon Fruit,MATA NAGA/PITAYA / Dragon Fruit,major,0.0,0.0,0.0,0.0,0.0,statistik_tanaman_buah_2024.pdf,139,0.0
2024,Sabah,Tenom,Tenom,NANAS,NANAS,Pineapple,NANAS / Pineapple,major,7.5,4.3,23.5,67.68,5.465116279069767,statistik_tanaman_buah_2024.pdf,140,5.437781385568482
2024,Sabah,Tenom,Tenom,NANGKA,NANGKA,Jackfruit,NANGKA / Jackfruit,major,1.3,0.9,7.0,16.03,7.777777777777778,statistik_tanaman_buah_2024.pdf,140,8.036199254449276
2024,Sabah,Tenom,Tenom,PISANG,PISANG,Banana,PISANG / Banana,major,493.5,408.9,8464.0,19044.0,20.699437515284917,statistik_tanaman_buah_2024.pdf,141,20.23866591616816
2024,Sabah,Tenom,Tenom,PULASAN,PULASAN,Pulasan,PULASAN / (Pulasan),major,0.0,0.0,0.0,0.0,0.0,statistik_tanaman_buah_2024.pdf,141,0.0
2024,Sabah,Tenom,Tenom,RAMBUTAN,RAMBUTAN,Rambutan,RAMBUTAN / (Rambutan),major,3.1,3.1,35.2,104.54,11.35483870967742,statistik_tanaman_buah_2024.pdf,142,11.246453886992112
2024,Sabah,Tenom,Tenom,SALAK,SALAK,Salak,SALAK / (Salak),major,0.0,0.0,0.0,0.0,0.0,statistik_tanaman_buah_2024.pdf,142,0.0
2024,Sabah,Tenom,Tenom,TEMBIKAI,TEMBIKAI,Watermelon,TEMBIKAI / Watermelon,major,0.0,0.0,0.0,0.0,0.0,statistik_tanaman_buah_2024.pdf,143,0.0
2024,Sabah,Tongod,Tongod,BELIMBING,BELIMBING,Starfruit,BELIMBING / Starfruit,major,0.0,0.0,0.0,0.0,0.0,statistik_tanaman_buah_2024.pdf,133,0.0
2024,Sabah,Tongod,Tongod,BETIK,BETIK,Papaya,BETIK / Papaya,major,0.0,0.0,0.0,0.0,0.0,statistik_tanaman_buah_2024.pdf,133,0.0
2024,Sabah,Tongod,Tongod,CEMPEDAK,CEMPEDAK,Cempedak,CEMPEDAK / (Cempedak),major,42.9,25.7,128.5,467.74,5.0,statistik_tanaman_buah_2024.pdf,134,5.167614000038117
2024,Sabah,Tongod,Tongod,CIKU,CIKU,Ciku,CIKU / (Ciku),major,0.0,0.0,0.0,0.0,0.0,statistik_tanaman_buah_2024.pdf,134,0.0
2024,Sabah,Tongod,Tongod,DOKONG,DOKONG,Dokong,DOKONG / (Dokong),major,0.0,0.0,0.0,0.0,0.0,statistik_tanaman_buah_2024.pdf,135,0.0
2024,Sabah,Tongod,Tongod,DUKU,DUKU,Duku,DUKU / (Duku),major,0.0,0.0,0.0,0.0,0.0,statistik_tanaman_buah_2024.pdf,135,0.0
2024,Sabah,Tongod,Tongod,DURIAN,DURIAN,Durian,DURIAN / (Durian),major,260.2,52.0,324.3,6644.91,6.236538461538462,statistik_tanaman_buah_2024.pdf,136,6.419334073645351
2024,Sabah,Tongod,Tongod,JAMBU_BATU,JAMBU BATU,Guava,JAMBU BATU / Guava,major,0.0,0.0,0.0,0.0,0.0,statistik_tanaman_buah_2024.pdf,136,0.0
2024,Sabah,Tongod,Tongod,LANGSAT,LANGSAT,Langsat,LANGSAT / (Langsat),major,44.6,22.0,77.0,313.39,3.5,statistik_tanaman_buah_2024.pdf,137,3.5261959376588874
2024,Sabah,Tongod,Tongod,LIMAU_BESAR,LIMAU BESAR,Pomelo,LIMAU BESAR / Pomelo,major,0.0,0.0,0.0,0.0,0.0,statistik_tanaman_buah_2024.pdf,137,0.0
2024,Sabah,Tongod,Tongod,LIMAU_MANIS,LIMAU MANIS,Sweet Orange,LIMAU MANIS / Sweet Orange,major,0.0,0.0,0.0,0.0,0.0,statistik_tanaman_buah_2024.pdf,138,0.0
2024,Sabah,Tongod,Tongod,MANGGA,MANGGA,Mango,MANGGA / Mango,major,0.0,0.0,0.0,0.0,0.0,statistik_tanaman_buah_2024.pdf,138,0.0
2024,Sabah,Tongod,Tongod,MANGGIS,MANGGIS,Mangosteen,MANGGIS / Mangosteen,major,0.0,0.0,0.0,0.0,0.0,statistik_tanaman_buah_2024.pdf,139,0.0
2024,Sabah,Tongod,Tongod,MATA_NAGA,MATA NAGA/PITAYA,Dragon Fruit,MATA NAGA/PITAYA / Dragon Fruit,major,0.0,0.0,0.0,0.0,0.0,statistik_tanaman_buah_2024.pdf,139,0.0
2024,Sabah,Tongod,Tongod,NANAS,NANAS,Pineapple,NANAS / Pineapple,major,16.0,10.8,25.7,74.02,2.3796296296296293,statistik_tanaman_buah_2024.pdf,140,2.5072450845407888
2024,Sabah,Tongod,Tongod,NANGKA,NANGKA,Jackfruit,NANGKA / Jackfruit,major,0.0,0.0,0.0,0.0,0.0,statistik_tanaman_buah_2024.pdf,140,0.0
2024,Sabah,Tongod,Tongod,PISANG,PISANG,Banana,PISANG / Banana,major,23.0,22.9,120.5,271.13,5.262008733624454,statistik_tanaman_buah_2024.pdf,141,5.347607224347088
2024,Sabah,Tongod,Tongod,PULASAN,PULASAN,Pulasan,PULASAN / (Pulasan),major,0.0,0.0,0.0,0.0,0.0,statistik_tanaman_buah_2024.pdf,141,0.0
2024,Sabah,Tongod,Tongod,RAMBUTAN,RAMBUTAN,Rambutan,RAMBUTAN / (Rambutan),major,70.7,25.0,52.5,155.93,2.1,statistik_tanaman_buah_2024.pdf,142,2.162963205508071
2024,Sabah,Tongod,Tongod,SALAK,SALAK,Salak,SALAK / (Salak),major,0.0,0.0,0.0,0.0,0.0,statistik_tanaman_buah_2024.pdf,142,0.0
2024,Sabah,Tongod,Tongod,TEMBIKAI,TEMBIKAI,Watermelon,TEMBIKAI / Watermelon,major,0.0,0.0,0.0,0.0,0.0,statistik_tanaman_buah_2024.pdf,143,0.0
2024,Sabah,Tuaran,Tuaran,BELIMBING,BELIMBING,Starfruit,BELIMBING / Starfruit,major,1.1,1.1,8.4,26.71,7.636363636363636,statistik_tanaman_buah_2024.pdf,133,7.787638888888903
2024,Sabah,Tuaran,Tuaran,BETIK,BETIK,Papaya,BETIK / Papaya,major,0.8,0.8,13.3,27.27,16.625,statistik_tanaman_buah_2024.pdf,133,16.181792884990262
2024,Sabah,Tuaran,Tuaran,CEMPEDAK,CEMPEDAK,Cempedak,CEMPEDAK / (Cempedak),major,160.7,85.0,833.0,3032.12,9.8,statistik_tanaman_buah_2024.pdf,134,9.880621085150711
2024,Sabah,Tuaran,Tuaran,CIKU,CIKU,Ciku,CIKU / (Ciku),major,0.2,0.1,0.3,1.54,3.0,statistik_tanaman_buah_2024.pdf,134,2.9988888888888887
2024,Sabah,Tuaran,Tuaran,DOKONG,DOKONG,Dokong,DOKONG / (Dokong),major,0.0,0.0,0.0,0.0,0.0,statistik_tanaman_buah_2024.pdf,135,0.0
2024,Sabah,Tuaran,Tuaran,DUKU,DUKU,Duku,DUKU / (Duku),major,0.0,0.0,0.0,0.0,0.0,statistik_tanaman_buah_2024.pdf,135,0.0
2024,Sabah,Tuaran,Tuaran,DURIAN,DURIAN,Durian,DURIAN / (Durian),major,367.9,275.0,1576.0,32292.24,5.7309090909090905,statistik_tanaman_buah_2024.pdf,136,6.268233406520228
2024,Sabah,Tuaran,Tuaran,JAMBU_BATU,JAMBU BATU,Guava,JAMBU BATU / Guava,major,6.8,6.7,66.1,245.23,9.865671641791044,statistik_tanaman_buah_2024.pdf,136,9.843061795414716
2024,Sabah,Tuaran,Tuaran,LANGSAT,LANGSAT,Langsat,LANGSAT / (Langsat),major,182.0,97.0,576.0,2344.32,5.938144329896907,statistik_tanaman_buah_2024.pdf,137,5.953144483013585
2024,Sabah,Tuaran,Tuaran,LIMAU_BESAR,LIMAU BESAR,Pomelo,LIMAU BESAR / Pomelo,major,0.0,0.0,0.0,0.0,0.0,statistik_tanaman_buah_2024.pdf,137,0.0
2024,Sabah,Tuaran,Tuaran,LIMAU_MANIS,LIMAU MANIS,Sweet Orange,LIMAU MANIS / Sweet Orange,major,0.0,0.0,0.0,0.0,0.0,statistik_tanaman_buah_2024.pdf,138,0.0
2024,Sabah,Tuaran,Tuaran,MANGGA,MANGGA,Mango,MANGGA / Mango,major,154.3,131.0,353.0,3268.78,2.6946564885496183,statistik_tanaman_buah_2024.pdf,138,2.6847800662480346
2024,Sabah,Tuaran,Tuaran,MANGGIS,MANGGIS,Mangosteen,MANGGIS / Mangosteen,major,3.4,1.5,13.0,65.91,8.666666666666666,statistik_tanaman_buah_2024.pdf,139,8.664369045823449
2024,Sabah,Tuaran,Tuaran,MATA_NAGA,MATA NAGA/PITAYA,Dragon Fruit,MATA NAGA/PITAYA / Dragon Fruit,major,0.0,0.0,0.0,0.0,0.0,statistik_tanaman_buah_2024.pdf,139,0.0
2024,Sabah,Tuaran,Tuaran,NANAS,NANAS,Pineapple,NANAS / Pineapple,major,346.8,154.0,4315.0,12427.2,28.01948051948052,statistik_tanaman_buah_2024.pdf,140,24.490879637193906
2024,Sabah,Tuaran,Tuaran,NANGKA,NANGKA,Jackfruit,NANGKA / Jackfruit,major,27.2,19.0,165.0,377.85,8.68421052631579,statistik_tanaman_buah_2024.pdf,140,8.212218634377145
2024,Sabah,Tuaran,Tuaran,PISANG,PISANG,Banana,PISANG / Banana,major,180.4,153.8,2047.5,4606.88,13.312743823146944,statistik_tanaman_buah_2024.pdf,141,13.93200041342078
2024,Sabah,Tuaran,Tuaran,PULASAN,PULASAN,Pulasan,PULASAN / (Pulasan),major,0.0,0.0,0.0,0.0,0.0,statistik_tanaman_buah_2024.pdf,141,0.0
2024,Sabah,Tuaran,Tuaran,RAMBUTAN,RAMBUTAN,Rambutan,RAMBUTAN / (Rambutan),major,152.6,124.0,1060.0,3148.2,8.548387096774194,statistik_tanaman_buah_2024.pdf,142,8.744300348580158
2024,Sabah,Tuaran,Tuaran,SALAK,SALAK,Salak,SALAK / (Salak),major,0.0,0.0,0.0,0.0,0.0,statistik_tanaman_buah_2024.pdf,142,0.0
2024,Sabah,Tuaran,Tuaran,TEMBIKAI,TEMBIKAI,Watermelon,TEMBIKAI / Watermelon,major,6.8,6.8,79.5,172.52,11.691176470588236,statistik_tanaman_buah_2024.pdf,143,11.91236004635905
